ID_Transacao,ID_Pedido,Data_Venda,ID_Cliente,Nome_Produto,Categoria_Produto,Valor_Unitario,Quantidade,Localidade_Venda,Metodo_Pagamento,Status_Pedido
TRX0000001,PED000001,2024-07-24,CLI00395,Smartphone X200,Eletronicos,2237.52,4,Rio de Janeiro/RJ/Brasil,Cartao de Credito,Entregue
TRX0000002,PED000002,12/07/2024,CLI00577,Tablet 10,Eletronicos,"R$ 1.359,61",1,Rio de Janeiro/RJ/Brasil,Pix,Cancelado
TRX0000003,PED000003,2024-07-20,CLI00262,Cafeteira Eletrica,casa,"R$ 299,52",1,Rio de Janeiro/RJ/Brasil,Pix,Entregue
TRX0000004,PED000003,20/07/2024,,Liquidificador Potente,Casa,"222,79",1,Rio de Janeiro/RJ/Brasil,Pix,Entregue
TRX0000005,PED000004,27/07/2024,CLI00569,Aspirador Robo,Casa,"1.537,24",1,Campinas/SP/Brasil,Cartao de Credito,Entregue
TRX0000006,PED000004,00/00/0000,CLI00569,Headset Gamer,Acessorios,"R$ 275,00",1,Campinas/SP/Brasil,Cartao de Credito,Entregue
TRX0000007,PED000005,30-07-2024,CLI00577,Luminaria de Mesa,Casa,148.19,1,Rio de Janeiro/RJ/Brasil,Pix,Devolvido
TRX0000008,PED000006,15/07/2024,CLI00006,Notebook Gamer,Eletronicos,"R$ 5.029,18",2,Porto Alegre/RS/Brasil,Pix,entregue
TRX0000009,PED000006,2024-07-15,CLI00006,Mochila para Notebook,Acessorios,184.49,1,Porto Alegre/RS/Brasil,Pix,Entregue
TRX0000010,PED000006,15-07-2024,CLI00006,Calca Jeans Reta,Moda,181.62,1,Porto Alegre/RS/Brasil,Pix,Entregue
TRX0000011,PED000007,24/07/2024,CLI00486,Livro Dados em Acao,Livros,"R$ 89,13",2,Rio de Janeiro/RJ/Brasil,Cartao de Credito,Entregue
TRX0000012,PED000007,2024-07-24,CLI00486,Smart TV 50,eletronicos,2580.55,3,Rio de Janeiro/RJ/Brasil,Cartao de Credito,Entregue
TRX0000013,PED000007,2024-07-24,CLI00486,Garrafa Termica,Esporte,"119,88",1,Rio de Janeiro/RJ/Brasil,Cartao de Credito,Entregue
TRX0000014,PED000007,24-07-2024,CLI00486,Notebook Gamer,Eletronicos,"R$ 5.240,44",1,Rio de Janeiro/RJ/Brasil,Cartao de Credito,Entregue
TRX0000015,PED000008,23/07/2024,CLI00001,Jogo de Panelas,Casa,"417,55",1,Recife/PE/Brasil,Pix,Entregue
TRX0000016,PED000008,2024-07-23,CLI00001,Carregador Turbo,Acessorios,106.08,1,Recife/PE/Brasil,Pix,Entregue
TRX0000017,PED000009,2024-07-09,CLI00527,Mochila para Notebook,Acessórios,"193,01",2,Curitiba/PR/Brasil,Pix,Entregue
TRX0000018,PED000009,2024-07-09,CLI00527,Halteres 10kg,Esporte,182.19,1,Curitiba/PR/Brasil,Pix,Entregue
TRX0000019,PED000009,2024-07-09,CLI00527,Capa para Smartphone,Acessorios,49.13,1,Curitiba/PR/Brasil,Pix,Entregue
TRX0000020,PED000010,22/07/2024,CLI00119,Hub USB-C,Acessorios,125.56,2,Niteroi/RJ/Brasil,Pix,Cancelado
TRX0000021,PED000010,22/07/2024,CLI00119,Capa para Smartphone,Acessorios,52.84,3,Niteroi/RJ/Brasil,Pix,Cancelado
TRX0000022,PED000011,28/07/2024,CLI00443,Luminaria de Mesa,Casa,"R$ 145,60",1,Curitiba/PR/Brasil,Pix,Entregue
TRX0000023,PED000011,2024-07-28,CLI00443,Jaqueta Corta Vento,Moda,"258,89",1,Curitiba/PR/Brasil,Pix,entregue
TRX0000024,PED000012,28-07-2024,CLI00569,Smartphone X200,Eletronicos,2152.68,1,Campinas/SP/Brasil,Pix,Entregue
TRX0000025,PED000013,15/07/2024,CLI00569,Mouse Sem Fio,Acessorios,94.52,1,Campinas/SP/Brasil,Cartao de Credito,Entregue
TRX0000026,PED000014,2024-07-27,,Vestido Midi,Moda,"217,22",3,Rio de Janeiro/RJ/Brasil,Cartao de Debito,PROCESSANDO
TRX0000027,PED000015,2024-07-22,CLI00293,Calca Jeans Reta,Moda,"R$ 189,45",1,Florianopolis/SC/Brasil,Cartao de Credito,Entregue
TRX0000028,PED000016,2024-07-27,CLI00452,Teclado Mecanico,Acessorios,"R$ 364,38",1,Recife/PE/Brasil,Cartao de Credito,Entregue
TRX0000029,PED000016,2024-07-27,CLI00452,Notebook Gamer,Eletronicos,"R$ 5.024,93",1,Recife/PE/Brasil,Cartao de Credito,Entregue
TRX0000030,PED000016,27/07/2024,CLI00452,Livro Dados em Acao,livros,"R$ 86,25",1,Recife/PE/Brasil,Cartao de Credito,Entregue
TRX0000031,PED000017,2024-07-21,CLI00417,Headset Gamer,Acessorios,"257,34",1,Sao Paulo/SP/Brasil,Pix,Entregue
TRX0000032,PED000017,21/07/2024,CLI00417,Mochila para Notebook,Acessorios,"R$ 177,22",1,Sao Paulo/SP/Brasil,Pix,Entregue
TRX0000033,PED000017,2024-07-21,CLI00417,Livro Historia do Brasil,Livros,72.03,-2,Sao Paulo/SP/Brasil,Pix,entregue
TRX0000034,PED000017,21/07/2024,CLI00417,Garrafa Termica,Esporte,"R$ 114,05",2,Sao Paulo/SP/Brasil,Pix,Entregue
TRX0000035,PED000018,2024-07-14,CLI00511,Jaqueta Corta Vento,Moda,"R$ 283,36",1,Campinas/SP/Brasil,Pix,Entregue
TRX0000036,PED000019,05/07/2024,CLI00207,Vestido Midi,Moda,"R$ 221,73",1,Recife/PE/Brasil,Cartao de Credito,Entregue
TRX0000037,PED000020,2024-07-11,CLI00210,Smart TV 50,Eletronicos,"2.552,48",2,Sao Paulo/SP/Brasil,Cartao de Credito,Entregue
TRX0000038,PED000020,11-07-2024,CLI00210,Livro Historia do Brasil,Livros,"72,58",2,Sao Paulo/SP/Brasil,Cartao de Credito,Entregue
TRX0000039,PED000020,11/07/2024,CLI00210,Capa para Smartphone,Acessorios,47.59,1,Sao Paulo/SP/Brasil,Cartao de Credito,Entregue
TRX0000040,PED000020,11/07/2024,CLI00210,Notebook Gamer,Eletronicos,5046.28,1,Sao Paulo/SP/Brasil,Cartao de Credito,Entregue
TRX0000041,PED000021,2024-07-14,CLI00577,Teclado Mecanico,acessorios,"R$ 339,67",1,Rio de Janeiro/RJ/Brasil,Pix,Entregue
TRX0000042,PED000022,31/07/2024,CLI00200,Carregador Turbo,Acessorios,102.25,1,Sao Paulo/SP/Brasil,Pix,Entregue
TRX0000043,PED000022,2024-07-31,CLI00200,Tenis Corrida Leve,Esporte,"R$ 319,03",1,Sao Paulo/SP/Brasil,Pix,Entregue
TRX0000044,PED000022,2024-07-31,CLI00200,Halteres 10kg,Esporte,"R$ 195,90",1,Sao Paulo/SP/Brasil,Pix,Entregue
TRX0000045,PED000022,31/07/2024,CLI00200,Luminaria de Mesa,Casa,"R$ 133,84",1,Sao Paulo/SP/Brasil,Pix,Entregue
TRX0000046,PED000023,2024-07-09,CLI00386,Aspirador Robo,Casa,1527.62,1,Sao Paulo/SP/Brasil,Cartao de Debito,Entregue
TRX0000047,PED000024,2024-07-21,CLI00170,Vestido Midi,Moda,"228,17",1,Belo Horizonte/MG/Brasil,Pix,Entregue
TRX0000048,PED000025,04/07/2024,CLI00577,Calca Jeans Reta,Moda,"R$ 183,94",1,Rio de Janeiro/RJ/Brasil,Cartao de Credito,Entregue
TRX0000049,PED000026,2024-07-09,CLI00202,Tenis Corrida Leve,Esporte,"R$ 314,08",4,Recife/PE/Brasil,Cartao de Credito,Entregue
TRX0000050,PED000026,2024-07-09,CLI00202,Garrafa Termica,Esporte,"121,06",1,Recife/PE/Brasil,Cartao de Credito,Entregue
TRX0000051,PED000026,2024-07-09,CLI00202,Camisa Social Slim,Moda,"R$ 169,43",1,Recife/PE/Brasil,Cartao de Credito,Entregue
TRX0000052,PED000027,2024-07-12,CLI00577,Garrafa Termica,ESPORTE,"R$ 125,61",1,Rio de Janeiro/RJ/Brasil,Cartao de Debito,Enviado
TRX0000053,PED000028,2024-07-08,CLI00452,Notebook Ultrafino,Eletronicos,"R$ 3.316,53",1,Recife/PE/Brasil,Cartao de Credito,Entregue
TRX0000054,PED000028,2024-07-08,CLI00452,Mouse Sem Fio,ACESSORIOS,"86,41",1,Recife/PE/Brasil,Cartao de Credito,Entregue
TRX0000055,PED000028,2024-07-08,CLI00452,Teclado Mecanico,Acessorios,"343,70",2,Recife/PE/Brasil,Cartao de Credito,Entregue
TRX0000056,PED000028,08/07/2024,CLI00452,Mochila para Notebook,Acessorios,184.90,1,Recife/PE/Brasil,Cartao de Credito,Entregue
TRX0000057,PED000029,04/07/2024,CLI00065,Tapete de Yoga,Esporte,143.15,1,Rio de Janeiro/RJ/Brasil,Pix,Entregue
TRX0000058,PED000029,2024-07-04,CLI00065,Teclado Mecanico,Acessorios,"R$ 332,29",-2,Rio de Janeiro/RJ/Brasil,Pix,Entregue
TRX0000059,PED000030,2024-07-20,CLI00486,Camisa Social Slim,Moda,"R$ 168,42",2,Rio de Janeiro/RJ/Brasil,Pix,Entregue
TRX0000060,PED000031,16-07-2024,CLI00202,Livro Historia do Brasil,Livros,"R$ 71,93",1,Recife/PE/Brasil,Cartao de Credito,Entregue
TRX0000061,PED000032,2024-07-11,CLI00502,Cafeteira Eletrica,Casa,"301,63",2,Belo Horizonte/MG/Brasil,Cartao de Debito,Processando
TRX0000062,PED000033,2024-07-12,CLI00117,Tapete de Yoga,Esporte,"153,62",1,Curitiba/PR/Brasil,Cartao de Credito,Entregue
TRX0000063,PED000034,28-07-2024,CLI00293,Camisa Social Slim,Moda,162.93,1,Florianopolis/SC/Brasil,Pix,Entregue
TRX0000064,PED000034,2024-07-28,CLI00293,Camiseta Dry Fit,Esporte,"78,20",1,Florianopolis/SC/Brasil,Pix,Em analise
TRX0000065,PED000034,2024-07-28,CLI00293,Carregador Turbo,Acessorios,"R$ 101,92",1,Florianopolis/SC/Brasil,Pix,Entregue
TRX0000066,PED000035,2024-07-27,CLI00497,Mochila para Notebook,Acessorios,"R$ 184,07",1,Rio de Janeiro/RJ/Brasil,Boleto,Enviado
TRX0000067,PED000036,2024-07-11,CLI00117,Halteres 10kg,esporte,"183,81",1,Curitiba/PR/Brasil,Pix,Entregue
TRX0000068,PED000037,2024-07-07,CLI00417,Mochila para Notebook,Acessorios,185.62,1,Sao Paulo/SP/Brasil,Cartao de Credito,Entregue
TRX0000069,PED000038,2024-07-17,CLI00140,Cafeteira Eletrica,Casa,2443.40,1,Rio de Janeiro/RJ/Brasil,Pix,Entregue
TRX0000070,PED000039,15-07-2024,CLI00341,Capa para Smartphone,Acessórios,48.45,1,Sao Paulo/SP/Brasil,Pix,Enviado
TRX0000071,PED000039,15/07/2024,CLI00341,Mouse Sem Fio,Acessorios,"R$ 88,62",-1,Sao Paulo/SP/Brasil,Pix,enviado
TRX0000072,PED000039,15-07-2024,CLI00341,Jogo de Panelas,Casa,428.07,1,Sao Paulo/SP/Brasil,Pix,Enviado
TRX0000073,PED000039,2024-07-15,CLI00341,Camisa Social Slim,Moda,"156,82",1,Sao Paulo/SP/Brasil,Pix,Enviado
TRX0000074,PED000039,15/07/2024,CLI00341,Camiseta Dry Fit,Esporte,"76,56",1,Sao Paulo/SP/Brasil,Pix,Enviado
TRX0000075,PED000040,22/07/2024,CLI00077,,Casa,"R$ 407,54",1,Niteroi/RJ/Brasil,Pix,Entregue
TRX0000076,PED000041,15-07-2024,CLI00066,Tapete de Yoga,Esporte,160.27,1,Curitiba/PR/Brasil,Pix,Entregue
TRX0000077,PED000042,2024-07-09,CLI00511,Cafeteira Eletrica,casa,297.66,1,Campinas/SP/Brasil,Pix,Entregue
TRX0000078,PED000042,09/07/2024,CLI00511,Liquidificador Potente,Casa,215.37,1,Campinas/SP/Brasil,Pix,Entregue
TRX0000079,PED000043,2024-07-03,CLI00262,Livro Dados em Acao,Livros,,1,Rio de Janeiro/RJ/Brasil,Pix,Entregue
TRX0000080,PED000043,2024-07-03,CLI00262,Liquidificador Potente,casa,"R$ 235,54",1,Rio de Janeiro/RJ/Brasil,Pix,Entregue
TRX0000081,PED000044,19/07/2024,CLI00443,Tablet 10,Eletronicos,"R$ 1.272,16",1,Curitiba/PR/Brasil,Cartao de Debito,Entregue
TRX0000082,PED000044,19/07/2024,CLI00443,Calca Jeans Reta,Moda,"R$ 203,35",2,Curitiba/PR/Brasil,Cartao de Debito,Entregue
TRX0000083,PED000044,,CLI00443,Headset Gamer,Acessorios,277.62,3,Curitiba/PR/Brasil,Cartao de Debito,Entregue
TRX0000084,PED000045,27/07/2024,CLI00497,Capa para Smartphone,Acessorios,53.36,1,Rio de Janeiro/RJ/Brasil,Pix,Entregue
TRX0000085,PED000046,2024-07-15,CLI00577,Livro Historia do Brasil,Livros,67.57,2,Rio de Janeiro/RJ/Brasil,Cartao de Credito,Entregue
TRX0000086,PED000046,2024-07-15,CLI00577,Notebook Gamer,eletronicos,"R$ 4.779,19",1,Rio de Janeiro/RJ/Brasil,Cartao de Credito,Entregue
TRX0000087,PED000047,29-07-2024,CLI00096,Garrafa Termica,Esporte,"113,93",1,Campinas/SP/Brasil,Cartao de Credito,Entregue
TRX0000088,PED000048,2024-07-08,CLI00577,Camisa Social Slim,moda,157.80,1,Rio de Janeiro/RJ/Brasil,Cartao de Credito,Entregue
TRX0000089,PED000048,2024-07-08,CLI00577,Vestido Midi,MODA,220.95,1,Rio de Janeiro/RJ/Brasil,Cartao de Credito,ENTREGUE
TRX0000090,PED000049,05/07/2024,CLI00577,Garrafa Termica,Esporte,"120,22",1,Rio de Janeiro/RJ/Brasil,Pix,Entregue
TRX0000091,PED000049,05/07/2024,CLI00577,Livro SQL Essencial,Livros,79.50,2,Rio de Janeiro/RJ/Brasil,Pix,Entregue
TRX0000092,PED000050,28/07/2024,CLI00576,Jogo de Panelas,Casa,"385,88",2,Curitiba/PR/Brasil,Cartao de Credito,Entregue
TRX0000093,PED000051,29-07-2024,CLI00115,Hub USB-C,Acessorios,"R$ 131,22",2,Porto Alegre/RS/Brasil,Pix,Entregue
TRX0007154,PED003784,2026-04-13,CLI00026,Vestido Midi,Moda,"R$ 233,78",1,Brasilia/DF/Brasil,Cartao de Credito,Entregue
TRX0000094,PED000051,2024-07-29,CLI00115,Aspirador Robo,Casa,"R$ 1.682,50",2,Porto Alegre/RS/Brasil,Pix,Entregue
TRX0000095,PED000052,19/07/2024,CLI00249,Livro Historia do Brasil,Livros,"R$ 71,01",1,Rio de Janeiro/RJ/Brasil,Pix,ENTREGUE
TRX0000096,PED000053,09-07-2024,CLI00577,Camiseta Dry Fit,Esporte,"76,44",1,Rio de Janeiro/RJ/Brasil,Cartao de Credito,Entregue
TRX0000097,PED000054,07/07/2024,CLI00346,Notebook Ultrafino,Eletrônicos,"R$ 3.425,45",1,Santos/SP/Brasil,Cartao de Credito,Entregue
TRX0000098,PED000054,2024-07-07,CLI00346,Hub USB-C,Acessorios,123.46,1,Santos/SP/Brasil,Cartao de Credito,Entregue
TRX0000099,PED000055,16/07/2024,CLI00569,Halteres 10kg,Esporte,189.41,1,Campinas/SP/Brasil,Cartao de Credito,Entregue
TRX0000100,PED000056,21/07/2024,CLI00577,Tapete de Yoga,esporte,"R$ 158,09",1,Rio de Janeiro/RJ/Brasil,Cartao de Debito,Entregue
TRX0000101,PED000056,2024-07-21,CLI00577,Halteres 10kg,Esporte,"R$ 180,43",1,Rio de Janeiro/RJ/Brasil,Cartao de Debito,Entregue
TRX0000102,PED000056,2024-07-21,CLI00577,Cafeteira Eletrica,CASA,304.32,1,Rio de Janeiro/RJ/Brasil,Cartao de Debito,Entregue
TRX0000103,PED000056,2024-07-21,CLI00577,Garrafa Termica,Esporte,"R$ 122,03",1,Rio de Janeiro/RJ/Brasil,Cartao de Debito,Entregue
TRX0000104,PED000057,2024-07-25,CLI00577,Halteres 10kg,Esporte,"R$ 190,74",1,Rio de Janeiro/RJ/Brasil,Cartao de Credito,Entregue
TRX0000105,PED000058,24/07/2024,CLI00207,Calca Jeans Reta,Moda,193.86,3,Recife/PE/Brasil,Cartao de Credito,Entregue
TRX0000106,PED000059,29-07-2024,CLI00117,Luminaria de Mesa,Casa,"148,10",2,Curitiba/PR/Brasil,Cartao de Credito,Entregue
TRX0000107,PED000060,2024-07-13,CLI00486,Vestido Midi,Moda,235.30,1,Rio de Janeiro/RJ/Brasil,Cartao de Credito,Entregue
TRX0000108,PED000061,2024-07-14,CLI00262,Aspirador Robo,Casa,"R$ 1.704,44",1,Rio de Janeiro/RJ/Brasil,Boleto,ENTREGUE
TRX0000109,PED000061,14/07/2024,CLI00262,Luminaria de Mesa,Casa,134.92,1,Rio de Janeiro/RJ/Brasil,Boleto,ENTREGUE
TRX0000110,PED000062,2024-07-12,CLI00293,Camiseta Dry Fit,Esporte,"R$ 78,33",2,Florianopolis/SC/Brasil,Pix,Entregue
TRX0000111,PED000063,2024-07-29,CLI00001,Jogo de Panelas,Casa,"R$ 396,99",1,Recife/PE/Brasil,Cartao de Credito,Entregue
TRX0000112,PED000063,2024-07-29,CLI00001,Tapete de Yoga,Esporte,152.80,1,Recife/PE/Brasil,Cartao de Credito,Entregue
TRX0000113,PED000064,2024-07-12,CLI00502,Jogo de Panelas,Casa,"R$ 410,04",1,Belo Horizonte/MG/Brasil,Cartao de Credito,Entregue
TRX0000114,PED000064,2024-07-12,CLI00502,Cafeteira Eletrica,casa,284.85,2,Belo Horizonte/MG/Brasil,Cartao de Credito,Entregue
TRX0000115,PED000065,2024-07-27,CLI00303,Halteres 10kg,ESPORTE,181.09,1,Goiania/GO/Brasil,Cartao de Credito,DEVOLVIDO
TRX0000116,PED000065,27-07-2024,CLI00303,Livro Historia do Brasil,livros,74.67,2,Goiania/GO/Brasil,Cartao de Credito,Devolvido
TRX0000117,PED000066,16/07/2024,CLI00140,Livro SQL Essencial,Livros,78.28,1,Rio de Janeiro/RJ/Brasil,Boleto,Entregue
TRX0000118,PED000067,2024-07-19,CLI00119,Jaqueta Corta Vento,Moda,266.29,3,Niteroi/RJ/Brasil,Cartao de Debito,Entregue
TRX0000119,PED000067,2024-07-19,CLI00119,Jogo de Panelas,Casa,"R$ 398,27",1,Niteroi/RJ/Brasil,Cartao de Debito,Entregue
TRX0000120,PED000068,2024-07-08,CLI00138,Carregador Turbo,Acessorios,103.67,1,Salvador/BA/Brasil,Boleto,Entregue
TRX0000121,PED000068,2024-07-08,CLI00138,Tablet 10,Eletronicos,"1.294,94",1,Salvador/BA/Brasil,Boleto,Entregue
TRX0000122,PED000069,2024-07-04,CLI00207,Camiseta Dry Fit,Esporte,,1,Recife/PE/Brasil,Cartao de Credito,entregue
TRX0000123,PED000070,29/07/2024,CLI00138,Cafeteira Eletrica,Casa,"R$ 2.362,69",1,Salvador/BA/Brasil,Boleto,Entregue
TRX0000124,PED000071,2024-07-08,CLI00065,Notebook Gamer,ELETRONICOS,"5.181,74",1,Rio de Janeiro/RJ/Brasil,Cartao de Debito,Entregue
TRX0000125,PED000071,08/07/2024,CLI00065,Mouse Sem Fio,Acessorios,88.08,1,Rio de Janeiro/RJ/Brasil,Cartao de Debito,Entregue
TRX0000126,PED000071,08/07/2024,CLI00065,Mochila para Notebook,Acessorios,178.81,1,Rio de Janeiro/RJ/Brasil,Cartao de Debito,Entregue
TRX0000127,PED000072,2024-07-10,CLI00112,Halteres 10kg,esporte,183.78,1,Fortaleza/CE/Brasil,Pix,Entregue
TRX0000128,PED000073,2024-07-23,CLI00486,Livro SQL Essencial,Livros,"R$ 82,54",1,Rio de Janeiro/RJ/Brasil,Pix,ENTREGUE
TRX0000129,PED000074,19-07-2024,CLI00502,Tapete de Yoga,Esporte,"143,66",3,Belo Horizonte/MG/Brasil,Boleto,Cancelado
TRX0000130,PED000075,2024-07-25,CLI00577,,Livros,"R$ 75,51",1,Rio de Janeiro/RJ/Brasil,Pix,Entregue
TRX0000131,PED000075,2024-07-25,CLI00577,Jaqueta Corta Vento,moda,"284,41",1,Rio de Janeiro/RJ/Brasil,Pix,Entregue
TRX0000132,PED000076,2024-07-04,CLI00065,Smartphone X200,Eletronicos,2094.96,2,Rio de Janeiro/RJ/Brasil,Pix,Entregue
TRX0000133,PED000076,2024-07-04,CLI00065,Carregador Turbo,Acessorios,104.66,1,Rio de Janeiro/RJ/Brasil,Pix,Entregue
TRX0000134,PED000077,2024-07-15,CLI00577,Tapete de Yoga,Esporte,"R$ 143,36",1,Rio de Janeiro/RJ/Brasil,Boleto,Entregue
TRX0000135,PED000077,15-07-2024,CLI00577,Halteres 10kg,Esporte,182.83,1,Rio de Janeiro/RJ/Brasil,Boleto,Entregue
TRX0000136,PED000077,2024-07-15,CLI00577,Tablet 10,Eletronicos,1339.75,1,Rio de Janeiro/RJ/Brasil,Boleto,Entregue
TRX0000137,PED000077,2024-07-15,CLI00577,Garrafa Termica,ESPORTE,"128,35",3,Rio de Janeiro/RJ/Brasil,Boleto,entregue
TRX0000138,PED000078,22-07-2024,CLI00293,Smartphone X200,Eletronicos,"R$ 2.144,06",1,Florianopolis/SC/Brasil,Pix,entregue
TRX0000139,PED000078,2024-07-22,CLI00293,Carregador Turbo,Acessorios,96.95,1,Florianopolis/SC/Brasil,Pix,Entregue
TRX0000140,PED000079,2024-07-13,CLI00181,Garrafa Termica,Esporte,"R$ 114,62",3,Curitiba/PR/Brasil,Cartao de Debito,Entregue
TRX0000141,PED000079,2024-07-13,CLI00181,Vestido Midi,moda,208.95,2,Curitiba/PR/Brasil,Cartao de Debito,Entregue
TRX0000142,PED000080,25/07/2024,CLI00486,Teclado Mecanico,Acessorios,"345,35",1,Rio de Janeiro/RJ/Brasil,Cartao de Credito,Entregue
TRX0000143,PED000080,2024-07-25,CLI00486,Jogo de Panelas,Casa,388.63,1,Rio de Janeiro/RJ/Brasil,Cartao de Credito,Entregue
TRX0000144,PED000080,2024-07-25,CLI00486,Livro Historia do Brasil,Livros,70.37,1,Rio de Janeiro/RJ/Brasil,Cartao de Credito,Entregue
TRX0000145,PED000081,29-07-2024,CLI00497,Halteres 10kg,Esporte,"R$ 181,71",1,Rio de Janeiro/RJ/Brasil,Cartao de Credito,Entregue
TRX0000146,PED000081,2024-07-29,,Notebook Ultrafino,Eletrônicos,3565.42,1,Rio de Janeiro/RJ/Brasil,Cartao de Credito,Entregue
TRX0000147,PED000082,26/07/2024,CLI00292,Hub USB-C,Acessorios,"R$ 131,58",1,Uberlandia/MG/Brasil,Pix,Entregue
TRX0000148,PED000082,26/07/2024,CLI00292,Notebook Gamer,Eletronicos,4652.22,2,Uberlandia/MG/Brasil,Pix,Entregue
TRX0000149,PED000083,2024-07-09,CLI00386,Camisa Social Slim,Moda,170.45,1,Sao Paulo/SP/Brasil,Pix,Entregue
TRX0000150,PED000084,25/07/2024,CLI00120,Liquidificador Potente,casa,"R$ 236,49",1,Belo Horizonte/MG/Brasil,Cartao de Credito,Entregue
TRX0000151,PED000084,25-07-2024,CLI00120,Calca Jeans Reta,Moda,179.66,1,Belo Horizonte/MG/Brasil,Cartao de Credito,Entregue
TRX0000152,PED000085,2024-07-05,CLI00009,Teclado Mecanico,Acessorios,"361,37",1,Goiania/GO/Brasil,Cartao de Credito,Entregue
TRX0000153,PED000085,2024-07-05,CLI00009,Camiseta Dry Fit,Esporte,"R$ 77,07",1,Goiania/GO/Brasil,Cartao de Credito,Entregue
TRX0000154,PED000085,05-07-2024,CLI00009,Livro Dados em Acao,Livros,"R$ 95,52",1,Goiania/GO/Brasil,Cartao de Credito,Entregue
TRX0000155,PED000086,2024-07-02,CLI00102,Hub USB-C,acessorios,129.06,4,Salvador/BA/Brasil,Cartao de Credito,Cancelado
TRX0000156,PED000086,02/07/2024,CLI00102,Teclado Mecanico,Acessorios,"1,2,3",1,Salvador/BA/Brasil,Cartao de Credito,Cancelado
TRX0000157,PED000087,2024-07-18,CLI00269,Halteres 10kg,Esporte,198.73,2,Campinas/SP/Brasil,Boleto,Entregue
TRX0000158,PED000088,2024-07-18,CLI00234,Mochila para Notebook,Acessorios,185.75,2,Florianopolis/SC/Brasil,Pix,Entregue
TRX0000159,PED000089,2024-07-27,CLI00497,Camiseta Dry Fit,ESPORTE,"82,83",1,Rio de Janeiro/RJ/Brasil,Pix,Entregue
TRX0000160,PED000090,2024-07-04,CLI00205,Livro Historia do Brasil,Livros,"74,93",1,Santos/SP/Brasil,Pix,Entregue
TRX0000161,PED000091,01/07/2024,CLI00137,Notebook Gamer,Eletronicos,"R$ 5.008,57",1,Brasilia/DF/Brasil,Pix,Entregue
TRX0000162,PED000091,2024-07-01,CLI00137,Mouse Sem Fio,Acessorios,"R$ 88,43",1,Brasilia/DF/Brasil,Pix,Entregue
TRX0000163,PED000092,2024-07-07,CLI00006,Calca Jeans Reta,Moda,"R$ 185,57",1,Porto Alegre/RS/Brasil,Pix,Entregue
TRX0000164,PED000092,,CLI00006,Monitor 27,Eletronicos,"R$ 1.207,01",1,Porto Alegre/RS/Brasil,Pix,Entregue
TRX0006441,PED003405,2026-02-23,CLI00343,Hub USB-C,Acessorios,"R$ 138,71",2,Salvador/BA/Brasil,Boleto,ENTREGUE
TRX0000165,PED000093,2024-07-31,CLI00205,Camiseta Dry Fit,Esporte,"76,35",1,Santos/SP/Brasil,Cartao de Credito,Entregue
TRX0000166,PED000094,10/07/2024,CLI00577,Mouse Sem Fio,Acessorios,"89,62",2,Rio de Janeiro/RJ/Brasil,Cartao de Credito,Entregue
TRX0000167,PED000094,2024-07-10,CLI00577,Capa para Smartphone,Acessorios,49.50,1,Rio de Janeiro/RJ/Brasil,Cartao de Credito,Entregue
TRX0000168,PED000095,2024-07-18,CLI00538,Smart TV 50,Eletronicos,"2.689,68",2,Sao Paulo/SP/Brasil,Pix,Entregue
TRX0000169,PED000095,2024-07-18,CLI00538,Monitor 27,eletronicos,"R$ 1.123,88",1,Sao Paulo/SP/Brasil,Pix,Entregue
TRX0000170,PED000095,2024-07-18,CLI00538,Livro Dados em Acao,Livros,"88,47",1,Sao Paulo/SP/Brasil,Pix,Entregue
TRX0000171,PED000095,2024-07-18,CLI00538,Hub USB-C,Acessorios,"133,18",2,Sao Paulo/SP/Brasil,Pix,Entregue
TRX0000172,PED000096,19/07/2024,CLI00338,Teclado Mecanico,Acessorios,"R$ 375,10",1,Belo Horizonte/MG/Brasil,Cartao de Debito,Entregue
TRX0000173,PED000097,24/07/2024,CLI00428,Mouse Sem Fio,ACESSORIOS,"R$ 93,38",1,Recife/PE/Brasil,Cartao de Credito,Entregue
TRX0000174,PED000097,24-07-2024,CLI00428,Carregador Turbo,Acessorios,103.73,1,Recife/PE/Brasil,Cartao de Credito,Entregue
TRX0000175,PED000098,18/07/2024,CLI00603,Teclado Mecanico,Acessorios,"346,56",3,Salvador/BA/Brasil,Boleto,entregue
TRX0000176,PED000098,18/07/2024,CLI00603,Monitor 27,Eletronicos,"1.141,80",3,Salvador/BA/Brasil,Boleto,Entregue
TRX0000177,PED000098,18/07/2024,CLI00603,Liquidificador Potente,Casa,"R$ 228,96",2,Salvador/BA/Brasil,Boleto,Entregue
TRX0000178,PED000099,2024-07-18,CLI00038,Smart TV 50,Eletronicos,"2.584,06",1,Campinas/SP/Brasil,Cartao de Credito,Entregue
TRX0000179,PED000100,31-07-2024,CLI00346,Livro Historia do Brasil,Livros,"R$ 68,81",1,Santos/SP/Brasil,Cartao de Debito,Entregue
TRX0000180,PED000101,2024-07-24,CLI00207,Carregador Turbo,Acessorios,"96,68",4,Recife/PE/Brasil,Cartao de Credito,Entregue
TRX0000181,PED000101,24/07/2024,CLI00207,Vestido Midi,Moda,"R$ 229,84",2,Recife/PE/Brasil,Cartao de Credito,Entregue
TRX0000182,PED000102,2024-07-26,CLI00210,Mochila para Notebook,Acessorios,"R$ 190,34",1,Sao Paulo/SP/Brasil,Cartao de Credito,Cancelado
TRX0000183,PED000102,2024-07-26,CLI00210,Smartphone X200,Eletronicos,2317.96,1,Sao Paulo/SP/Brasil,Cartao de Credito,CANCELADO
TRX0000184,PED000102,26/07/2024,CLI00210,Cafeteira Eletrica,Casa,"275,87",2,Sao Paulo/SP/Brasil,Cartao de Credito,Cancelado
TRX0000185,PED000102,2024-07-26,CLI00210,Liquidificador Potente,Casa,"230,17",1,Sao Paulo/SP/Brasil,Cartao de Credito,CANCELADO
TRX0000186,PED000102,2024-07-26,CLI00210,Livro SQL Essencial,Livros,84.29,1,Sao Paulo/SP/Brasil,Cartao de Credito,Cancelado
TRX0000187,PED000103,,CLI00577,Jaqueta Corta Vento,moda,"R$ 277,13",1,Rio de Janeiro/RJ/Brasil,Boleto,Entregue
TRX0000188,PED000103,09-07-2024,CLI00577,Livro SQL Essencial,Livros,"R$ 80,43",1,Rio de Janeiro/RJ/Brasil,Boleto,Entregue
TRX0000189,PED000104,2024-07-02,CLI00119,Monitor 27,Eletronicos,1236.54,2,Niteroi/RJ/Brasil,Pix,Entregue
TRX0000190,PED000104,2024-07-02,CLI00119,Capa para Smartphone,Acessorios,49.80,1,Niteroi/RJ/Brasil,Pix,Entregue
TRX0000191,PED000105,01-07-2024,CLI00486,Luminaria de Mesa,Casa,,1,Rio de Janeiro/RJ/Brasil,Cartao de Credito,Entregue
TRX0000192,PED000105,01/07/2024,CLI00486,Mochila para Notebook,Acessorios,189.49,1,Rio de Janeiro/RJ/Brasil,Cartao de Credito,Entregue
TRX0000193,PED000106,30-07-2024,CLI00303,Livro Historia do Brasil,Livros,67.13,1,Goiania/GO/Brasil,Cartao de Credito,Entregue
TRX0000194,PED000107,30-07-2024,CLI00096,Mochila para Notebook,Acessorios,,2,Campinas/SP/Brasil,Pix,Entregue
TRX0000195,PED000107,30/07/2024,CLI00096,Teclado Mecanico,Acessorios,"R$ 373,35",1,Campinas/SP/Brasil,Pix,Entregue
TRX0000196,PED000107,2024-07-30,,Halteres 10kg,esporte,181.48,1,Campinas/SP/Brasil,Pix,Entregue
TRX0000197,PED000108,15/07/2024,CLI00205,Smart TV 50,Eletronicos,"R$ 2.618,10",1,Santos/SP/Brasil,Cartao de Credito,Entregue
TRX0000198,PED000109,2024-07-05,CLI00117,Tapete de Yoga,Esporte,159.26,2,Curitiba/PR/Brasil,Pix,Entregue
TRX0000199,PED000109,2024-07-05,CLI00117,Jogo de Panelas,Casa,"408,81",2,Curitiba/PR/Brasil,Pix,Entregue
TRX0000200,PED000109,2024-07-05,CLI00117,Halteres 10kg,Esporte,"R$ 186,51",1,Curitiba/PR/Brasil,Pix,entregue
TRX0000201,PED000110,03-07-2024,CLI00577,Liquidificador Potente,Casa,225.15,1,Rio de Janeiro/RJ/Brasil,Cartao de Credito,Cancelado
TRX0000202,PED000110,2024-07-03,CLI00577,Smart TV 50,eletronicos,"R$ 2.636,14",1,Rio de Janeiro/RJ/Brasil,Cartao de Credito,Cancelado
TRX0000203,PED000110,2024-07-03,CLI00577,Jogo de Panelas,Casa,409.94,1,Rio de Janeiro/RJ/Brasil,Cartao de Credito,cancelado
TRX0000204,PED000111,2024-07-17,CLI00068,Smartphone X200,Eletronicos,"2.168,24",1,Florianopolis/SC/Brasil,Cartao de Credito,Entregue
TRX0000205,PED000111,2024-07-17,CLI00068,Teclado Mecanico,Acessorios,355.42,1,Florianopolis/SC/Brasil,Cartao de Credito,Entregue
TRX0000206,PED000111,2024-07-17,CLI00068,Capa para Smartphone,Acessórios,"R$ 52,43",1,Florianopolis/SC/Brasil,Cartao de Credito,Entregue
TRX0000207,PED000112,12/07/2024,CLI00117,Calca Jeans Reta,Moda,"195,45",1,Curitiba/PR/Brasil,Pix,Processando
TRX0000208,PED000112,2024-07-12,CLI00117,Cafeteira Eletrica,Casa,310.77,1,Curitiba/PR/Brasil,Pix,Processando
TRX0000209,PED000112,2024-07-12,CLI00117,Livro Historia do Brasil,Livros,72.90,2,Curitiba/PR/Brasil,Pix,processando
TRX0000210,PED000113,2024-07-17,CLI00675,Mouse Sem Fio,Acessorios,"94,02",1,Santos/SP/Brasil,Cartao de Debito,Entregue
TRX0000211,PED000114,08-07-2024,CLI00262,Hub USB-C,Acessórios,139.17,1,Rio de Janeiro/RJ/Brasil,Cartao de Credito,Entregue
TRX0000212,PED000115,2024-07-09,CLI00569,Livro Historia do Brasil,Livros,"R$ 73,02",1,Campinas/SP/Brasil,Cartao de Credito,Entregue
TRX0000213,PED000116,2024-07-13,CLI00013,Liquidificador Potente,Casa,"R$ 235,82",1,Fortaleza/CE/Brasil,Boleto,Entregue
TRX0000214,PED000116,2024-07-13,CLI00013,Hub USB-C,Acessorios,"R$ 138,75",4,Fortaleza/CE/Brasil,Boleto,Entregue
TRX0000215,PED000116,2024-07-13,CLI00013,Smartphone X200,Eletronicos,2111.67,1,Fortaleza/CE/Brasil,Boleto,Entregue
TRX0000216,PED000117,16/07/2024,CLI00293,Smartphone X200,Eletronicos,"R$ 2.156,75",2,Florianopolis/SC/Brasil,Cartao de Credito,Entregue
TRX0000217,PED000117,2024-07-16,CLI00293,Halteres 10kg,Esporte,"R$ 196,54",2,Florianopolis/SC/Brasil,Cartao de Credito,Entregue
TRX0000218,PED000118,19/07/2024,CLI00065,Capa para Smartphone,ACESSORIOS,"R$ 49,63",2,Rio de Janeiro/RJ/Brasil,Cartao de Credito,Entregue
TRX0000219,PED000119,06/07/2024,CLI00233,Livro Historia do Brasil,Livros,"R$ 75,47",1,Sao Paulo/SP/Brasil,Cartao de Credito,Enviado
TRX0000220,PED000119,06/07/2024,CLI00233,Tenis Corrida Leve,Esporte,"R$ 340,69",1,Sao Paulo/SP/Brasil,Cartao de Credito,Enviado
TRX0000221,PED000119,06/07/2024,CLI00233,Tapete de Yoga,Esporte,"R$ 144,75",1,Sao Paulo/SP/Brasil,Cartao de Credito,Enviado
TRX0000222,PED000120,2024-07-16,CLI00577,Tablet 10,Eletronicos,"R$ 1.347,68",1,Rio de Janeiro/RJ/Brasil,Cartao de Credito,Entregue
TRX0000223,PED000120,2024-07-16,CLI00577,Halteres 10kg,Esporte,"192,21",1,Rio de Janeiro/RJ/Brasil,Cartao de Credito,ENTREGUE
TRX0000224,PED000120,2024-07-16,CLI00577,Vestido Midi,Moda,"R$ 219,23",1,Rio de Janeiro/RJ/Brasil,Cartao de Credito,Entregue
TRX0000225,PED000121,2024-07-27,CLI00006,Mouse Sem Fio,Acessorios,"93,09",3,Porto Alegre/RS/Brasil,Pix,Enviado
TRX0000226,PED000121,2024-07-27,CLI00006,Livro SQL Essencial,livros,"R$ 77,49",1,Porto Alegre/RS/Brasil,Pix,Enviado
TRX0000227,PED000122,2024-07-19,CLI00202,Jogo de Panelas,Casa,"R$ 409,91",1,Recife/PE/Brasil,Pix,Entregue
TRX0000228,PED000122,19/07/2024,CLI00202,Tablet 10,Eletronicos,1273.67,2,Recife/PE/Brasil,Pix,entregue
TRX0000229,PED000123,2024-07-18,CLI00527,Camisa Social Slim,Moda,164.31,1,Curitiba/PR/Brasil,Boleto,Entregue
TRX0000230,PED000124,2024-07-14,CLI00577,Hub USB-C,Acessorios,124.87,1,Rio de Janeiro/RJ/Brasil,Cartao de Credito,Entregue
TRX0000231,PED000125,2024-07-03,CLI00115,Notebook Gamer,Eletronicos,"R$ 4.703,18",1,Porto Alegre/RS/Brasil,Cartao de Credito,Entregue
TRX0000232,PED000126,2024-07-21,CLI00096,Headset Gamer,ACESSORIOS,264.70,2,Campinas/SP/Brasil,Boleto,Entregue
TRX0000233,PED000126,2024-07-21,CLI00096,Camisa Social Slim,Moda,"170,13",3,Campinas/SP/Brasil,Boleto,Entregue
TRX0000234,PED000126,2024-07-21,CLI00096,Smartphone X200,Eletronicos,"2.279,98",4,Campinas/SP/Brasil,Boleto,Entregue
TRX0000235,PED000126,2024-07-21,CLI00096,Calca Jeans Reta,Moda,"R$ 193,57",1,Campinas/SP/Brasil,Boleto,Entregue
TRX0000236,PED000127,2024-07-09,CLI00006,Livro Historia do Brasil,Livros,"71,86",1,Porto Alegre/RS/Brasil,Pix,Entregue
TRX0000237,PED000127,2024-07-09,CLI00006,Mouse Sem Fio,Acessorios,"97,08",1,Porto Alegre/RS/Brasil,Pix,Entregue
TRX0000238,PED000128,2024-07-08,CLI00112,Tapete de Yoga,Esporte,156.67,4,Fortaleza/CE/Brasil,Cartao de Credito,Entregue
TRX0000239,PED000129,2024-07-20,CLI00346,Aspirador Robo,Casa,"1.625,12",1,Santos/SP/Brasil,Cartao de Credito,Entregue
TRX0000240,PED000130,2024-07-09,CLI00443,Mouse Sem Fio,Acessorios,"R$ 86,50",2,Curitiba/PR/Brasil,Pix,Cancelado
TRX0000241,PED000130,09-07-2024,CLI00443,Headset Gamer,Acessorios,"274,12",1,Curitiba/PR/Brasil,Pix,Cancelado
TRX0000242,PED000131,2024-07-07,CLI00497,Camisa Social Slim,Moda,"159,89",1,Rio de Janeiro/RJ/Brasil,Cartao de Credito,Entregue
TRX0000243,PED000132,2024-07-30,CLI00497,Livro Historia do Brasil,Livros,72.38,2,Rio de Janeiro/RJ/Brasil,Cartao de Credito,Entregue
TRX0003174,PED001677,07/05/2025,CLI00073,Calca Jeans Reta,Moda,200.83,1,Recife/PE/Brasil,Pix,Entregue
TRX0000244,PED000132,2024-07-30,CLI00497,Calca Jeans Reta,Moda,202.20,2,Rio de Janeiro/RJ/Brasil,Cartao de Credito,Entregue
TRX0000245,PED000133,2024-07-26,CLI00483,Tapete de Yoga,Esporte,145.37,1,Recife/PE/Brasil,Cartao de Credito,Entregue
TRX0000246,PED000134,24/08/2024,CLI00521,Headset Gamer,Acessorios,"R$ 271,26",1,Uberlandia/MG/Brasil,Boleto,Entregue
TRX0000247,PED000134,24/08/2024,CLI00521,Aspirador Robo,Casa,1550.12,2,Uberlandia/MG/Brasil,Boleto,Entregue
TRX0000248,PED000134,24-08-2024,CLI00521,Hub USB-C,Acessórios,130.78,1,Uberlandia/MG/Brasil,Boleto,entregue
TRX0000249,PED000134,24/08/2024,CLI00521,Carregador Turbo,Acessorios,96.81,1,Uberlandia/MG/Brasil,Boleto,Entregue
TRX0000250,PED000135,2024-08-07,CLI00483,Aspirador Robo,Casa,"1.709,69",2,Recife/PE/Brasil,Cartao de Credito,Cancelado
TRX0000251,PED000136,2024-08-24,CLI00269,Livro SQL Essencial,Livros,"82,67",1,Campinas/SP/Brasil,Pix,Entregue
TRX0000252,PED000137,2024-08-07,CLI00486,Tablet 10,Eletronicos,1317.87,1,Rio de Janeiro/RJ/Brasil,Pix,Entregue
TRX0000253,PED000137,2024-08-07,CLI00486,Smartphone X200,ELETRONICOS,2228.58,1,Rio de Janeiro/RJ/Brasil,Pix,ENTREGUE
TRX0000254,PED000138,20-08-2024,CLI00029,Cafeteira Eletrica,Casa,"R$ 279,86",1,Campinas/SP/Brasil,Boleto,Entregue
TRX0000255,PED000138,2024-08-20,CLI00029,Liquidificador Potente,Casa,225.11,1,Campinas/SP/Brasil,Boleto,Entregue
TRX0000256,PED000139,03/08/2024,CLI00521,,esporte,150.19,1,Uberlandia/MG/Brasil,Boleto,Processando
TRX0000257,PED000140,2024-08-06,CLI00421,Vestido Midi,Moda,"212,94",1,Porto Alegre/RS/Brasil,Cartao de Credito,Entregue
TRX0000258,PED000141,2024-08-20,CLI00580,Cafeteira Eletrica,Casa,"R$ 275,89",1,Rio de Janeiro/RJ/Brasil,Cartao de Credito,Entregue
TRX0000259,PED000141,20/08/2024,CLI00580,Liquidificador Potente,Casa,"230,39",1,Rio de Janeiro/RJ/Brasil,Cartao de Credito,Entregue
TRX0000260,PED000142,2024-08-09,CLI00577,Hub USB-C,Acessorios,133.07,1,Rio de Janeiro/RJ/Brasil,Pix,Entregue
TRX0000261,PED000142,09/08/2024,CLI00577,Vestido Midi,Moda,"229,15",1,Rio de Janeiro/RJ/Brasil,Pix,Entregue
TRX0000262,PED000143,30-08-2024,CLI00497,Monitor 27,eletronicos,"R$ 1.094,57",1,Rio de Janeiro/RJ/Brasil,Boleto,Entregue
TRX0000263,PED000143,2024-08-30,CLI00497,Aspirador Robo,Casa,"R$ 1.615,91",2,Rio de Janeiro/RJ/Brasil,Boleto,Entregue
TRX0000264,PED000144,26-08-2024,CLI00038,Tapete de Yoga,esporte,"R$ 157,60",1,Campinas/SP/Brasil,Cartao de Credito,Processando
TRX0000265,PED000144,26/08/2024,CLI00038,Garrafa Termica,Esporte,"R$ 118,42",1,Campinas/SP/Brasil,Cartao de Credito,PROCESSANDO
,PED000144,26/08/2024,CLI00038,Smart TV 50,Eletronicos,2678.35,2,Campinas/SP/Brasil,Cartao de Credito,Processando
TRX0000267,PED000145,2024-08-16,CLI00483,Jogo de Panelas,Casa,"R$ 385,41",3,Recife/PE/Brasil,Pix,Entregue
TRX0000268,PED000145,2024-08-16,CLI00483,Teclado Mecanico,Acessorios,"R$ 339,15",1,Recife/PE/Brasil,Pix,Entregue
TRX0000269,PED000145,16/08/2024,CLI00483,Livro Historia do Brasil,Livros,"75,47",1,Recife/PE/Brasil,Pix,Entregue
TRX0000270,PED000145,2024-08-16,CLI00483,Mochila para Notebook,Acessorios,"R$ 181,99",1,Recife/PE/Brasil,Pix,Entregue
TRX0001648,PED000872,2024-12-27,CLI00360,Headset Gamer,Acessorios,"R$ 252,10",3,Belo Horizonte/MG/Brasil,Pix,entregue
TRX0000271,PED000146,04-08-2024,CLI00580,Garrafa Termica,Esporte,"R$ 117,64",1,Rio de Janeiro/RJ/Brasil,Cartao de Credito,Entregue
TRX0000272,PED000147,2024-08-23,CLI00521,Livro SQL Essencial,Livros,"R$ 84,89",1,Uberlandia/MG/Brasil,Cartao de Credito,ENTREGUE
TRX0000273,PED000148,2024-08-23,CLI00675,Livro Historia do Brasil,Livros,524.35,1,Santos/SP/Brasil,Cartao de Credito,Entregue
TRX0000274,PED000148,2024-08-23,CLI00675,Smartphone X200,Eletronicos,2227.33,1,Santos/SP/Brasil,Cartao de Credito,Entregue
TRX0000275,PED000149,2024-08-21,CLI00502,Notebook Gamer,Eletronicos,5012.76,3,Belo Horizonte/MG/Brasil,Pix,Devolvido
TRX0000276,PED000150,2024-08-09,CLI00233,Notebook Gamer,Eletronicos,"R$ 5.022,13",1,Sao Paulo/SP/Brasil,Boleto,Cancelado
TRX0000277,PED000150,2024-08-09,CLI00233,Vestido Midi,Moda,213.09,2,Sao Paulo/SP/Brasil,Boleto,Cancelado
TRX0000278,PED000151,2024-08-27,CLI00483,Tablet 10,Eletronicos,"1.270,49",1,Recife/PE/Brasil,Pix,Entregue
TRX0000279,PED000151,2024-08-27,CLI00483,Camiseta Dry Fit,esporte,"R$ 79,28",1,Recife/PE/Brasil,Pix,Entregue
TRX0000280,PED000152,2024-08-09,CLI00483,Jogo de Panelas,Casa,"R$ 385,24",1,Recife/PE/Brasil,Cartao de Credito,Entregue
TRX0000281,PED000153,2024-08-30,CLI00483,Jogo de Panelas,Casa,426.27,2,Recife/PE/Brasil,Boleto,Entregue
TRX0000282,PED000153,2024-08-30,CLI00483,Notebook Ultrafino,Eletronicos,"3.312,05",1,Recife/PE/Brasil,Boleto,entregue
TRX0000283,PED000154,2024-08-26,CLI00664,Headset Gamer,Acessórios,"R$ 260,44",1,Curitiba/PR/Brasil,Cartao de Credito,Entregue
TRX0000284,PED000154,2024-08-26,CLI00664,Camiseta Dry Fit,Esporte,"77,60",1,Curitiba/PR/Brasil,Cartao de Credito,Entregue
TRX0000285,PED000155,2024-08-19,CLI00577,Calca Jeans Reta,Moda,190.97,2,Rio de Janeiro/RJ/Brasil,Pix,Processando
TRX0000286,PED000156,2024-08-12,CLI00367,Livro Dados em Acao,livros,"R$ 92,81",2,Belo Horizonte/MG/Brasil,Pix,Entregue
TRX0000287,PED000156,2024-08-12,CLI00367,Calca Jeans Reta,Moda,"202,92",1,Belo Horizonte/MG/Brasil,Pix,Entregue
TRX0000288,PED000156,2024-08-12,CLI00367,Livro SQL Essencial,Livros,"R$ 78,79",1,Belo Horizonte/MG/Brasil,Pix,Entregue
TRX0000289,PED000157,14-08-2024,CLI00577,Tablet 10,Eletronicos,1375.44,2,Rio de Janeiro/RJ/Brasil,Pix,Entregue
TRX0000290,PED000158,2024-08-29,CLI00421,Notebook Ultrafino,Eletronicos,"R$ 3.280,09",1,Porto Alegre/RS/Brasil,Pix,Entregue
TRX0000291,PED000159,13/08/2024,CLI00159,Hub USB-C,Acessorios,"R$ 138,36",1,Recife/PE/Brasil,Cartao de Credito,Enviado
TRX0000292,PED000159,13/08/2024,,Calca Jeans Reta,Moda,"R$ 190,30",1,Recife/PE/Brasil,Cartao de Credito,Enviado
TRX0000293,PED000160,23/08/2024,CLI00218,Livro SQL Essencial,Livros,77.52,1,Curitiba/PR/Brasil,Boleto,Entregue
TRX0000294,PED000161,10/08/2024,CLI00569,Livro SQL Essencial,Livros,82.82,2,Campinas/SP/Brasil,Boleto,Entregue
TRX0000295,PED000161,2024-08-10,CLI00569,Tapete de Yoga,Esporte,157.57,2,Campinas/SP/Brasil,Boleto,Entregue
TRX0000296,PED000162,2024-08-30,CLI00065,Luminaria de Mesa,casa,"140,08",-1,Rio de Janeiro/RJ/Brasil,Pix,Entregue
TRX0000297,PED000162,30-08-2024,CLI00065,Mochila para Notebook,Acessorios,"R$ 182,06",1,Rio de Janeiro/RJ/Brasil,Pix,Entregue
TRX0000298,PED000163,10-08-2024,CLI00181,Headset Gamer,Acessorios,"R$ 268,47",2,Curitiba/PR/Brasil,Cartao de Credito,Aguardando pagamento
TRX0000299,PED000163,2024-08-10,CLI00181,Vestido Midi,Moda,"1,2,3",1,Curitiba/PR/Brasil,Cartao de Credito,Entregue
TRX0000300,PED000163,10-08-2024,CLI00181,Garrafa Termica,Esporte,118.81,1,Curitiba/PR/Brasil,Cartao de Credito,Entregue
TRX0000301,PED000164,03/08/2024,CLI00251,Camiseta Dry Fit,Esporte,"R$ 84,77",2,Recife/PE/Brasil,Pix,Entregue
TRX0000302,PED000164,03-08-2024,CLI00251,Hub USB-C,Acessorios,129.98,1,Recife/PE/Brasil,Pix,Entregue
TRX0000303,PED000165,2024-08-26,CLI00125,Smart TV 50,Eletronicos,"R$ 2.714,39",2,Sao Paulo/SP/Brasil,Pix,ENTREGUE
TRX0000304,PED000166,2024-08-21,CLI00029,Luminaria de Mesa,CASA,136.26,1,Campinas/SP/Brasil,Pix,Entregue
TRX0000305,PED000167,10/08/2024,CLI00107,Tablet 10,Eletronicos,1269.46,1,Campinas/SP/Brasil,Cartao de Credito,Entregue
TRX0000306,PED000168,14/08/2024,CLI00200,Capa para Smartphone,Acessorios,"R$ 50,29",1,Sao Paulo/SP/Brasil,Cartao de Credito,Entregue
TRX0000307,PED000168,14-08-2024,CLI00200,Aspirador Robo,casa,1707.12,4,Sao Paulo/SP/Brasil,Cartao de Credito,Entregue
TRX0000308,PED000168,2024-08-14,CLI00200,Notebook Gamer,Eletronicos,4704.47,2,Sao Paulo/SP/Brasil,Cartao de Credito,Entregue
TRX0000309,PED000169,2024-08-13,CLI00623,Jogo de Panelas,Casa,386.91,2,Curitiba/PR/Brasil,Cartao de Debito,Entregue
TRX0000310,PED000170,2024-08-06,CLI00140,Teclado Mecanico,Acessorios,"343,08",3,Rio de Janeiro/RJ/Brasil,Cartao de Credito,Devolvido
TRX0000311,PED000171,05-08-2024,CLI00239,Liquidificador Potente,Casa,235.01,1,Campinas/SP/Brasil,Pix,Entregue
TRX0000312,PED000172,2024-08-18,CLI00577,Vestido Midi,Moda,220.68,1,Rio de Janeiro/RJ/Brasil,Cartao de Credito,Entregue
TRX0000313,PED000173,20-08-2024,CLI00569,Teclado Mecanico,Acessorios,358.31,1,Campinas/SP/Brasil,Cartao de Credito,Entregue
TRX0000314,PED000174,2024-08-08,CLI00483,Notebook Gamer,Eletronicos,"R$ 4.781,53",1,Recife/PE/Brasil,Cartao de Debito,Entregue
TRX0000315,PED000175,2024-08-21,CLI00254,Camiseta Dry Fit,Esporte,84.92,1,Sao Paulo/SP/Brasil,Pix,Entregue
TRX0000316,PED000175,21/08/2024,CLI00254,Tenis Corrida Leve,Esporte,320.80,1,Sao Paulo/SP/Brasil,Pix,Entregue
TRX0000317,PED000176,2024-08-31,CLI00577,Aspirador Robo,Casa,"1.620,46",2,Rio de Janeiro/RJ/Brasil,Pix,Entregue
TRX0000318,PED000177,04-08-2024,CLI00297,Luminaria de Mesa,CASA,"R$ 136,77",1,Sao Paulo/SP/Brasil,Cartao de Debito,Entregue
TRX0000319,PED000177,2024-08-04,CLI00297,Livro SQL Essencial,Livros,"R$ 83,02",2,Sao Paulo/SP/Brasil,Cartao de Debito,Entregue
TRX0000320,PED000177,2024-08-04,CLI00297,Camisa Social Slim,Moda,"R$ 159,01",1,Sao Paulo/SP/Brasil,Cartao de Debito,Entregue
TRX0000321,PED000178,2024-08-24,CLI00640,Headset Gamer,Acessorios,246.73,1,Uberlandia/MG/Brasil,Pix,Entregue
TRX0001885,PED000987,31/12/2024,CLI00265,Tenis Corrida Leve,Esporte,"324,14",1,Campinas/SP/Brasil,Boleto,Entregue
TRX0000322,PED000178,24-08-2024,CLI00640,Luminaria de Mesa,Casa,"137,93",1,Uberlandia/MG/Brasil,Pix,Entregue
TRX0000323,PED000179,2024-08-03,CLI00483,Notebook Ultrafino,Eletronicos,"R$ 3.345,22",1,Recife/PE/Brasil,Cartao de Credito,Entregue
TRX0000324,PED000179,2024-08-03,CLI00483,Mochila para Notebook,Acessorios,"172,70",1,Recife/PE/Brasil,Cartao de Credito,Entregue
TRX0000325,PED000179,2024-08-03,CLI00483,Mouse Sem Fio,Acessorios,"R$ 86,20",1,Recife/PE/Brasil,Cartao de Credito,Entregue
TRX0000326,PED000180,14/08/2024,CLI00389,Capa para Smartphone,Acessorios,"R$ 52,99",1,Sao Paulo/SP/Brasil,Cartao de Credito,ENTREGUE
TRX0007550,PED003997,22/05/2026,CLI00480,Tenis Corrida Leve,Esporte,319.95,1,Porto Alegre/RS/Brasil,Pix,Entregue
TRX0000327,PED000180,2024-08-14,CLI00389,Jogo de Panelas,Casa,421.63,1,Sao Paulo/SP/Brasil,Cartao de Credito,Entregue
TRX0000328,PED000180,2024-08-14,CLI00389,Livro SQL Essencial,LIVROS,"R$ 76,49",1,Sao Paulo/SP/Brasil,Cartao de Credito,Entregue
TRX0000329,PED000181,2024-08-18,CLI00527,Camisa Social Slim,Moda,160.67,1,Curitiba/PR/Brasil,Cartao de Credito,Em analise
TRX0000330,PED000182,2024-08-30,CLI00297,Headset Gamer,Acessorios,"256,39",1,Sao Paulo/SP/Brasil,Cartao de Debito,Entregue
TRX0000331,PED000183,2024-08-01,CLI00262,Camisa Social Slim,Moda,"157,99",1,Rio de Janeiro/RJ/Brasil,Pix,Entregue
TRX0000332,PED000184,2024-08-08,CLI00254,Carregador Turbo,Acessorios,"R$ 103,38",1,Sao Paulo/SP/Brasil,Cartao de Debito,Entregue
TRX0000333,PED000184,08-08-2024,CLI00254,Jogo de Panelas,Casa,410.19,1,Sao Paulo/SP/Brasil,Cartao de Debito,ENTREGUE
,PED000184,08-08-2024,CLI00254,Mouse Sem Fio,Acessorios,95.90,1,Sao Paulo/SP/Brasil,Cartao de Debito,Entregue
TRX0000335,PED000185,2024-08-01,CLI00280,Tenis Corrida Leve,Esporte,331.74,2,Rio de Janeiro/RJ/Brasil,Cartao de Credito,Processando
TRX0000336,PED000186,26-08-2024,CLI00502,Liquidificador Potente,Casa,"213,60",1,Belo Horizonte/MG/Brasil,Cartao de Debito,Entregue
TRX0000337,PED000187,2024-08-10,CLI00417,Camiseta Dry Fit,Esporte,86.23,3,Sao Paulo/SP/Brasil,Cartao de Credito,Enviado
TRX0000338,PED000187,2024-08-10,CLI00417,Notebook Gamer,Eletronicos,"R$ 4.778,22",1,Sao Paulo/SP/Brasil,Cartao de Credito,Enviado
TRX0000339,PED000188,2024-08-16,CLI00029,Vestido Midi,Moda,215.76,1,Campinas/SP/Brasil,Cartao de Credito,Entregue
TRX0000340,PED000189,2024-08-16,CLI00297,Livro Historia do Brasil,Livros,"66,68",1,Sao Paulo/SP/Brasil,Cartao de Credito,Entregue
TRX0000341,PED000189,2024-08-16,CLI00297,Tablet 10,Eletronicos,"R$ 1.364,44",2,Sao Paulo/SP/Brasil,Cartao de Credito,Entregue
TRX0000342,PED000189,16/08/2024,CLI00297,Livro Dados em Acao,Livros,"R$ 85,99",2,Sao Paulo/SP/Brasil,Cartao de Credito,Entregue
TRX0000343,PED000190,2024-08-11,CLI00577,Camisa Social Slim,Moda,"165,81",2,Rio de Janeiro/RJ/Brasil,Pix,Entregue
TRX0000344,PED000190,11-08-2024,CLI00577,Luminaria de Mesa,Casa,"136,23",1,Rio de Janeiro/RJ/Brasil,Pix,Entregue
TRX0000345,PED000190,11-08-2024,CLI00577,Calca Jeans Reta,Moda,201.88,3,Rio de Janeiro/RJ/Brasil,Pix,Entregue
TRX0000346,PED000191,2024-08-02,CLI00162,Cafeteira Eletrica,Casa,281.37,3,Campinas/SP/Brasil,Boleto,Entregue
TRX0000347,PED000192,24/08/2024,CLI00421,Calca Jeans Reta,MODA,203.70,4,Porto Alegre/RS/Brasil,Cartao de Debito,Entregue
TRX0000348,PED000193,2024-08-26,CLI00189,Monitor 27,Eletronicos,"R$ 1.140,85",3,Porto Alegre/RS/Brasil,Cartao de Credito,Entregue
TRX0000349,PED000194,2024-08-30,CLI00675,Carregador Turbo,Acessorios,"R$ 106,01",1,Santos/SP/Brasil,Cartao de Credito,Entregue
TRX0000350,PED000195,2024-08-24,CLI00081,Livro SQL Essencial,Livros,"R$ 77,89",1,Sao Paulo/SP/Brasil,Cartao de Credito,Entregue
TRX0000351,PED000195,24-08-2024,CLI00081,Smartphone X200,Eletrônicos,"2.257,97",1,Sao Paulo/SP/Brasil,Cartao de Credito,Entregue
TRX0000352,PED000196,23/08/2024,CLI00115,Livro SQL Essencial,Livros,80.26,1,Porto Alegre/RS/Brasil,Pix,Entregue
TRX0000353,PED000196,2024-08-23,CLI00115,Livro Dados em Acao,LIVROS,91.53,1,Porto Alegre/RS/Brasil,Pix,Entregue
TRX0000354,PED000197,2024-08-19,CLI00577,Hub USB-C,Acessorios,"R$ 123,58",1,Rio de Janeiro/RJ/Brasil,Cartao de Credito,Entregue
TRX0000355,PED000197,19-08-2024,CLI00577,Teclado Mecanico,Acessorios,343.37,1,Rio de Janeiro/RJ/Brasil,Cartao de Credito,Entregue
TRX0000356,PED000198,29/08/2024,CLI00521,Tenis Corrida Leve,Esporte,"R$ 340,76",1,Uberlandia/MG/Brasil,Cartao de Credito,processando
TRX0000357,PED000199,03/08/2024,CLI00125,Livro Historia do Brasil,Livros,73.33,2,Sao Paulo/SP/Brasil,Cartao de Credito,Entregue
TRX0000358,PED000199,2024-08-03,CLI00125,Headset Gamer,Acessorios,"R$ 276,38",1,Sao Paulo/SP/Brasil,Cartao de Credito,Entregue
TRX0000359,PED000200,02/08/2024,CLI00117,Jogo de Panelas,Casa,"R$ 404,27",1,Curitiba/PR/Brasil,Cartao de Credito,Entregue
TRX0000360,PED000200,02-08-2024,CLI00117,Tenis Corrida Leve,esporte,"R$ 320,54",1,Curitiba/PR/Brasil,Cartao de Credito,Entregue
TRX0000361,PED000200,2024-08-02,CLI00117,Luminaria de Mesa,Casa,"133,43",1,Curitiba/PR/Brasil,Cartao de Credito,Entregue
TRX0000362,PED000201,2024-08-01,CLI00486,Garrafa Termica,Esporte,"117,10",4,Rio de Janeiro/RJ/Brasil,Cartao de Credito,Entregue
TRX0000363,PED000201,2024-08-01,CLI00486,Smartphone X200,Eletronicos,"R$ 2.307,92",1,Rio de Janeiro/RJ/Brasil,Cartao de Credito,Entregue
TRX0000364,PED000201,2024-08-01,CLI00486,Livro Dados em Acao,Livros,"85,55",1,Rio de Janeiro/RJ/Brasil,Cartao de Credito,Entregue
TRX0000365,PED000202,12/08/2024,CLI00364,Liquidificador Potente,Casa,231.14,1,Sao Paulo/SP/Brasil,Cartao de Credito,Cancelado
TRX0000366,PED000203,2024-08-20,CLI00486,Halteres 10kg,Esporte,"R$ 190,09",2,Rio de Janeiro/RJ/Brasil,Cartao de Credito,Entregue
TRX0000367,PED000204,2024-08-18,CLI00234,Tenis Corrida Leve,Esporte,330.36,1,Florianopolis/SC/Brasil,Pix,Entregue
TRX0000368,PED000204,2024-08-18,CLI00234,Camiseta Dry Fit,Esporte,"R$ 82,81",4,Florianopolis/SC/Brasil,Pix,Entregue
TRX0000369,PED000205,04-08-2024,CLI00102,Calca Jeans Reta,Moda,"R$ 179,65",1,Salvador/BA/Brasil,Boleto,Entregue
TRX0000370,PED000205,2024-08-04,CLI00102,Tablet 10,Eletronicos,"1.390,23",1,Salvador/BA/Brasil,Boleto,Entregue
TRX0000371,PED000206,2024-08-07,CLI00029,Livro Historia do Brasil,livros,"R$ 69,82",1,Campinas/SP/Brasil,Boleto,Entregue
TRX0000372,PED000207,01/08/2024,CLI00577,Halteres 10kg,Esporte,"180,72",1,Rio de Janeiro/RJ/Brasil,Pix,Entregue
TRX0000373,PED000208,2024-08-07,CLI00421,Camisa Social Slim,Moda,"R$ 170,38",1,Porto Alegre/RS/Brasil,Pix,Entregue
TRX0000374,PED000208,07/08/2024,CLI00421,Notebook Gamer,Eletronicos,"5.209,20",2,Porto Alegre/RS/Brasil,Pix,Entregue
TRX0000375,PED000209,2024-08-23,CLI00529,Mochila para Notebook,Acessorios,"174,65",3,Santos/SP/Brasil,Cartao de Debito,Entregue
TRX0000376,PED000209,2024-08-23,CLI00529,Aspirador Robo,Casa,"1.578,41",1,Santos/SP/Brasil,Cartao de Debito,Entregue
TRX0000377,PED000209,2024-08-23,CLI00529,Camisa Social Slim,Moda,"R$ 162,05",1,Santos/SP/Brasil,Cartao de Debito,Entregue
TRX0000378,PED000210,06/08/2024,CLI00232,Notebook Gamer,Eletronicos,"R$ 5.244,82",1,Sao Paulo/SP/Brasil,Cartao de Credito,entregue
TRX0000379,PED000211,2024-08-16,CLI00516,Jaqueta Corta Vento,Moda,265.77,1,Belo Horizonte/MG/Brasil,Pix,Devolvido
TRX0000380,PED000211,16-08-2024,CLI00516,Liquidificador Potente,Casa,"R$ 228,51",1,Belo Horizonte/MG/Brasil,Pix,Devolvido
TRX0000381,PED000211,2024-08-16,CLI00516,Luminaria de Mesa,Casa,148.07,2,Belo Horizonte/MG/Brasil,Pix,Devolvido
TRX0000382,PED000212,12/08/2024,CLI00408,Aspirador Robo,Casa,1659.87,2,Sao Paulo/SP/Brasil,Cartao de Debito,entregue
TRX0000383,PED000213,2024-08-24,CLI00080,Mochila para Notebook,Acessorios,175.44,1,Belo Horizonte/MG/Brasil,Cartao de Debito,Entregue
TRX0000384,PED000213,2024-08-24,CLI00080,Camisa Social Slim,moda,"R$ 167,17",1,Belo Horizonte/MG/Brasil,Cartao de Debito,Entregue
TRX0000385,PED000214,2024-08-23,CLI00006,Smart TV 50,Eletronicos,"2.537,38",1,Porto Alegre/RS/Brasil,Cartao de Credito,Entregue
TRX0000386,PED000214,23/08/2024,CLI00006,Aspirador Robo,Casa,"R$ 1.639,92",1,Porto Alegre/RS/Brasil,Cartao de Credito,Entregue
TRX0000387,PED000215,2024-08-21,CLI00523,Tapete de Yoga,Esporte,148.37,1,Porto Alegre/RS/Brasil,Cartao de Credito,Entregue
TRX0000388,PED000215,2024-08-21,CLI00523,Halteres 10kg,Esporte,"R$ 193,14",1,Porto Alegre/RS/Brasil,Cartao de Credito,Entregue
TRX0000389,PED000215,2024-08-21,CLI00523,Garrafa Termica,Esporte,"R$ 118,78",1,Porto Alegre/RS/Brasil,Cartao de Credito,Entregue
TRX0000390,PED000216,2024-08-06,CLI00120,Capa para Smartphone,acessorios,52.79,2,Belo Horizonte/MG/Brasil,Cartao de Debito,Entregue
TRX0000391,PED000217,22-08-2024,CLI00389,Carregador Turbo,Acessorios,"R$ 94,23",1,Sao Paulo/SP/Brasil,Cartao de Credito,entregue
TRX0000392,PED000218,2024-08-15,CLI00648,Halteres 10kg,Esporte,"R$ 195,33",1,Florianopolis/SC/Brasil,Cartao de Credito,Enviado
TRX0000393,PED000219,14-08-2024,CLI00140,Mouse Sem Fio,ACESSORIOS,89.24,2,Rio de Janeiro/RJ/Brasil,Pix,Entregue
TRX0000394,PED000220,2024-08-03,CLI00648,Calca Jeans Reta,MODA,193.82,1,Florianopolis/SC/Brasil,Cartao de Debito,Entregue
TRX0000395,PED000220,03-08-2024,CLI00648,Jogo de Panelas,Casa,"R$ 412,31",1,Florianopolis/SC/Brasil,Cartao de Debito,Entregue
TRX0000396,PED000221,2024-08-15,CLI00577,Teclado Mecanico,Acessorios,"R$ 376,63",1,Rio de Janeiro/RJ/Brasil,Pix,Entregue
TRX0000397,PED000222,07-08-2024,CLI00417,Teclado Mecanico,Acessorios,"353,56",1,Sao Paulo/SP/Brasil,Pix,Entregue
TRX0000398,PED000223,20/08/2024,CLI00120,Camiseta Dry Fit,Esporte,"R$ 79,71",1,Belo Horizonte/MG/Brasil,Boleto,CANCELADO
TRX0000399,PED000224,30/08/2024,CLI00080,Carregador Turbo,ACESSORIOS,102.14,2,Belo Horizonte/MG/Brasil,Boleto,Entregue
TRX0000400,PED000224,30-08-2024,CLI00080,Smart TV 50,Eletronicos,"R$ 2.539,58",1,Belo Horizonte/MG/Brasil,Boleto,Entregue
TRX0000401,PED000225,31-08-2024,CLI00435,Jaqueta Corta Vento,Moda,"R$ 3.119,58",2,Salvador/BA/Brasil,Cartao de Credito,Entregue
TRX0000402,PED000226,22-08-2024,CLI00523,Tenis Corrida Leve,Esporte,318.86,2,Porto Alegre/RS/Brasil,Pix,Entregue
TRX0000403,PED000226,22/08/2024,CLI00523,Teclado Mecanico,Acessorios,338.45,1,Porto Alegre/RS/Brasil,Pix,Entregue
TRX0000404,PED000227,11-08-2024,CLI00616,Hub USB-C,Acessorios,131.35,2,Recife/PE/Brasil,Cartao de Credito,Entregue
TRX0000405,PED000227,11/08/2024,CLI00616,Aspirador Robo,Casa,"R$ 1.666,98",1,Recife/PE/Brasil,Cartao de Credito,entregue
TRX0000406,PED000227,2024-08-11,CLI00616,Monitor 27,Eletronicos,"R$ 1.179,93",1,Recife/PE/Brasil,Cartao de Credito,Entregue
TRX0000407,PED000228,13/08/2024,CLI00112,Liquidificador Potente,Casa,"215,64",1,Fortaleza/CE/Brasil,Cartao de Credito,Enviado
TRX0000408,PED000228,2024-08-13,CLI00112,Carregador Turbo,Acessorios,"95,56",1,Fortaleza/CE/Brasil,Cartao de Credito,Enviado
TRX0000409,PED000228,13-08-2024,CLI00112,Monitor 27,Eletronicos,"R$ 1.210,89",1,Fortaleza/CE/Brasil,Cartao de Credito,Enviado
TRX0000410,PED000229,19/08/2024,CLI00576,Jaqueta Corta Vento,Moda,"271,13",1,Curitiba/PR/Brasil,Cartao de Credito,Entregue
TRX0000411,PED000230,2024-08-23,CLI00577,Vestido Midi,MODA,228.37,2,Rio de Janeiro/RJ/Brasil,Pix,Entregue
TRX0000412,PED000231,20/08/2024,CLI00417,Tapete de Yoga,Esporte,"R$ 144,67",2,Sao Paulo/SP/Brasil,Pix,Entregue
TRX0000413,PED000231,20-08-2024,CLI00417,Garrafa Termica,Esporte,"119,07",2,Sao Paulo/SP/Brasil,Pix,Entregue
TRX0000414,PED000231,20-08-2024,CLI00417,Cafeteira Eletrica,Casa,"300,55",1,Sao Paulo/SP/Brasil,Pix,Entregue
TRX0000415,PED000232,29/08/2024,CLI00024,Jaqueta Corta Vento,Moda,"R$ 287,71",1,Sao Paulo/SP/Brasil,Cartao de Credito,Cancelado
TRX0000416,PED000233,2024-08-30,CLI00445,Smart TV 50,Eletronicos,"R$ 2.756,59",1,Sao Paulo/SP/Brasil,Pix,Cancelado
TRX0000417,PED000233,2024-08-30,CLI00445,Aspirador Robo,Casa,"1.628,22",1,Sao Paulo/SP/Brasil,Pix,Cancelado
TRX0000418,PED000234,2024-08-22,CLI00165,Livro Historia do Brasil,Livros,"70,38",1,Sao Paulo/SP/Brasil,Pix,Enviado
TRX0000419,PED000235,11-08-2024,CLI00251,Mouse Sem Fio,Acessorios,"R$ 89,25",1,Recife/PE/Brasil,Boleto,Entregue
TRX0000420,PED000236,06/08/2024,CLI00631,Monitor 27,ELETRONICOS,"R$ 1.114,51",-1,Campinas/SP/Brasil,Cartao de Debito,Entregue
TRX0000421,PED000236,06-08-2024,CLI00631,Camiseta Dry Fit,Esporte,"R$ 85,70",1,Campinas/SP/Brasil,Cartao de Debito,Entregue
TRX0000422,PED000237,2024-08-09,CLI00527,Tablet 10,ELETRONICOS,1263.21,3,Curitiba/PR/Brasil,Cartao de Debito,Entregue
TRX0000423,PED000238,2024-08-31,CLI00417,Tenis Corrida Leve,esporte,328.16,1,Sao Paulo/SP/Brasil,Pix,Enviado
TRX0000424,PED000238,31-08-2024,CLI00417,Camiseta Dry Fit,Esporte,"R$ 82,36",2,Sao Paulo/SP/Brasil,Pix,Enviado
TRX0000425,PED000239,10/08/2024,CLI00095,Tenis Corrida Leve,Esporte,"352,31",1,Belo Horizonte/MG/Brasil,Cartao de Credito,Entregue
TRX0000426,PED000239,10/08/2024,CLI00095,Garrafa Termica,Esporte,"R$ 125,97",1,Belo Horizonte/MG/Brasil,Cartao de Credito,Entregue
TRX0000427,PED000240,2024-08-12,CLI00428,Livro Historia do Brasil,Livros,75.22,1,Recife/PE/Brasil,Cartao de Credito,Entregue
TRX0000428,PED000240,2024-08-12,CLI00428,Jogo de Panelas,Casa,"R$ 388,06",1,Recife/PE/Brasil,Cartao de Credito,ENTREGUE
TRX0000429,PED000240,2024-08-12,CLI00428,Hub USB-C,Acessorios,"R$ 138,87",1,Recife/PE/Brasil,Cartao de Credito,Entregue
TRX0000430,PED000240,2024-08-12,CLI00428,Mochila para Notebook,Acessorios,"R$ 190,29",1,Recife/PE/Brasil,Cartao de Credito,Entregue
TRX0000431,PED000240,2024-08-12,CLI00428,Teclado Mecanico,Acessorios,372.00,4,Recife/PE/Brasil,Cartao de Credito,Entregue
TRX0000432,PED000241,16/08/2024,CLI00421,Teclado Mecanico,acessorios,"R$ 360,44",3,Porto Alegre/RS/Brasil,Pix,Entregue
TRX0000433,PED000241,16/08/2024,CLI00421,Mochila para Notebook,Acessorios,181.10,1,Porto Alegre/RS/Brasil,Pix,Entregue
TRX0000434,PED000242,2024-08-24,CLI00421,Carregador Turbo,Acessorios,"96,51",1,Porto Alegre/RS/Brasil,Pix,Entregue
TRX0000435,PED000242,2024-08-24,CLI00421,Tablet 10,Eletronicos,1247.84,1,Porto Alegre/RS/Brasil,Pix,Entregue
TRX0000436,PED000242,24/08/2024,CLI00421,Cafeteira Eletrica,casa,"R$ 305,65",1,Porto Alegre/RS/Brasil,Pix,Entregue
TRX0000437,PED000242,2024-08-24,CLI00421,Calca Jeans Reta,Moda,195.38,3,Porto Alegre/RS/Brasil,Pix,Entregue
TRX0000438,PED000243,23/08/2024,CLI00527,Livro SQL Essencial,Livros,81.03,1,Curitiba/PR/Brasil,Pix,Cancelado
TRX0000439,PED000244,23/08/2024,CLI00096,Hub USB-C,Acessorios,127.10,1,Campinas/SP/Brasil,Cartao de Credito,Entregue
TRX0000440,PED000244,2024-08-23,CLI00096,Tapete de Yoga,Esporte,156.85,2,Campinas/SP/Brasil,Cartao de Credito,Entregue
TRX0000441,PED000245,2024-08-30,CLI00239,Tablet 10,Eletronicos,1237.75,1,Campinas/SP/Brasil,Cartao de Credito,Entregue
TRX0000442,PED000246,2024-08-04,CLI00505,Aspirador Robo,Casa,"1.646,50",1,Santos/SP/Brasil,Boleto,Entregue
TRX0000443,PED000247,2024-08-04,CLI00577,Livro Dados em Acao,livros,"R$ 86,71",1,Rio de Janeiro/RJ/Brasil,Cartao de Credito,Entregue
TRX0000444,PED000247,04/08/2024,CLI00577,Teclado Mecanico,Acessorios,369.50,1,Rio de Janeiro/RJ/Brasil,Cartao de Credito,Entregue
TRX0000445,PED000247,2024-08-04,CLI00577,Mochila para Notebook,Acessorios,"R$ 192,49",1,Rio de Janeiro/RJ/Brasil,Cartao de Credito,Entregue
TRX0000446,PED000248,2024-08-25,CLI00077,Aspirador Robo,Casa,"R$ 1.657,08",1,Niteroi/RJ/Brasil,Boleto,Entregue
TRX0000447,PED000248,2024-08-25,CLI00077,Liquidificador Potente,Casa,"215,06",1,Niteroi/RJ/Brasil,Boleto,Entregue
TRX0000448,PED000249,13/08/2024,CLI00095,Camisa Social Slim,Moda,"R$ 159,65",1,Belo Horizonte/MG/Brasil,Cartao de Credito,Entregue
TRX0000449,PED000249,2024-08-13,CLI00095,Calca Jeans Reta,Moda,"185,09",1,Belo Horizonte/MG/Brasil,Cartao de Credito,Entregue
TRX0000450,PED000250,2024-08-27,CLI00486,Garrafa Termica,Esporte,"127,25",2,Rio de Janeiro/RJ/Brasil,Pix,Devolvido
TRX0000451,PED000250,27-08-2024,CLI00486,Monitor 27,Eletronicos,1110.11,1,Rio de Janeiro/RJ/Brasil,Pix,Devolvido
TRX0000452,PED000250,2024-08-27,CLI00486,Aspirador Robo,Casa,,1,Rio de Janeiro/RJ/Brasil,Pix,Devolvido
TRX0000453,PED000251,2024-08-18,CLI00470,Livro Dados em Acao,Livros,94.17,2,Rio de Janeiro/RJ/Brasil,Cartao de Credito,Entregue
TRX0000454,PED000251,2024-08-18,CLI00470,Notebook Ultrafino,Eletronicos,"R$ 3.359,51",1,Rio de Janeiro/RJ/Brasil,Cartao de Credito,Entregue
TRX0000455,PED000251,2024-08-18,CLI00470,Camiseta Dry Fit,Esporte,"R$ 85,19",3,Rio de Janeiro/RJ/Brasil,Cartao de Credito,Entregue
TRX0000456,PED000251,18/08/2024,CLI00470,Mochila para Notebook,Acessorios,"R$ 184,05",1,Rio de Janeiro/RJ/Brasil,Cartao de Credito,Entregue
TRX0000457,PED000252,2024-08-29,CLI00389,Tenis Corrida Leve,Esporte,"R$ 319,36",1,Sao Paulo/SP/Brasil,Pix,Processando
TRX0000458,PED000253,15-08-2024,CLI00197,,Esporte,149.13,1,Rio de Janeiro/RJ/Brasil,Cartao de Credito,Entregue
TRX0000459,PED000254,10/08/2024,CLI00202,Garrafa Termica,ESPORTE,120.25,2,Recife/PE/Brasil,Pix,Entregue
TRX0000460,PED000254,2024-08-10,CLI00202,Jogo de Panelas,Casa,"R$ 393,49",1,Recife/PE/Brasil,Pix,Entregue
TRX0000461,PED000254,10/08/2024,CLI00202,Halteres 10kg,Esporte,186.02,1,Recife/PE/Brasil,Pix,Entregue
TRX0000462,PED000254,2024-08-10,CLI00202,Smartphone X200,Eletronicos,"R$ 2.179,18",1,Recife/PE/Brasil,Pix,Entregue
TRX0000463,PED000255,2024-08-12,CLI00200,Garrafa Termica,Esporte,"R$ 120,92",2,Sao Paulo/SP/Brasil,Cartao de Credito,Entregue
TRX0000464,PED000256,2024-08-17,CLI00483,Livro Dados em Acao,Livros,91.45,1,Recife/PE/Brasil,Cartao de Credito,Entregue
TRX0000465,PED000256,2024-08-17,CLI00483,Aspirador Robo,Casa,"R$ 1.558,71",1,Recife/PE/Brasil,Cartao de Credito,Entregue
TRX0000466,PED000257,2024-08-12,CLI00029,Calca Jeans Reta,Moda,"R$ 198,00",2,Campinas/SP/Brasil,Cartao de Credito,Entregue
TRX0000467,PED000257,12-08-2024,CLI00029,Smart TV 50,Eletronicos,"R$ 2.623,34",1,Campinas/SP/Brasil,Cartao de Credito,Entregue
TRX0000468,PED000257,2024-08-12,CLI00029,Mouse Sem Fio,Acessorios,"R$ 90,02",1,Campinas/SP/Brasil,Cartao de Credito,Entregue
TRX0000469,PED000258,2024-08-03,CLI00421,Hub USB-C,Acessorios,125.37,1,Porto Alegre/RS/Brasil,Cartao de Debito,Entregue
TRX0000470,PED000259,,CLI00140,Carregador Turbo,ACESSORIOS,"R$ 105,05",1,Rio de Janeiro/RJ/Brasil,Cartao de Credito,Entregue
TRX0000471,PED000259,2024-08-08,CLI00140,Livro Dados em Acao,LIVROS,93.81,1,Rio de Janeiro/RJ/Brasil,Cartao de Credito,Entregue
TRX0000472,PED000260,2024-08-10,CLI00577,Notebook Gamer,Eletronicos,"R$ 5.145,83",2,Rio de Janeiro/RJ/Brasil,Pix,Entregue
TRX0000473,PED000260,10-08-2024,CLI00577,Mochila para Notebook,Acessorios,176.44,2,Rio de Janeiro/RJ/Brasil,Pix,Entregue
TRX0000474,PED000261,07-08-2024,CLI00576,Halteres 10kg,Esporte,"R$ 180,23",2,Curitiba/PR/Brasil,Cartao de Credito,Entregue
TRX0000475,PED000261,2024-08-07,CLI00576,Jogo de Panelas,Casa,"386,08",1,Curitiba/PR/Brasil,Cartao de Credito,Entregue
TRX0000476,PED000262,07-08-2024,CLI00065,Calca Jeans Reta,Moda,"R$ 193,26",1,Rio de Janeiro/RJ/Brasil,Pix,Entregue
TRX0000477,PED000262,07/08/2024,CLI00065,Camisa Social Slim,Moda,"R$ 152,78",2,Rio de Janeiro/RJ/Brasil,Pix,Entregue
TRX0000478,PED000262,07/08/2024,CLI00065,Tapete de Yoga,Esporte,142.14,1,Rio de Janeiro/RJ/Brasil,Pix,Entregue
TRX0000479,PED000262,2024-08-07,CLI00065,Livro Historia do Brasil,Livros,69.74,1,Rio de Janeiro/RJ/Brasil,Pix,Entregue
TRX0000480,PED000262,07/08/2024,CLI00065,Jaqueta Corta Vento,Moda,267.28,2,Rio de Janeiro/RJ/Brasil,Pix,Entregue
TRX0000481,PED000263,04/08/2024,CLI00662,Vestido Midi,Moda,223.62,1,Recife/PE/Brasil,Cartao de Credito,Entregue
TRX0000482,PED000264,2024-08-25,CLI00362,Headset Gamer,Acessorios,"274,14",1,Campinas/SP/Brasil,Pix,Cancelado
TRX0000483,PED000265,2024-08-04,CLI00341,Hub USB-C,Acessorios,"R$ 133,68",3,Sao Paulo/SP/Brasil,Cartao de Credito,CANCELADO
TRX0000484,PED000266,15/08/2024,CLI00200,Hub USB-C,Acessorios,"R$ 125,48",1,Sao Paulo/SP/Brasil,Cartao de Debito,Entregue
TRX0000485,PED000267,2024-08-23,CLI00408,Liquidificador Potente,Casa,"212,82",2,Sao Paulo/SP/Brasil,Cartao de Credito,Entregue
TRX0000486,PED000268,2024-08-19,CLI00101,Cafeteira Eletrica,CASA,"R$ 299,66",3,Salvador/BA/Brasil,Cartao de Credito,Entregue
TRX0000487,PED000268,2024-08-19,CLI00101,Liquidificador Potente,Casa,"209,77",1,Salvador/BA/Brasil,Cartao de Credito,Entregue
TRX0000488,PED000269,2024-08-13,CLI00428,Smartphone X200,Eletronicos,2109.87,1,Recife/PE/Brasil,Cartao de Credito,entregue
TRX0000489,PED000270,2024-08-17,CLI00200,Capa para Smartphone,Acessorios,"52,94",2,Sao Paulo/SP/Brasil,Boleto,Entregue
TRX0000490,PED000270,17/08/2024,CLI00200,Jaqueta Corta Vento,Moda,256.62,1,Sao Paulo/SP/Brasil,Boleto,Entregue
TRX0000491,PED000270,17-08-2024,CLI00200,Halteres 10kg,Esporte,189.26,1,Sao Paulo/SP/Brasil,Boleto,Entregue
TRX0000492,PED000270,2024-08-17,CLI00200,Calca Jeans Reta,Moda,184.16,2,Sao Paulo/SP/Brasil,Boleto,Entregue
TRX0000493,PED000271,2024-08-15,CLI00525,Liquidificador Potente,Casa,"R$ 233,86",2,Brasilia/DF/Brasil,Cartao de Credito,Entregue
TRX0000494,PED000271,15-08-2024,CLI00525,Tapete de Yoga,Esporte,155.94,1,Brasilia/DF/Brasil,Cartao de Credito,Entregue
TRX0000495,PED000272,16/08/2024,CLI00603,Notebook Gamer,Eletronicos,5185.16,3,Salvador/BA/Brasil,Boleto,Entregue
TRX0000496,PED000273,10/09/2024,CLI00170,Hub USB-C,Acessorios,"124,73",1,Belo Horizonte/MG/Brasil,Cartao de Credito,Entregue
TRX0000497,PED000274,2024-09-09,CLI00547,Jogo de Panelas,Casa,"424,93",1,Sao Paulo/SP/Brasil,Boleto,Entregue
TRX0000498,PED000275,07/09/2024,CLI00497,Monitor 27,Eletrônicos,"1.211,73",1,Rio de Janeiro/RJ/Brasil,Cartao de Credito,Entregue
TRX0000499,PED000276,29-09-2024,CLI00591,Headset Gamer,Acessorios,"R$ 247,82",1,Florianopolis/SC/Brasil,Pix,Entregue
TRX0000500,PED000277,2024-09-08,CLI00268,Tapete de Yoga,Esporte,157.48,1,Salvador/BA/Brasil,Pix,Entregue
TRX0000501,PED000278,15/09/2024,CLI00179,Liquidificador Potente,Casa,"R$ 219,91",1,Sao Paulo/SP/Brasil,Boleto,Entregue
TRX0000502,PED000278,15/09/2024,CLI00179,Garrafa Termica,Esporte,114.88,2,Sao Paulo/SP/Brasil,Boleto,Entregue
TRX0000503,PED000279,17/09/2024,CLI00370,Notebook Gamer,Eletronicos,"R$ 4.786,53",1,Uberlandia/MG/Brasil,Cartao de Credito,Cancelado
TRX0000504,PED000280,06/09/2024,CLI00421,Notebook Gamer,Eletronicos,4946.74,1,Porto Alegre/RS/Brasil,Boleto,Entregue
TRX0000505,PED000280,2024-09-06,CLI00421,Mouse Sem Fio,Acessorios,"90,82",1,Porto Alegre/RS/Brasil,Boleto,Entregue
TRX0000506,PED000281,2024-09-05,CLI00214,Monitor 27,eletronicos,1163.66,1,Rio de Janeiro/RJ/Brasil,Cartao de Debito,Entregue
TRX0000507,PED000281,05/09/2024,CLI00214,Camisa Social Slim,Moda,"161,54",3,Rio de Janeiro/RJ/Brasil,Cartao de Debito,Entregue
TRX0000508,PED000281,2024-09-05,CLI00214,Notebook Ultrafino,Eletronicos,3358.00,1,Rio de Janeiro/RJ/Brasil,Cartao de Debito,Entregue
TRX0000509,PED000281,2024-09-05,CLI00214,Camiseta Dry Fit,ESPORTE,"R$ 83,25",1,Rio de Janeiro/RJ/Brasil,Cartao de Debito,Entregue
TRX0000510,PED000282,2024-09-27,CLI00117,Livro Dados em Acao,Livros,"R$ 91,28",1,Curitiba/PR/Brasil,Cartao de Credito,Enviado
TRX0000511,PED000282,2024-09-27,CLI00117,Jaqueta Corta Vento,Moda,"R$ 268,58",1,Curitiba/PR/Brasil,Cartao de Credito,Enviado
TRX0000512,PED000282,27/09/2024,CLI00117,Tablet 10,Eletronicos,"1.278,51",1,Curitiba/PR/Brasil,Cartao de Credito,Enviado
TRX0000513,PED000283,02/09/2024,CLI00535,Mochila para Notebook,Acessorios,"187,75",1,Campinas/SP/Brasil,Pix,Processando
TRX0000514,PED000284,2024-09-27,CLI00551,Luminaria de Mesa,Casa,136.34,1,Belo Horizonte/MG/Brasil,Boleto,ENTREGUE
TRX0000515,PED000285,19-09-2024,CLI00205,Jaqueta Corta Vento,Moda,"264,55",1,Santos/SP/Brasil,Pix,Entregue
TRX0002951,PED001566,12/04/2025,CLI00134,Monitor 27,Eletronicos,1102.72,4,Porto Alegre/RS/Brasil,Pix,Entregue
TRX0000516,PED000285,19/09/2024,CLI00205,Tenis Corrida Leve,Esporte,"R$ 326,49",1,Santos/SP/Brasil,Pix,Entregue
TRX0000517,PED000285,19/09/2024,CLI00205,Notebook Gamer,eletronicos,"R$ 4.686,78",2,Santos/SP/Brasil,Pix,Entregue
TRX0000518,PED000285,2024-09-19,CLI00205,Livro SQL Essencial,Livros,82.85,2,Santos/SP/Brasil,Pix,Entregue
TRX0000519,PED000286,2024-09-08,CLI00547,Teclado Mecanico,Acessorios,"R$ 360,15",4,Sao Paulo/SP/Brasil,Pix,Entregue
TRX0000520,PED000287,2024-09-17,CLI00547,Tablet 10,Eletronicos,1277.85,1,Sao Paulo/SP/Brasil,Pix,Entregue
TRX0000521,PED000287,2024-09-17,CLI00547,Halteres 10kg,Esporte,"R$ 182,80",2,Sao Paulo/SP/Brasil,Pix,Entregue
,PED000287,2024-09-17,CLI00547,Garrafa Termica,Esporte,"R$ 116,44",1,Sao Paulo/SP/Brasil,Pix,Entregue
TRX0000523,PED000287,2024-09-17,CLI00547,Liquidificador Potente,Casa,215.97,1,Sao Paulo/SP/Brasil,Pix,Entregue
TRX0000524,PED000288,2024-09-21,CLI00497,Smart TV 50,Eletronicos,2749.30,4,Rio de Janeiro/RJ/Brasil,Cartao de Credito,Processando
TRX0000525,PED000288,2024-09-21,CLI00497,Livro Dados em Acao,Livros,"R$ 94,07",2,Rio de Janeiro/RJ/Brasil,Cartao de Credito,Processando
TRX0000526,PED000289,2024-09-29,CLI00521,Carregador Turbo,Acessorios,"R$ 97,93",1,Uberlandia/MG/Brasil,Cartao de Credito,entregue
TRX0000527,PED000289,29/09/2024,CLI00521,Teclado Mecanico,Acessorios,359.92,2,Uberlandia/MG/Brasil,Cartao de Credito,Entregue
TRX0000528,PED000290,16-09-2024,CLI00159,Cafeteira Eletrica,Casa,"R$ 277,96",2,Recife/PE/Brasil,Cartao de Credito,Entregue
TRX0000529,PED000291,2024-09-16,CLI00640,Garrafa Termica,Esporte,"119,79",1,Uberlandia/MG/Brasil,Pix,Entregue
TRX0000530,PED000291,16-09-2024,CLI00640,Smart TV 50,Eletronicos,"R$ 2.703,00",3,Uberlandia/MG/Brasil,Pix,Entregue
TRX0000531,PED000291,16-09-2024,CLI00640,Jogo de Panelas,Casa,"R$ 398,34",2,Uberlandia/MG/Brasil,Pix,ENTREGUE
TRX0000532,PED000291,16/09/2024,CLI00640,Hub USB-C,Acessorios,"R$ 133,00",1,Uberlandia/MG/Brasil,Pix,Entregue
TRX0000533,PED000292,15-09-2024,CLI00408,Luminaria de Mesa,casa,146.23,1,Sao Paulo/SP/Brasil,Boleto,Enviado
TRX0000534,PED000292,15-09-2024,CLI00408,Tenis Corrida Leve,ESPORTE,"320,10",1,Sao Paulo/SP/Brasil,Boleto,Enviado
TRX0000535,PED000292,2024-09-15,CLI00408,Monitor 27,Eletronicos,"R$ 1.203,23",1,Sao Paulo/SP/Brasil,Boleto,Enviado
TRX0000536,PED000293,2024-09-06,CLI00024,Hub USB-C,Acessorios,"R$ 133,45",1,Sao Paulo/SP/Brasil,Pix,Entregue
TRX0000537,PED000293,06-09-2024,CLI00024,Camiseta Dry Fit,Esporte,"R$ 86,05",1,Sao Paulo/SP/Brasil,Pix,Entregue
TRX0000538,PED000294,2024-09-13,CLI00421,Tenis Corrida Leve,ESPORTE,321.58,1,Porto Alegre/RS/Brasil,Cartao de Debito,Entregue
TRX0000539,PED000294,13/09/2024,CLI00421,Camiseta Dry Fit,Esporte,82.44,1,Porto Alegre/RS/Brasil,Cartao de Debito,Entregue
TRX0000540,PED000295,2024-09-30,CLI00085,Tablet 10,Eletronicos,1271.14,1,Sao Paulo/SP/Brasil,Cartao de Credito,Entregue
TRX0000541,PED000296,2024-09-30,CLI00418,Vestido Midi,Moda,221.01,1,Sao Paulo/SP/Brasil,Cartao de Credito,Entregue
TRX0000542,PED000296,2024-09-30,CLI00418,Liquidificador Potente,Casa,"209,41",1,Sao Paulo/SP/Brasil,Cartao de Credito,Entregue
TRX0000543,PED000296,30/09/2024,CLI00418,Teclado Mecanico,Acessorios,"369,95",1,Sao Paulo/SP/Brasil,Cartao de Credito,Entregue
TRX0000544,PED000296,30/09/2024,CLI00418,Garrafa Termica,Esporte,"123,41",1,Sao Paulo/SP/Brasil,Cartao de Credito,Entregue
TRX0000545,PED000296,30/09/2024,CLI00418,Hub USB-C,Acessorios,"138,25",1,Sao Paulo/SP/Brasil,Cartao de Credito,Entregue
TRX0000546,PED000297,2024-09-20,CLI00200,Tenis Corrida Leve,Esporte,313.78,1,Sao Paulo/SP/Brasil,Pix,Extraviado
TRX0000547,PED000298,2024-09-29,CLI00136,Vestido Midi,moda,218.73,2,Curitiba/PR/Brasil,Pix,Entregue
TRX0000548,PED000298,29/09/2024,CLI00136,Monitor 27,Eletronicos,"1.142,13",1,Curitiba/PR/Brasil,Pix,Entregue
TRX0000549,PED000299,10-09-2024,CLI00205,Jaqueta Corta Vento,Moda,257.26,4,Santos/SP/Brasil,Cartao de Credito,Entregue
TRX0000550,PED000300,2024-09-18,CLI00412,Camiseta Dry Fit,ESPORTE,"R$ 85,50",1,Sao Paulo/SP/Brasil,Cartao de Credito,Entregue
TRX0000551,PED000301,2024-09-09,CLI00580,Camiseta Dry Fit,Esporte,79.38,1,Rio de Janeiro/RJ/Brasil,Pix,Entregue
TRX0000552,PED000301,09-09-2024,CLI00580,Halteres 10kg,Esporte,"184,36",1,Rio de Janeiro/RJ/Brasil,Pix,Entregue
TRX0000553,PED000301,2024-09-09,,Jogo de Panelas,casa,430.28,1,Rio de Janeiro/RJ/Brasil,Pix,Entregue
TRX0000554,PED000302,26-09-2024,CLI00662,Tapete de Yoga,Esporte,"145,63",1,Recife/PE/Brasil,Cartao de Credito,Entregue
TRX0000555,PED000302,26-09-2024,CLI00662,Halteres 10kg,Esporte,"198,91",2,Recife/PE/Brasil,Cartao de Credito,Entregue
TRX0000556,PED000302,26/09/2024,CLI00662,Teclado Mecanico,Acessorios,374.04,2,Recife/PE/Brasil,Cartao de Credito,Entregue
TRX0000557,PED000302,26/09/2024,CLI00662,Mochila para Notebook,Acessorios,"R$ 192,07",1,Recife/PE/Brasil,Cartao de Credito,Entregue
TRX0000558,PED000303,10/09/2024,CLI00417,Luminaria de Mesa,Casa,"R$ 140,36",2,Sao Paulo/SP/Brasil,Cartao de Credito,Cancelado
TRX0000559,PED000303,10-09-2024,CLI00417,Mouse Sem Fio,Acessorios,"R$ 95,24",1,Sao Paulo/SP/Brasil,Cartao de Credito,Cancelado
TRX0000560,PED000304,23/09/2024,CLI00119,Tenis Corrida Leve,ESPORTE,"332,92",1,Niteroi/RJ/Brasil,Cartao de Credito,Devolvido
TRX0000561,PED000304,2024-09-23,CLI00119,Halteres 10kg,Esporte,"R$ 195,48",4,Niteroi/RJ/Brasil,Cartao de Credito,Devolvido
TRX0000393,PED000219,14-08-2024,CLI00140,Mouse Sem Fio,ACESSORIOS,89.24,2,Rio de Janeiro/RJ/Brasil,Pix,Entregue
TRX0000562,PED000305,2024-09-08,CLI00117,Mouse Sem Fio,Acessorios,"R$ 91,64",1,Curitiba/PR/Brasil,Cartao de Credito,Enviado
TRX0000563,PED000305,08/09/2024,CLI00117,Aspirador Robo,CASA,1664.88,2,Curitiba/PR/Brasil,Cartao de Credito,Enviado
TRX0000564,PED000306,11/09/2024,CLI00677,Headset Gamer,Acessorios,"276,92",1,Porto Alegre/RS/Brasil,Pix,Cancelado
TRX0000565,PED000306,11/09/2024,CLI00677,Luminaria de Mesa,Casa,142.55,1,Porto Alegre/RS/Brasil,Pix,Cancelado
TRX0000566,PED000306,11/09/2024,CLI00677,Tenis Corrida Leve,Esporte,339.92,2,Porto Alegre/RS/Brasil,Pix,Cancelado
TRX0000567,PED000306,2024-09-11,CLI00677,Camisa Social Slim,MODA,"R$ 171,50",2,Porto Alegre/RS/Brasil,Pix,Cancelado
TRX0000568,PED000306,11/09/2024,CLI00677,Aspirador Robo,Casa,1673.50,1,Porto Alegre/RS/Brasil,Pix,Cancelado
TRX0000569,PED000307,26-09-2024,CLI00254,Headset Gamer,Acessorios,"R$ 267,36",1,Sao Paulo/SP/Brasil,Cartao de Debito,Entregue
TRX0000570,PED000307,26-09-2024,CLI00254,Livro Dados em Acao,Livros,93.28,1,Sao Paulo/SP/Brasil,Cartao de Debito,Entregue
TRX0000571,PED000307,2024-09-26,CLI00254,Camisa Social Slim,Moda,153.19,1,Sao Paulo/SP/Brasil,Cartao de Debito,Entregue
TRX0000572,PED000307,26/09/2024,CLI00254,Capa para Smartphone,Acessorios,"51,45",1,Sao Paulo/SP/Brasil,Cartao de Debito,Entregue
TRX0000573,PED000308,2024-09-20,CLI00172,Hub USB-C,Acessorios,123.68,2,Fortaleza/CE/Brasil,Cartao de Credito,ENTREGUE
TRX0000574,PED000308,20-09-2024,CLI00172,Calca Jeans Reta,Moda,"R$ 195,31",1,Fortaleza/CE/Brasil,Cartao de Credito,Entregue
TRX0000575,PED000308,2024-09-20,CLI00172,Jaqueta Corta Vento,Moda,"262,00",3,Fortaleza/CE/Brasil,Cartao de Credito,Entregue
TRX0000576,PED000308,2024-09-20,CLI00172,Smart TV 50,Eletronicos,"R$ 2.534,66",2,Fortaleza/CE/Brasil,Cartao de Credito,Entregue
TRX0000577,PED000309,04/09/2024,CLI00497,Notebook Ultrafino,Eletrônicos,3699.42,3,Rio de Janeiro/RJ/Brasil,Boleto,Entregue
TRX0000578,PED000310,26/09/2024,CLI00577,Halteres 10kg,ESPORTE,203.83,1,Rio de Janeiro/RJ/Brasil,Pix,Processando
TRX0000579,PED000311,2024-09-16,CLI00024,Smartphone X200,Eletronicos,"2.179,08",4,Sao Paulo/SP/Brasil,Cartao de Debito,Processando
TRX0000580,PED000311,2024-09-16,CLI00024,Capa para Smartphone,ACESSORIOS,"47,66",1,Sao Paulo/SP/Brasil,Cartao de Debito,Processando
TRX0000581,PED000312,2024-09-13,CLI00569,Tablet 10,Eletronicos,"R$ 1.250,12",2,Campinas/SP/Brasil,Boleto,Entregue
TRX0000582,PED000312,2024-09-13,CLI00569,Liquidificador Potente,Casa,"R$ 227,90",4,Campinas/SP/Brasil,Boleto,Entregue
TRX0000583,PED000313,22-09-2024,CLI00525,Jaqueta Corta Vento,Moda,"R$ 278,10",1,Brasilia/DF/Brasil,Cartao de Credito,Entregue
TRX0000584,PED000313,2024-09-22,CLI00525,Mochila para Notebook,ACESSORIOS,"R$ 179,77",1,Brasilia/DF/Brasil,Cartao de Credito,Extraviado
TRX0000585,PED000313,2024-09-22,CLI00525,Tenis Corrida Leve,Esporte,"R$ 320,88",1,Brasilia/DF/Brasil,Cartao de Credito,Entregue
TRX0000586,PED000314,2024-09-04,CLI00486,,Casa,"147,09",3,Rio de Janeiro/RJ/Brasil,Cartao de Credito,Entregue
TRX0000587,PED000315,2024-09-19,CLI00080,Liquidificador Potente,Casa,224.70,1,Belo Horizonte/MG/Brasil,Cartao de Debito,Entregue
TRX0000588,PED000315,2024-09-19,CLI00080,Carregador Turbo,Acessorios,"R$ 96,90",1,Belo Horizonte/MG/Brasil,Cartao de Debito,Entregue
TRX0000589,PED000316,,CLI00346,Mochila para Notebook,Acessorios,"R$ 170,40",1,Santos/SP/Brasil,Pix,Entregue
TRX0000590,PED000317,19/09/2024,CLI00207,Mochila para Notebook,Acessorios,"R$ 192,99",1,Recife/PE/Brasil,Pix,Entregue
TRX0000591,PED000318,2024-09-12,CLI00081,Cafeteira Eletrica,Casa,296.94,1,Sao Paulo/SP/Brasil,Pix,Entregue
TRX0000592,PED000318,2024-09-12,CLI00081,Calca Jeans Reta,Moda,"R$ 187,44",2,Sao Paulo/SP/Brasil,Pix,Entregue
TRX0000593,PED000319,17/09/2024,CLI00286,Livro SQL Essencial,Livros,"R$ 77,75",2,Curitiba/PR/Brasil,Cartao de Credito,Entregue
TRX0000594,PED000319,2024-09-17,CLI00286,Notebook Ultrafino,Eletronicos,"R$ 3.308,21",1,Curitiba/PR/Brasil,Cartao de Credito,Entregue
TRX0000595,PED000320,2024-09-25,CLI00214,Livro Dados em Acao,LIVROS,"R$ 93,21",2,Rio de Janeiro/RJ/Brasil,Cartao de Credito,Entregue
TRX0000596,PED000321,05-09-2024,CLI00292,Halteres 10kg,Esporte,"R$ 190,07",2,Uberlandia/MG/Brasil,Cartao de Credito,Entregue
TRX0000597,PED000321,2024-09-05,CLI00292,Carregador Turbo,Acessorios,"R$ 98,35",2,Uberlandia/MG/Brasil,Cartao de Credito,Entregue
TRX0006043,PED003202,27/01/2026,CLI00314,Headset Gamer,Acessorios,"R$ 261,56",1,Sao Paulo/SP/Brasil,Pix,Entregue
TRX0000598,PED000321,2024-09-05,CLI00292,Monitor 27,Eletrônicos,"1.223,75",1,Uberlandia/MG/Brasil,Cartao de Credito,Entregue
TRX0000599,PED000322,2024-09-22,CLI00179,Livro Historia do Brasil,Livros,"R$ 69,07",1,Sao Paulo/SP/Brasil,Cartao de Credito,Entregue
TRX0000600,PED000323,2024-09-28,CLI00505,Tablet 10,Eletrônicos,"R$ 1.256,02",1,Santos/SP/Brasil,Pix,Entregue
TRX0000601,PED000324,07-09-2024,CLI00443,Garrafa Termica,Esporte,"122,13",1,Curitiba/PR/Brasil,Boleto,Entregue
TRX0000602,PED000325,2024-09-24,CLI00141,Teclado Mecanico,Acessorios,,2,Sao Paulo/SP/Brasil,Cartao de Debito,Enviado
,PED000325,sem data,CLI00141,Monitor 27,Eletronicos,"R$ 1.200,89",2,Sao Paulo/SP/Brasil,Cartao de Debito,Enviado
TRX0000604,PED000326,2024-09-18,CLI00577,Notebook Gamer,Eletronicos,"4.929,33",1,Rio de Janeiro/RJ/Brasil,Pix,Entregue
TRX0000605,PED000327,2024-09-20,CLI00251,Livro SQL Essencial,Livros,"79,88",1,Recife/PE/Brasil,Cartao de Credito,Cancelado
TRX0000606,PED000327,20-09-2024,CLI00251,Tablet 10,Eletronicos,"R$ 1.256,73",3,Recife/PE/Brasil,Cartao de Credito,Cancelado
TRX0000607,PED000328,22/09/2024,CLI00525,Notebook Gamer,Eletronicos,"R$ 4.921,39",1,Brasilia/DF/Brasil,Boleto,entregue
TRX0000608,PED000328,2024-09-22,CLI00525,Mouse Sem Fio,Acessorios,"88,00",1,Brasilia/DF/Brasil,Boleto,Entregue
TRX0000609,PED000328,2024-09-22,CLI00525,Garrafa Termica,ESPORTE,"126,62",3,Brasilia/DF/Brasil,Boleto,entregue
TRX0000610,PED000329,2024-09-12,CLI00623,Jogo de Panelas,Casa,,1,Curitiba/PR/Brasil,Pix,Entregue
TRX0000611,PED000330,18-09-2024,CLI00428,Hub USB-C,Acessorios,132.53,1,Recife/PE/Brasil,Pix,Entregue
TRX0000612,PED000330,18/09/2024,CLI00428,Teclado Mecanico,Acessorios,368.44,1,Recife/PE/Brasil,Pix,Entregue
TRX0000613,PED000331,2024-09-01,CLI00337,Halteres 10kg,Esporte,179.80,1,Rio de Janeiro/RJ/Brasil,Pix,Entregue
TRX0000614,PED000331,2024-09-01,CLI00337,Calca Jeans Reta,Moda,"R$ 194,53",1,Rio de Janeiro/RJ/Brasil,Pix,Entregue
TRX0000615,PED000332,2024-09-23,CLI00460,Livro Historia do Brasil,Livros,"R$ 73,84",1,Sao Paulo/SP/Brasil,Cartao de Credito,Entregue
TRX0000616,PED000332,23-09-2024,CLI00460,Notebook Gamer,Eletronicos,5249.09,1,Sao Paulo/SP/Brasil,Cartao de Credito,Entregue
TRX0000617,PED000333,2024-09-08,CLI00362,Tablet 10,Eletronicos,1229.29,1,Campinas/SP/Brasil,Cartao de Credito,Entregue
TRX0000618,PED000334,2024-09-14,CLI00418,Calca Jeans Reta,moda,"R$ 199,16",1,Sao Paulo/SP/Brasil,Pix,Enviado
TRX0000619,PED000335,08/09/2024,CLI00112,Livro SQL Essencial,Livros,"75,41",3,Fortaleza/CE/Brasil,Cartao de Credito,Entregue
TRX0000620,PED000335,2024-09-08,CLI00112,Capa para Smartphone,Acessorios,53.42,1,Fortaleza/CE/Brasil,Cartao de Credito,entregue
TRX0000621,PED000336,19-09-2024,CLI00426,Tapete de Yoga,Esporte,"146,00",1,Rio de Janeiro/RJ/Brasil,Cartao de Credito,Entregue
TRX0000622,PED000336,19/09/2024,CLI00426,Halteres 10kg,Esporte,191.06,3,Rio de Janeiro/RJ/Brasil,Cartao de Credito,Entregue
TRX0000623,PED000337,22/09/2024,CLI00254,Jogo de Panelas,Casa,420.83,1,Sao Paulo/SP/Brasil,Pix,ENTREGUE
TRX0000624,PED000338,07/09/2024,CLI00623,Aspirador Robo,CASA,"R$ 1.612,93",1,Curitiba/PR/Brasil,Pix,Entregue
TRX0000625,PED000338,07/09/2024,CLI00623,Notebook Gamer,Eletronicos,4904.12,1,Curitiba/PR/Brasil,Pix,Entregue
TRX0000626,PED000339,26-09-2024,CLI00577,Livro Dados em Acao,livros,88.57,1,Rio de Janeiro/RJ/Brasil,Boleto,Entregue
TRX0001075,PED000572,21/11/2024,CLI00541,Liquidificador Potente,CASA,"R$ 233,10",1,Sao Paulo/SP/Brasil,Cartao de Debito,Entregue
TRX0000627,PED000339,2024-09-26,CLI00577,Aspirador Robo,Casa,"R$ 1.670,37",1,Rio de Janeiro/RJ/Brasil,Boleto,Entregue
TRX0000628,PED000339,26-09-2024,CLI00577,Smart TV 50,ELETRONICOS,"2.740,35",1,Rio de Janeiro/RJ/Brasil,Boleto,Entregue
TRX0000629,PED000340,2024-09-19,CLI00112,Hub USB-C,Acessorios,"R$ 132,46",2,Fortaleza/CE/Brasil,Pix,Entregue
TRX0000630,PED000341,06/09/2024,CLI00538,Capa para Smartphone,Acessorios,48.70,1,Sao Paulo/SP/Brasil,Cartao de Credito,Processando
TRX0000631,PED000341,2024-09-06,CLI00538,Smartphone X200,Eletronicos,"R$ 2.340,67",1,Sao Paulo/SP/Brasil,Cartao de Credito,Processando
TRX0000632,PED000341,06/09/2024,CLI00538,Mochila para Notebook,Acessorios,"R$ 177,61",1,Sao Paulo/SP/Brasil,Cartao de Credito,Processando
TRX0000633,PED000341,06/09/2024,CLI00538,Tapete de Yoga,Esporte,"R$ 155,86",2,Sao Paulo/SP/Brasil,Cartao de Credito,Processando
TRX0000634,PED000342,2024-09-27,CLI00577,,Acessorios,"R$ 376,38",1,Rio de Janeiro/RJ/Brasil,Pix,Cancelado
TRX0000635,PED000343,2024-09-09,CLI00577,Liquidificador Potente,Casa,"220,48",1,Rio de Janeiro/RJ/Brasil,Cartao de Debito,Entregue
TRX0000636,PED000343,2024-09-09,CLI00577,Tapete de Yoga,Esporte,"R$ 152,21",1,Rio de Janeiro/RJ/Brasil,Cartao de Debito,Entregue
TRX0000637,PED000343,09-09-2024,CLI00577,Calca Jeans Reta,MODA,"R$ 199,03",3,Rio de Janeiro/RJ/Brasil,Cartao de Debito,Entregue
TRX0000638,PED000344,2024-09-04,CLI00128,Livro SQL Essencial,Livros,79.33,2,Belo Horizonte/MG/Brasil,Pix,Entregue
TRX0000639,PED000345,05/09/2024,CLI00452,Livro SQL Essencial,Livros,77.84,1,Recife/PE/Brasil,Cartao de Debito,Entregue
TRX0000640,PED000345,2024-09-05,CLI00452,Headset Gamer,Acessorios,264.87,1,Recife/PE/Brasil,Cartao de Debito,Entregue
TRX0000641,PED000345,05-09-2024,CLI00452,Luminaria de Mesa,Casa,"R$ 138,24",2,Recife/PE/Brasil,Cartao de Debito,Entregue
TRX0000642,PED000346,2024-09-22,CLI00297,Livro Dados em Acao,Livros,95.16,2,Sao Paulo/SP/Brasil,Pix,Entregue
TRX0000643,PED000346,2024-09-22,CLI00297,Livro SQL Essencial,Livros,81.84,1,Sao Paulo/SP/Brasil,Pix,Entregue
TRX0000644,PED000346,22-09-2024,CLI00297,Tapete de Yoga,Esporte,"156,03",1,Sao Paulo/SP/Brasil,Pix,Entregue
TRX0000645,PED000347,2024-09-26,CLI00254,Smartphone X200,Eletronicos,"2.299,98",2,Sao Paulo/SP/Brasil,Cartao de Debito,DEVOLVIDO
TRX0000646,PED000347,2024-09-26,CLI00254,Carregador Turbo,Acessorios,95.14,2,Sao Paulo/SP/Brasil,Cartao de Debito,Devolvido
TRX0000647,PED000348,2024-09-29,CLI00351,Headset Gamer,Acessorios,269.53,1,Sao Paulo/SP/Brasil,Cartao de Credito,Cancelado
TRX0000648,PED000348,2024-09-29,CLI00351,Vestido Midi,Moda,"231,54",1,Sao Paulo/SP/Brasil,Cartao de Credito,Cancelado
TRX0000649,PED000349,2024-09-25,CLI00080,Calca Jeans Reta,Moda,"R$ 190,29",4,Belo Horizonte/MG/Brasil,Pix,Entregue
TRX0000650,PED000350,09/09/2024,CLI00603,Livro Historia do Brasil,Livros,67.39,1,Salvador/BA/Brasil,Cartao de Debito,Entregue
TRX0000651,PED000350,09-09-2024,CLI00603,Tapete de Yoga,Esporte,159.75,1,Salvador/BA/Brasil,Cartao de Debito,Entregue
TRX0000652,PED000350,09/09/2024,CLI00603,Garrafa Termica,ESPORTE,"R$ 115,28",1,Salvador/BA/Brasil,Cartao de Debito,Entregue
TRX0000653,PED000351,17/09/2024,CLI00577,Mochila para Notebook,Acessorios,"R$ 185,88",1,Rio de Janeiro/RJ/Brasil,Cartao de Credito,Entregue
TRX0000654,PED000351,2024-09-17,CLI00577,Liquidificador Potente,Casa,214.58,3,Rio de Janeiro/RJ/Brasil,Cartao de Credito,Entregue
TRX0000655,PED000351,2024-09-17,CLI00577,Livro Dados em Acao,Livros,91.73,4,Rio de Janeiro/RJ/Brasil,Cartao de Credito,Entregue
TRX0000656,PED000351,17/09/2024,CLI00577,Calca Jeans Reta,moda,"190,70",1,Rio de Janeiro/RJ/Brasil,Cartao de Credito,Entregue
TRX0000657,PED000352,05/09/2024,CLI00527,Hub USB-C,Acessorios,128.69,2,Curitiba/PR/Brasil,Cartao de Debito,Enviado
TRX0000658,PED000353,03/09/2024,CLI00081,Livro SQL Essencial,Livros,85.15,1,Sao Paulo/SP/Brasil,Cartao de Credito,Entregue
TRX0000659,PED000353,2024-09-03,CLI00081,Luminaria de Mesa,Casa,"135,99",2,Sao Paulo/SP/Brasil,Cartao de Credito,Entregue
TRX0000660,PED000354,01/09/2024,CLI00421,Notebook Gamer,Eletronicos,"5.187,91",1,Porto Alegre/RS/Brasil,Cartao de Credito,Entregue
TRX0000661,PED000354,00/00/0000,CLI00421,Headset Gamer,Acessorios,"262,11",3,Porto Alegre/RS/Brasil,Cartao de Credito,Entregue
TRX0000662,PED000355,2024-09-17,CLI00374,Smart TV 50,Eletronicos,"2.631,77",1,Rio de Janeiro/RJ/Brasil,Cartao de Debito,Entregue
TRX0000663,PED000355,2024-09-17,,Smartphone X200,Eletronicos,"2.221,62",1,Rio de Janeiro/RJ/Brasil,Cartao de Debito,Entregue
TRX0000664,PED000355,2024-09-17,CLI00374,Calca Jeans Reta,Moda,198.45,2,Rio de Janeiro/RJ/Brasil,Cartao de Debito,Entregue
TRX0000665,PED000355,17/09/2024,CLI00374,Jaqueta Corta Vento,Moda,"R$ 263,33",3,Rio de Janeiro/RJ/Brasil,Cartao de Debito,Entregue
TRX0000666,PED000356,2024-09-25,CLI00080,Cafeteira Eletrica,Casa,"R$ 280,02",1,Belo Horizonte/MG/Brasil,Pix,entregue
TRX0000667,PED000356,2024-09-25,CLI00080,Liquidificador Potente,CASA,"226,93",1,Belo Horizonte/MG/Brasil,Pix,Entregue
TRX0000668,PED000357,10/09/2024,CLI00443,Camiseta Dry Fit,Esporte,81.15,1,Curitiba/PR/Brasil,Pix,Enviado
TRX0000669,PED000357,2024-09-10,CLI00443,Hub USB-C,Acessorios,"R$ 130,02",1,Curitiba/PR/Brasil,Pix,Enviado
TRX0000670,PED000358,06-09-2024,CLI00374,Halteres 10kg,Esporte,"1.942,50",1,Rio de Janeiro/RJ/Brasil,Cartao de Credito,Entregue
TRX0000671,PED000359,04/09/2024,CLI00029,Aspirador Robo,CASA,1561.56,2,Campinas/SP/Brasil,Cartao de Credito,Entregue
TRX0000672,PED000360,22/09/2024,CLI00095,Cafeteira Eletrica,Casa,310.63,1,Belo Horizonte/MG/Brasil,Boleto,Entregue
TRX0000673,PED000360,2024-09-22,CLI00095,Smart TV 50,Eletronicos,2486.23,1,Belo Horizonte/MG/Brasil,Boleto,Entregue
TRX0000674,PED000360,22/09/2024,CLI00095,Liquidificador Potente,Casa,"R$ 216,31",1,Belo Horizonte/MG/Brasil,Boleto,Entregue
TRX0000675,PED000360,2024-09-22,CLI00095,Notebook Ultrafino,Eletronicos,3682.75,1,Belo Horizonte/MG/Brasil,Boleto,Entregue
TRX0000676,PED000361,16/09/2024,CLI00140,Notebook Gamer,Eletrônicos,"R$ 5.117,63",1,Rio de Janeiro/RJ/Brasil,Pix,Entregue
TRX0000677,PED000361,16-09-2024,CLI00140,Mouse Sem Fio,Acessorios,"86,01",1,Rio de Janeiro/RJ/Brasil,Pix,Entregue
TRX0000678,PED000361,16/09/2024,CLI00140,Headset Gamer,Acessorios,"261,17",2,Rio de Janeiro/RJ/Brasil,Pix,Entregue
TRX0000679,PED000362,2024-09-28,CLI00107,Luminaria de Mesa,Casa,"142,51",1,Campinas/SP/Brasil,Boleto,Entregue
TRX0000680,PED000362,2024-09-28,CLI00107,Halteres 10kg,Esporte,"R$ 190,32",3,Campinas/SP/Brasil,Boleto,Entregue
TRX0000681,PED000363,2024-09-08,CLI00059,Halteres 10kg,Esporte,"190,55",1,Santos/SP/Brasil,Pix,Entregue
TRX0000682,PED000364,2024-09-04,CLI00412,Teclado Mecanico,Acessorios,"R$ 362,72",1,Sao Paulo/SP/Brasil,Cartao de Credito,Entregue
TRX0000683,PED000365,20-09-2024,CLI00179,Carregador Turbo,Acessorios,"R$ 99,75",2,Sao Paulo/SP/Brasil,Cartao de Credito,Devolvido
TRX0000684,PED000366,03-09-2024,,Teclado Mecanico,Acessorios,"R$ 372,35",1,Porto Alegre/RS/Brasil,Cartao de Debito,Entregue
TRX0000685,PED000367,05/09/2024,CLI00539,Mouse Sem Fio,ACESSORIOS,87.43,1,Rio de Janeiro/RJ/Brasil,Cartao de Credito,entregue
TRX0000686,PED000368,2024-09-26,CLI00577,Garrafa Termica,esporte,127.90,1,Rio de Janeiro/RJ/Brasil,Boleto,Entregue
TRX0000687,PED000369,18/09/2024,CLI00412,Jaqueta Corta Vento,Moda,"R$ 260,32",4,Sao Paulo/SP/Brasil,Pix,Entregue
TRX0000688,PED000369,18/09/2024,CLI00412,Mouse Sem Fio,Acessorios,85.84,1,Sao Paulo/SP/Brasil,Pix,Entregue
TRX0007138,PED003777,2026-04-26,CLI00191,Garrafa Termica,Esporte,"R$ 127,98",1,Sao Paulo/SP/Brasil,Boleto,Entregue
TRX0000689,PED000370,23-09-2024,CLI00125,Smart TV 50,Eletronicos,2530.83,1,Sao Paulo/SP/Brasil,Boleto,Cancelado
TRX0000690,PED000371,2024-09-27,CLI00297,Jaqueta Corta Vento,Moda,272.90,2,Sao Paulo/SP/Brasil,Cartao de Credito,Entregue
TRX0000691,PED000371,27-09-2024,CLI00297,Aspirador Robo,Casa,"1.652,25",2,Sao Paulo/SP/Brasil,Cartao de Credito,Entregue
TRX0000692,PED000371,27/09/2024,CLI00297,Smart TV 50,Eletrônicos,"R$ 2.546,31",1,Sao Paulo/SP/Brasil,Cartao de Credito,Entregue
TRX0000693,PED000371,2024-09-27,CLI00297,Tablet 10,Eletronicos,"R$ 1.299,39",1,Sao Paulo/SP/Brasil,Cartao de Credito,Entregue
TRX0000694,PED000372,2024-09-17,CLI00096,Garrafa Termica,Esporte,"R$ 114,12",1,Campinas/SP/Brasil,Pix,Entregue
TRX0000695,PED000373,2024-09-05,CLI00016,Capa para Smartphone,Acessorios,"R$ 47,81",1,Salvador/BA/Brasil,Cartao de Credito,Entregue
TRX0000696,PED000373,05/09/2024,CLI00016,Tablet 10,Eletronicos,1255.19,1,Salvador/BA/Brasil,Cartao de Credito,Entregue
TRX0000697,PED000374,2024-09-03,CLI00125,Jaqueta Corta Vento,MODA,268.44,1,Sao Paulo/SP/Brasil,Boleto,Cancelado
TRX0000698,PED000375,2024-09-06,CLI00470,Tenis Corrida Leve,Esporte,"R$ 347,34",1,Rio de Janeiro/RJ/Brasil,Pix,ENTREGUE
TRX0000699,PED000376,28-09-2024,CLI00348,Smartphone X200,Eletronicos,"2.340,13",1,Uberlandia/MG/Brasil,Cartao de Credito,Entregue
TRX0000700,PED000377,16-09-2024,CLI00421,Mochila para Notebook,ACESSORIOS,"190,03",3,Porto Alegre/RS/Brasil,Boleto,Enviado
TRX0000701,PED000378,2024-09-11,,Garrafa Termica,Esporte,"R$ 119,22",2,Porto Alegre/RS/Brasil,Cartao de Credito,ENTREGUE
TRX0000702,PED000379,2024-09-20,CLI00576,Smart TV 50,Eletronicos,2490.81,1,Curitiba/PR/Brasil,Pix,Entregue
TRX0000703,PED000379,20-09-2024,CLI00576,Headset Gamer,Acessorios,257.20,1,Curitiba/PR/Brasil,Pix,Entregue
TRX0000704,PED000379,2024-09-20,CLI00576,Livro Dados em Acao,Livros,"93,48",1,Curitiba/PR/Brasil,Pix,Entregue
TRX0000705,PED000379,2024-09-20,CLI00576,Calca Jeans Reta,Moda,198.44,1,Curitiba/PR/Brasil,Pix,Entregue
TRX0000706,PED000380,17/09/2024,CLI00046,Halteres 10kg,Esporte,"198,63",3,Porto Alegre/RS/Brasil,Boleto,Cancelado
TRX0000707,PED000380,2024-09-17,CLI00046,Notebook Ultrafino,Eletronicos,3413.14,1,Porto Alegre/RS/Brasil,Boleto,Cancelado
TRX0000708,PED000380,2024-09-17,CLI00046,Carregador Turbo,Acessorios,"104,45",1,Porto Alegre/RS/Brasil,Boleto,Cancelado
TRX0000709,PED000380,2024-09-17,CLI00046,Smart TV 50,Eletronicos,2461.92,1,Porto Alegre/RS/Brasil,Boleto,Cancelado
TRX0000710,PED000381,2024-09-25,CLI00117,Jogo de Panelas,Casa,396.69,1,Curitiba/PR/Brasil,Pix,Entregue
TRX0000711,PED000382,2024-09-01,CLI00234,Camiseta Dry Fit,esporte,"82,07",1,Florianopolis/SC/Brasil,Cartao de Debito,Entregue
TRX0000712,PED000383,13-09-2024,CLI00242,Teclado Mecanico,Acessorios,376.67,3,Sao Paulo/SP/Brasil,Cartao de Credito,Entregue
TRX0000713,PED000384,17/09/2024,CLI00567,Liquidificador Potente,Casa,"R$ 218,55",1,Belo Horizonte/MG/Brasil,Cartao de Credito,Entregue
TRX0000714,PED000384,,CLI00567,Tenis Corrida Leve,Esporte,"R$ 314,84",1,Belo Horizonte/MG/Brasil,Cartao de Credito,Entregue
TRX0000715,PED000384,2024-09-17,CLI00567,Jogo de Panelas,Casa,"R$ 403,91",1,Belo Horizonte/MG/Brasil,Cartao de Credito,Entregue
TRX0000716,PED000385,24-09-2024,CLI00599,Tapete de Yoga,Esporte,157.46,1,Sao Paulo/SP/Brasil,Pix,Enviado
TRX0000717,PED000385,24-09-2024,CLI00599,Headset Gamer,Acessorios,270.63,1,Sao Paulo/SP/Brasil,Pix,Enviado
TRX0000718,PED000386,17-09-2024,CLI00443,Carregador Turbo,Acessorios,"R$ 100,62",1,Curitiba/PR/Brasil,Cartao de Credito,Entregue
TRX0000719,PED000386,2024-09-17,CLI00443,Cafeteira Eletrica,Casa,"283,50",1,Curitiba/PR/Brasil,Cartao de Credito,Entregue
TRX0000720,PED000387,2024-09-02,CLI00591,Headset Gamer,Acessorios,"R$ 266,43",1,Florianopolis/SC/Brasil,Pix,ENTREGUE
TRX0000721,PED000387,2024-09-02,CLI00591,Notebook Gamer,Eletronicos,"R$ 5.210,96",2,Florianopolis/SC/Brasil,Pix,Entregue
TRX0000722,PED000388,2024-09-16,CLI00317,Tenis Corrida Leve,ESPORTE,"351,38",2,Salvador/BA/Brasil,Pix,Entregue
TRX0000723,PED000389,2024-09-13,CLI00615,Capa para Smartphone,Acessorios,"R$ 48,26",4,Campinas/SP/Brasil,Cartao de Debito,Cancelado
TRX0000724,PED000389,,CLI00615,Calca Jeans Reta,Moda,180.07,1,Campinas/SP/Brasil,Cartao de Debito,Cancelado
TRX0000725,PED000389,2024-09-13,CLI00615,Tablet 10,Eletronicos,1382.27,1,Campinas/SP/Brasil,Cartao de Debito,Cancelado
TRX0000726,PED000390,2024-09-05,CLI00080,Capa para Smartphone,Acessorios,50.95,1,Belo Horizonte/MG/Brasil,Pix,Entregue
TRX0000727,PED000390,05/09/2024,CLI00080,Garrafa Termica,Esporte,116.67,2,Belo Horizonte/MG/Brasil,Pix,Entregue
TRX0000728,PED000391,2024-09-08,CLI00497,Livro Dados em Acao,Livros,"R$ 91,93",1,Rio de Janeiro/RJ/Brasil,Pix,Entregue
TRX0000729,PED000392,2024-09-16,CLI00569,Cafeteira Eletrica,casa,"R$ 308,56",1,Campinas/SP/Brasil,Boleto,ENTREGUE
TRX0000730,PED000392,16/09/2024,CLI00569,Liquidificador Potente,Casa,"R$ 222,57",1,Campinas/SP/Brasil,Boleto,entregue
TRX0000731,PED000393,2024-09-01,CLI00662,Liquidificador Potente,Casa,"R$ 232,27",2,Recife/PE/Brasil,Pix,Entregue
TRX0000732,PED000394,16-09-2024,CLI00136,Garrafa Termica,Esporte,115.24,2,Curitiba/PR/Brasil,Cartao de Credito,Entregue
TRX0000733,PED000395,2024-09-02,CLI00065,Aspirador Robo,Casa,1511.91,1,Rio de Janeiro/RJ/Brasil,Boleto,Entregue
TRX0000734,PED000396,2024-09-14,CLI00081,Notebook Ultrafino,Eletronicos,"R$ 3.362,36",2,Sao Paulo/SP/Brasil,Cartao de Credito,Devolvido
TRX0000735,PED000397,2024-09-24,CLI00254,Monitor 27,Eletrônicos,"1.177,39",1,Sao Paulo/SP/Brasil,Cartao de Credito,Entregue
TRX0001702,PED000900,2024-12-05,CLI00251,Liquidificador Potente,casa,217.57,1,Recife/PE/Brasil,Cartao de Credito,ENTREGUE
TRX0000736,PED000398,2024-09-02,CLI00445,Carregador Turbo,Acessorios,"100,00",1,Sao Paulo/SP/Brasil,Cartao de Credito,Cancelado
TRX0000737,PED000398,2024-09-02,CLI00445,Livro Historia do Brasil,Livros,"70,80",2,Sao Paulo/SP/Brasil,Cartao de Credito,Cancelado
TRX0000738,PED000398,2024-09-02,CLI00445,Teclado Mecanico,Acessorios,344.55,1,Sao Paulo/SP/Brasil,Cartao de Credito,Cancelado
TRX0000739,PED000399,01-09-2024,CLI00509,Aspirador Robo,Casa,1683.83,1,Brasilia/DF/Brasil,Pix,Entregue
TRX0000740,PED000399,01/09/2024,CLI00509,Camisa Social Slim,Moda,159.94,1,Brasilia/DF/Brasil,Pix,Entregue
TRX0000741,PED000400,2024-09-29,CLI00176,Notebook Gamer,Eletronicos,"R$ 4.727,77",1,Belo Horizonte/MG/Brasil,Cartao de Credito,Entregue
TRX0000742,PED000401,2024-09-15,CLI00150,Smartphone X200,Eletronicos,"R$ 2.370,56",1,Sao Paulo/SP/Brasil,Pix,Entregue
TRX0000743,PED000401,15/09/2024,CLI00150,Carregador Turbo,Acessorios,98.81,1,Sao Paulo/SP/Brasil,Pix,Entregue
TRX0000744,PED000402,2024-09-24,CLI00577,Camisa Social Slim,Moda,154.51,1,Rio de Janeiro/RJ/Brasil,Pix,Entregue
TRX0000745,PED000403,18/09/2024,CLI00525,Teclado Mecanico,Acessorios,"341,58",3,Brasilia/DF/Brasil,Pix,Enviado
TRX0000746,PED000403,2024-09-18,CLI00525,Smart TV 50,Eletronicos,"R$ 2.789,86",1,Brasilia/DF/Brasil,Pix,enviado
TRX0000747,PED000404,2024-09-02,CLI00346,Hub USB-C,Acessorios,127.63,1,Santos/SP/Brasil,Cartao de Credito,Entregue
TRX0000748,PED000404,2024-09-02,CLI00346,Smart TV 50,ELETRONICOS,"R$ 2.537,58",1,Santos/SP/Brasil,Cartao de Credito,Entregue
TRX0000749,PED000404,02/09/2024,CLI00346,Notebook Ultrafino,Eletronicos,3354.46,1,Santos/SP/Brasil,Cartao de Credito,ENTREGUE
TRX0000750,PED000404,02-09-2024,CLI00346,Tenis Corrida Leve,Esporte,"337,15",3,Santos/SP/Brasil,Cartao de Credito,Entregue
TRX0000751,PED000405,2024-09-14,CLI00412,Camisa Social Slim,Moda,"R$ 158,38",2,Sao Paulo/SP/Brasil,Cartao de Credito,Cancelado
TRX0000752,PED000405,2024-09-14,CLI00412,Garrafa Termica,Esporte,"R$ 119,53",1,Sao Paulo/SP/Brasil,Cartao de Credito,Cancelado
TRX0000753,PED000406,2024-09-11,CLI00428,Tenis Corrida Leve,Esporte,328.64,2,Recife/PE/Brasil,Cartao de Debito,Entregue
TRX0000754,PED000407,2024-09-10,CLI00421,Mochila para Notebook,Acessorios,"170,19",-1,Porto Alegre/RS/Brasil,Cartao de Credito,entregue
TRX0000755,PED000408,2024-09-25,CLI00268,Aspirador Robo,Casa,"1.550,19",1,Salvador/BA/Brasil,Boleto,Entregue
TRX0000756,PED000409,2024-09-13,CLI00080,Aspirador Robo,Casa,1608.68,1,Belo Horizonte/MG/Brasil,Pix,Entregue
TRX0000757,PED000409,13/09/2024,CLI00080,Garrafa Termica,Esporte,"R$ 113,56",2,Belo Horizonte/MG/Brasil,Pix,Entregue
TRX0000758,PED000410,11/09/2024,CLI00400,Notebook Gamer,Eletronicos,"R$ 5.003,60",1,Uberlandia/MG/Brasil,Pix,Entregue
TRX0000759,PED000410,11/09/2024,CLI00400,Headset Gamer,Acessórios,"264,27",2,Uberlandia/MG/Brasil,Pix,Entregue
TRX0000760,PED000411,2024-09-05,CLI00435,Aspirador Robo,Casa,1672.62,1,Salvador/BA/Brasil,Cartao de Credito,Entregue
TRX0000761,PED000411,05-09-2024,CLI00435,Tapete de Yoga,Esporte,147.97,2,Salvador/BA/Brasil,Cartao de Credito,Entregue
TRX0000762,PED000412,2024-09-11,CLI00577,Aspirador Robo,Casa,1561.65,1,Rio de Janeiro/RJ/Brasil,Boleto,Enviado
TRX0000763,PED000412,2024-09-11,CLI00577,Vestido Midi,Moda,"R$ 234,57",1,Rio de Janeiro/RJ/Brasil,Boleto,Enviado
TRX0000764,PED000412,2024-09-11,CLI00577,Livro Historia do Brasil,Livros,72.18,2,Rio de Janeiro/RJ/Brasil,Boleto,Enviado
TRX0000765,PED000412,2024-09-11,CLI00577,Jaqueta Corta Vento,Moda,"274,52",3,Rio de Janeiro/RJ/Brasil,Boleto,Enviado
TRX0000766,PED000413,00/00/0000,CLI00577,Tablet 10,Eletronicos,"1.335,92",1,Rio de Janeiro/RJ/Brasil,Boleto,Entregue
TRX0000767,PED000414,2024-09-23,CLI00318,Halteres 10kg,Esporte,191.53,1,Rio de Janeiro/RJ/Brasil,Boleto,Entregue
TRX0000768,PED000414,2024-09-23,CLI00318,Notebook Ultrafino,Eletronicos,3608.00,2,Rio de Janeiro/RJ/Brasil,Boleto,Entregue
TRX0000769,PED000415,2024-09-06,CLI00024,Calca Jeans Reta,Moda,"180,56",2,Sao Paulo/SP/Brasil,Cartao de Debito,Entregue
TRX0000770,PED000415,2024-09-06,CLI00024,Monitor 27,eletronicos,1211.25,1,Sao Paulo/SP/Brasil,Cartao de Debito,Entregue
TRX0000771,PED000416,2024-10-25,CLI00535,Monitor 27,eletronicos,"1.139,46",1,Campinas/SP/Brasil,Cartao de Credito,Cancelado
TRX0000772,PED000417,18/10/2024,CLI00569,Liquidificador Potente,Casa,209.25,2,Campinas/SP/Brasil,Boleto,Entregue
TRX0000773,PED000418,03/10/2024,CLI00563,Camiseta Dry Fit,Esporte,"R$ 85,38",1,Porto Alegre/RS/Brasil,Pix,Entregue
TRX0000774,PED000418,03/10/2024,CLI00563,Jaqueta Corta Vento,Moda,277.59,1,Porto Alegre/RS/Brasil,Pix,Entregue
TRX0000775,PED000418,2024-10-03,CLI00563,Luminaria de Mesa,Casa,"R$ 147,38",1,Porto Alegre/RS/Brasil,Pix,entregue
TRX0000776,PED000419,28-10-2024,CLI00451,Cafeteira Eletrica,Casa,311.46,1,Curitiba/PR/Brasil,Boleto,Entregue
TRX0000777,PED000419,2024-10-28,CLI00451,Teclado Mecanico,Acessorios,335.45,1,Curitiba/PR/Brasil,Boleto,Entregue
TRX0000778,PED000420,29/10/2024,CLI00563,Tapete de Yoga,esporte,"R$ 144,09",4,Porto Alegre/RS/Brasil,Pix,Entregue
TRX0000779,PED000420,2024-10-29,CLI00563,Garrafa Termica,Esporte,116.30,1,Porto Alegre/RS/Brasil,Pix,Entregue
TRX0000780,PED000421,2024-10-06,CLI00541,Mochila para Notebook,Acessorios,173.40,4,Sao Paulo/SP/Brasil,Pix,Entregue
TRX0000781,PED000422,2024-10-13,CLI00053,Luminaria de Mesa,Casa,"R$ 133,21",1,Rio de Janeiro/RJ/Brasil,Cartao de Credito,entregue
TRX0000782,PED000422,13/10/2024,CLI00053,Jogo de Panelas,CASA,"407,04",1,Rio de Janeiro/RJ/Brasil,Cartao de Credito,Entregue
TRX0000783,PED000422,2024-10-13,CLI00053,Mouse Sem Fio,Acessorios,"92,44",1,Rio de Janeiro/RJ/Brasil,Cartao de Credito,Entregue
TRX0000784,PED000422,13/10/2024,CLI00053,Smartphone X200,Eletronicos,"R$ 2.160,70",1,Rio de Janeiro/RJ/Brasil,Cartao de Credito,Entregue
TRX0000785,PED000423,22/10/2024,CLI00523,Luminaria de Mesa,Casa,"141,18",3,Porto Alegre/RS/Brasil,Cartao de Credito,Entregue
TRX0000786,PED000423,2024-10-22,CLI00523,Notebook Ultrafino,Eletronicos,"R$ 3.622,30",1,Porto Alegre/RS/Brasil,Cartao de Credito,Entregue
TRX0000787,PED000423,22-10-2024,CLI00523,Aspirador Robo,Casa,1589.45,1,Porto Alegre/RS/Brasil,Cartao de Credito,ENTREGUE
TRX0000788,PED000423,22/10/2024,CLI00523,Smartphone X200,Eletronicos,"R$ 2.184,11",3,Porto Alegre/RS/Brasil,Cartao de Credito,Entregue
TRX0000789,PED000423,22-10-2024,CLI00523,Mouse Sem Fio,Acessorios,"89,68",1,Porto Alegre/RS/Brasil,Cartao de Credito,Entregue
TRX0000790,PED000424,25/10/2024,CLI00318,Tapete de Yoga,Esporte,146.34,1,Rio de Janeiro/RJ/Brasil,Cartao de Credito,Entregue
TRX0000791,PED000425,12-10-2024,CLI00305,Calca Jeans Reta,Moda,"R$ 186,84",1,Campinas/SP/Brasil,Pix,Entregue
TRX0000792,PED000425,12/10/2024,CLI00305,Camisa Social Slim,Moda,155.02,2,Campinas/SP/Brasil,Pix,Entregue
TRX0000793,PED000426,2024-10-31,CLI00157,Liquidificador Potente,Casa,"210,21",1,Belo Horizonte/MG/Brasil,Boleto,Entregue
TRX0000794,PED000427,2024-10-26,CLI00029,Livro Historia do Brasil,Livros,"R$ 69,98",1,Campinas/SP/Brasil,Cartao de Credito,ENVIADO
TRX0000795,PED000428,2024-10-08,CLI00505,Hub USB-C,Acessorios,"R$ 129,28",1,Santos/SP/Brasil,Pix,Enviado
TRX0005399,PED002869,2025-11-08,CLI00248,Headset Gamer,Acessorios,"R$ 276,24",2,Sao Paulo/SP/Brasil,Cartao de Credito,Entregue
TRX0000796,PED000429,2024-10-17,CLI00200,Jogo de Panelas,Casa,420.54,1,Sao Paulo/SP/Brasil,Pix,Processando
TRX0000797,PED000430,05/10/2024,CLI00066,Livro Dados em Acao,Livros,"R$ 90,81",1,Curitiba/PR/Brasil,Boleto,Entregue
TRX0000798,PED000431,16-10-2024,CLI00523,Tenis Corrida Leve,esporte,333.83,2,Porto Alegre/RS/Brasil,Pix,Entregue
TRX0000799,PED000432,2024-10-04,CLI00196,Calca Jeans Reta,moda,"R$ 193,57",4,Uberlandia/MG/Brasil,Cartao de Credito,Entregue
TRX0000800,PED000433,2024-10-01,CLI00682,Garrafa Termica,Esporte,"R$ 113,96",1,Santos/SP/Brasil,Boleto,Entregue
TRX0000801,PED000433,2024-10-01,CLI00682,Mochila para Notebook,Acessorios,"R$ 184,29",1,Santos/SP/Brasil,Boleto,Entregue
TRX0000802,PED000434,2024-10-10,CLI00297,Liquidificador Potente,casa,"R$ 209,97",1,Sao Paulo/SP/Brasil,Cartao de Credito,Entregue
TRX0000803,PED000434,2024-10-10,CLI00297,Notebook Gamer,Eletronicos,"4.998,64",1,Sao Paulo/SP/Brasil,Cartao de Credito,Entregue
TRX0000804,PED000435,2024-10-19,CLI00207,Aspirador Robo,Casa,"1.716,64",1,Recife/PE/Brasil,Boleto,Entregue
TRX0000805,PED000436,12/10/2024,CLI00525,Smart TV 50,Eletronicos,2795.31,1,Brasilia/DF/Brasil,Boleto,Entregue
TRX0000806,PED000437,2024-10-26,CLI00205,Monitor 27,Eletronicos,"R$ 1.137,71",1,Santos/SP/Brasil,Pix,Entregue
TRX0000807,PED000437,26/10/2024,CLI00205,Smart TV 50,Eletronicos,"R$ 2.731,88",1,Santos/SP/Brasil,Pix,Entregue
TRX0000808,PED000438,2024-10-28,CLI00318,Capa para Smartphone,Acessorios,"47,60",1,Rio de Janeiro/RJ/Brasil,Pix,Entregue
TRX0000809,PED000438,2024-10-28,CLI00318,Hub USB-C,Acessorios,136.36,1,Rio de Janeiro/RJ/Brasil,Pix,Entregue
TRX0000810,PED000438,2024-10-28,CLI00318,Luminaria de Mesa,Casa,"138,77",1,Rio de Janeiro/RJ/Brasil,Pix,Entregue
TRX0000811,PED000439,2024-10-17,CLI00620,Tablet 10,Eletronicos,"1.313,33",1,Campinas/SP/Brasil,Pix,Entregue
TRX0000812,PED000440,2024-10-06,CLI00265,Tenis Corrida Leve,ESPORTE,"316,84",1,Campinas/SP/Brasil,Boleto,Entregue
TRX0000813,PED000440,2024-10-06,CLI00265,Camiseta Dry Fit,Esporte,79.32,1,Campinas/SP/Brasil,Boleto,Entregue
TRX0000814,PED000440,2024-10-06,CLI00265,Vestido Midi,Moda,"R$ 224,16",1,Campinas/SP/Brasil,Boleto,Entregue
TRX0000815,PED000441,2024-10-25,CLI00577,Luminaria de Mesa,Casa,"136,93",1,Rio de Janeiro/RJ/Brasil,Pix,Cancelado
TRX0000816,PED000442,2024-10-24,CLI00179,Luminaria de Mesa,Casa,"R$ 141,54",1,Sao Paulo/SP/Brasil,Cartao de Credito,Enviado
TRX0000817,PED000443,2024-10-17,CLI00085,Carregador Turbo,Acessórios,96.54,2,Sao Paulo/SP/Brasil,Pix,Enviado
TRX0000818,PED000444,2024-10-13,CLI00297,Tablet 10,Eletronicos,"R$ 1.332,27",1,Sao Paulo/SP/Brasil,Cartao de Credito,Entregue
TRX0000819,PED000445,07/10/2024,CLI00599,Vestido Midi,Moda,220.61,1,Sao Paulo/SP/Brasil,Pix,Entregue
TRX0000820,PED000446,2024-10-25,CLI00355,Tablet 10,Eletronicos,"1.240,88",1,Sao Paulo/SP/Brasil,Cartao de Debito,Entregue
TRX0000821,PED000447,23/10/2024,CLI00205,Halteres 10kg,Esporte,"196,54",3,Santos/SP/Brasil,Cartao de Debito,entregue
TRX0000822,PED000448,11/10/2024,CLI00242,Calca Jeans Reta,Moda,194.05,1,Sao Paulo/SP/Brasil,Boleto,Entregue
TRX0000823,PED000449,11/10/2024,CLI00233,Jaqueta Corta Vento,Moda,"R$ 260,43",2,Sao Paulo/SP/Brasil,Pix,Entregue
TRX0000824,PED000450,27/10/2024,CLI00541,Notebook Ultrafino,Eletronicos,"R$ 3.442,41",1,Sao Paulo/SP/Brasil,Pix,Entregue
TRX0000825,PED000451,2024-10-09,CLI00251,Headset Gamer,Acessorios,"270,75",1,Recife/PE/Brasil,Pix,Entregue
TRX0000826,PED000451,2024-10-09,CLI00251,Cafeteira Eletrica,Casa,"R$ 300,81",1,Recife/PE/Brasil,Pix,Entregue
TRX0000827,PED000451,09/10/2024,CLI00251,Notebook Gamer,Eletronicos,4933.41,1,Recife/PE/Brasil,Pix,Entregue
TRX0000828,PED000451,2024-10-09,CLI00251,Mochila para Notebook,Acessorios,"R$ 188,86",1,Recife/PE/Brasil,Pix,Entregue
TRX0000829,PED000451,09/10/2024,CLI00251,Jaqueta Corta Vento,Moda,"R$ 290,28",2,Recife/PE/Brasil,Pix,Entregue
TRX0000830,PED000452,2024-10-28,CLI00058,Smart TV 50,Eletronicos,"R$ 2.702,84",1,Florianopolis/SC/Brasil,Cartao de Credito,Entregue
TRX0000831,PED000453,2024-10-12,CLI00305,Tablet 10,Eletronicos,1357.51,3,Campinas/SP/Brasil,Pix,Entregue
TRX0000832,PED000454,17/10/2024,CLI00539,Headset Gamer,Acessorios,"R$ 254,88",3,Rio de Janeiro/RJ/Brasil,Pix,Processando
TRX0000833,PED000454,2024-10-17,CLI00539,Calca Jeans Reta,Moda,"R$ 192,21",2,Rio de Janeiro/RJ/Brasil,Pix,Processando
TRX0000834,PED000454,17/10/2024,CLI00539,Tenis Corrida Leve,Esporte,"R$ 349,50",1,Rio de Janeiro/RJ/Brasil,Pix,processando
TRX0000835,PED000454,2024-10-17,CLI00539,Aspirador Robo,Casa,"1.691,59",1,Rio de Janeiro/RJ/Brasil,Pix,Processando
TRX0000836,PED000455,2024-10-06,CLI00064,Hub USB-C,Acessorios,135.58,1,Sao Paulo/SP/Brasil,Cartao de Debito,Entregue
TRX0000837,PED000456,04/10/2024,CLI00547,Jaqueta Corta Vento,Moda,276.24,1,Sao Paulo/SP/Brasil,Cartao de Credito,Entregue
TRX0000838,PED000456,2024-10-04,CLI00547,Jogo de Panelas,Casa,3276.73,1,Sao Paulo/SP/Brasil,Cartao de Credito,Entregue
TRX0000839,PED000457,2024-10-17,CLI00080,Mouse Sem Fio,Acessorios,"R$ 95,07",1,Belo Horizonte/MG/Brasil,Cartao de Credito,Enviado
TRX0000840,PED000457,2024-10-17,CLI00080,,Livros,"76,63",1,Belo Horizonte/MG/Brasil,Cartao de Credito,enviado
TRX0000841,PED000458,2024-10-02,CLI00348,Jaqueta Corta Vento,Moda,"R$ 290,18",1,Uberlandia/MG/Brasil,Cartao de Credito,Em analise
TRX0000842,PED000459,11/10/2024,CLI00096,Livro SQL Essencial,Livros,"R$ 84,45",2,Campinas/SP/Brasil,Pix,Cancelado
TRX0000843,PED000459,11-10-2024,CLI00096,Jaqueta Corta Vento,Moda,"R$ 264,33",1,Campinas/SP/Brasil,Pix,Cancelado
TRX0000844,PED000460,2024-10-25,CLI00179,Teclado Mecanico,Acessorios,"R$ 338,43",1,Sao Paulo/SP/Brasil,Cartao de Credito,Entregue
TRX0000845,PED000460,2024-10-25,CLI00179,Vestido Midi,Moda,"R$ 214,15",4,Sao Paulo/SP/Brasil,Cartao de Credito,Entregue
TRX0000846,PED000460,25/10/2024,CLI00179,Capa para Smartphone,Acessorios,"49,11",1,Sao Paulo/SP/Brasil,Cartao de Credito,Entregue
TRX0000847,PED000460,2024-10-25,CLI00179,Jogo de Panelas,CASA,418.13,2,Sao Paulo/SP/Brasil,Cartao de Credito,Entregue
TRX0000848,PED000461,2024-10-12,CLI00527,Tablet 10,Eletronicos,"R$ 1.295,15",1,Curitiba/PR/Brasil,Boleto,Entregue
TRX0000849,PED000461,2024-10-12,CLI00527,Mouse Sem Fio,Acessorios,87.95,1,Curitiba/PR/Brasil,Boleto,Entregue
TRX0000850,PED000462,31/02/2025,CLI00486,Tenis Corrida Leve,Esporte,"R$ 337,53",1,Rio de Janeiro/RJ/Brasil,Cartao de Credito,Devolvido
TRX0002671,PED001411,2025-03-07,CLI00699,Luminaria de Mesa,Casa,147.68,3,Santos/SP/Brasil,Cartao de Debito,Entregue
TRX0000851,PED000462,2024-10-02,CLI00486,Camiseta Dry Fit,Esporte,77.97,3,Rio de Janeiro/RJ/Brasil,Cartao de Credito,Devolvido
TRX0000852,PED000462,02-10-2024,CLI00486,Garrafa Termica,ESPORTE,"122,36",2,Rio de Janeiro/RJ/Brasil,Cartao de Credito,Devolvido
TRX0000853,PED000463,2024-10-19,CLI00024,Smart TV 50,Eletronicos,"R$ 2.688,91",1,Sao Paulo/SP/Brasil,Cartao de Debito,Devolvido
TRX0000854,PED000464,2024-10-29,CLI00555,Livro Dados em Acao,Livros,91.41,1,Porto Alegre/RS/Brasil,Cartao de Credito,Entregue
TRX0000855,PED000465,2024-10-04,CLI00497,Camiseta Dry Fit,esporte,78.19,2,Rio de Janeiro/RJ/Brasil,Cartao de Credito,Entregue
TRX0000856,PED000466,2024-10-24,CLI00297,Halteres 10kg,Esporte,197.60,1,Sao Paulo/SP/Brasil,Cartao de Credito,Entregue
TRX0000857,PED000466,24/10/2024,CLI00297,Carregador Turbo,Acessorios,"102,64",1,Sao Paulo/SP/Brasil,Cartao de Credito,Entregue
TRX0000858,PED000467,30/10/2024,CLI00433,Camiseta Dry Fit,esporte,"79,69",1,Uberlandia/MG/Brasil,Cartao de Credito,Entregue
TRX0000859,PED000468,2024-10-17,CLI00232,Mochila para Notebook,Acessorios,181.41,1,Sao Paulo/SP/Brasil,Cartao de Credito,devolvido
TRX0000860,PED000468,2024-10-17,CLI00232,Tapete de Yoga,ESPORTE,160.17,1,Sao Paulo/SP/Brasil,Cartao de Credito,Devolvido
TRX0000861,PED000468,17/10/2024,CLI00232,Monitor 27,Eletronicos,"1.178,74",1,Sao Paulo/SP/Brasil,Cartao de Credito,Devolvido
TRX0000862,PED000469,2024-10-15,CLI00233,Livro Historia do Brasil,Livros,"R$ 67,87",2,Sao Paulo/SP/Brasil,Cartao de Credito,Entregue
TRX0000863,PED000469,2024-10-15,CLI00233,Livro SQL Essencial,Livros,"R$ 81,49",1,Sao Paulo/SP/Brasil,Cartao de Credito,ENTREGUE
TRX0000864,PED000470,09/10/2024,CLI00358,Tenis Corrida Leve,Esporte,"334,00",1,Rio de Janeiro/RJ/Brasil,Cartao de Credito,Entregue
TRX0000865,PED000471,23/10/2024,CLI00358,Mouse Sem Fio,Acessorios,"87,48",1,Rio de Janeiro/RJ/Brasil,Cartao de Credito,Processando
TRX0000866,PED000471,2024-10-23,CLI00358,Tenis Corrida Leve,Esporte,316.46,3,Rio de Janeiro/RJ/Brasil,Cartao de Credito,Processando
TRX0000867,PED000472,2024-10-25,CLI00080,Jogo de Panelas,Casa,"410,38",2,Belo Horizonte/MG/Brasil,Pix,Cancelado
TRX0000868,PED000472,25/10/2024,CLI00080,Monitor 27,Eletronicos,1187.18,1,Belo Horizonte/MG/Brasil,Pix,Cancelado
TRX0000869,PED000473,2024-10-18,CLI00202,Calca Jeans Reta,Moda,"R$ 192,46",1,Recife/PE/Brasil,Boleto,Entregue
TRX0000870,PED000474,2024-10-26,CLI00234,Notebook Ultrafino,eletronicos,"3.345,05",1,Florianopolis/SC/Brasil,Pix,Entregue
TRX0000871,PED000475,16/10/2024,CLI00236,Mochila para Notebook,Acessorios,"R$ 182,69",2,Sao Paulo/SP/Brasil,Cartao de Credito,Processando
TRX0000872,PED000475,16-10-2024,CLI00236,Vestido Midi,moda,1730.24,3,Sao Paulo/SP/Brasil,Cartao de Credito,Processando
TRX0000873,PED000475,2024-10-16,CLI00236,Luminaria de Mesa,Casa,134.62,1,Sao Paulo/SP/Brasil,Cartao de Credito,Processando
TRX0000874,PED000475,2024-10-16,CLI00236,Aspirador Robo,Casa,1537.89,3,Sao Paulo/SP/Brasil,Cartao de Credito,Processando
TRX0000875,PED000476,2024-10-22,CLI00051,Aspirador Robo,Casa,"R$ 1.578,26",1,Salvador/BA/Brasil,Pix,Entregue
TRX0000876,PED000477,2024-10-17,CLI00006,Hub USB-C,Acessorios,"122,88",1,Porto Alegre/RS/Brasil,Pix,Entregue
TRX0000877,PED000478,2024-10-10,CLI00662,Tenis Corrida Leve,Esporte,"R$ 350,87",2,Recife/PE/Brasil,Pix,Cancelado
TRX0000878,PED000478,10-10-2024,CLI00662,Garrafa Termica,Esporte,"R$ 126,36",2,Recife/PE/Brasil,Pix,CANCELADO
TRX0000879,PED000479,2024-10-07,CLI00452,Camisa Social Slim,moda,"R$ 158,07",1,Recife/PE/Brasil,Cartao de Credito,Entregue
TRX0000880,PED000479,2024-10-07,CLI00452,Camiseta Dry Fit,Esporte,"80,87",2,Recife/PE/Brasil,Cartao de Credito,Entregue
TRX0000881,PED000479,2024-10-07,CLI00452,Jogo de Panelas,Casa,"418,35",1,Recife/PE/Brasil,Cartao de Credito,Entregue
TRX0000882,PED000480,01/10/2024,CLI00305,Teclado Mecanico,Acessorios,"R$ 364,40",1,Campinas/SP/Brasil,Cartao de Debito,Entregue
TRX0000883,PED000481,2024-10-13,CLI00166,Mouse Sem Fio,Acessorios,93.59,1,Rio de Janeiro/RJ/Brasil,Boleto,Entregue
TRX0000884,PED000482,10-10-2024,CLI00117,Headset Gamer,Acessorios,266.25,1,Curitiba/PR/Brasil,Pix,Devolvido
TRX0000885,PED000483,14/10/2024,CLI00577,Carregador Turbo,Acessorios,"R$ 104,35",2,Rio de Janeiro/RJ/Brasil,Pix,Entregue
TRX0000886,PED000483,2024-10-14,CLI00577,Tapete de Yoga,Esporte,"R$ 158,44",2,Rio de Janeiro/RJ/Brasil,Pix,Entregue
TRX0000887,PED000483,2024-10-14,CLI00577,Camiseta Dry Fit,Esporte,"R$ 81,79",1,Rio de Janeiro/RJ/Brasil,Pix,Entregue
TRX0000888,PED000484,2024-10-30,CLI00251,Mouse Sem Fio,Acessorios,89.79,1,Recife/PE/Brasil,Pix,entregue
TRX0000889,PED000484,30/10/2024,CLI00251,Livro SQL Essencial,Livros,82.07,2,Recife/PE/Brasil,Pix,Entregue
TRX0000890,PED000484,30/10/2024,CLI00251,Luminaria de Mesa,CASA,146.28,1,Recife/PE/Brasil,Pix,Entregue
TRX0000891,PED000485,2024-10-07,CLI00355,Mouse Sem Fio,Acessórios,"R$ 86,34",1,Sao Paulo/SP/Brasil,Pix,Entregue
TRX0000892,PED000485,2024-10-07,CLI00355,Livro SQL Essencial,Livros,"R$ 82,68",1,Sao Paulo/SP/Brasil,Pix,Entregue
TRX0000893,PED000486,04/10/2024,CLI00348,Calca Jeans Reta,Moda,,1,Uberlandia/MG/Brasil,Cartao de Credito,Entregue
TRX0000894,PED000487,2024-10-14,CLI00529,Hub USB-C,Acessorios,"R$ 133,94",2,Santos/SP/Brasil,Pix,Entregue
TRX0000895,PED000488,09/10/2024,CLI00015,Camiseta Dry Fit,Esporte,79.78,2,Florianopolis/SC/Brasil,Cartao de Credito,Entregue
TRX0000896,PED000488,09/10/2024,CLI00015,Carregador Turbo,Acessorios,"R$ 104,06",1,Florianopolis/SC/Brasil,Cartao de Credito,Entregue
TRX0000897,PED000488,09/10/2024,CLI00015,Camisa Social Slim,Moda,"163,21",2,Florianopolis/SC/Brasil,Cartao de Credito,Entregue
TRX0000898,PED000489,2024-10-10,CLI00140,Cafeteira Eletrica,casa,"292,70",4,Rio de Janeiro/RJ/Brasil,Cartao de Credito,Entregue
TRX0000899,PED000490,2024-10-27,CLI00012,Teclado Mecanico,Acessorios,370.39,1,Sao Paulo/SP/Brasil,Cartao de Credito,Entregue
TRX0000900,PED000491,2024-10-25,CLI00210,Liquidificador Potente,Casa,220.15,2,Sao Paulo/SP/Brasil,Pix,Entregue
TRX0000901,PED000491,25/10/2024,CLI00210,Camiseta Dry Fit,Esporte,"82,18",1,Sao Paulo/SP/Brasil,Pix,Entregue
TRX0000902,PED000491,2024-10-25,CLI00210,Cafeteira Eletrica,Casa,"293,23",1,Sao Paulo/SP/Brasil,Pix,ENTREGUE
TRX0000903,PED000492,2024-10-27,CLI00591,Smartphone X200,Eletronicos,2334.10,2,Florianopolis/SC/Brasil,Pix,Entregue
TRX0000904,PED000493,2024-10-13,CLI00555,Livro Dados em Acao,Livros,"89,21",1,Porto Alegre/RS/Brasil,Cartao de Debito,ENVIADO
TRX0000905,PED000493,2024-10-13,CLI00555,Notebook Gamer,eletronicos,,1,Porto Alegre/RS/Brasil,Cartao de Debito,Enviado
TRX0000906,PED000494,2024-10-30,CLI00203,Halteres 10kg,Esporte,"R$ 196,16",1,Campinas/SP/Brasil,Cartao de Debito,Entregue
TRX0000907,PED000494,2024-10-30,CLI00203,Smart TV 50,Eletronicos,"R$ 2.710,78",1,Campinas/SP/Brasil,Cartao de Debito,Entregue
TRX0000908,PED000494,2024-10-30,CLI00203,Cafeteira Eletrica,Casa,"R$ 301,47",1,Campinas/SP/Brasil,Cartao de Debito,Entregue
TRX0000909,PED000494,30/10/2024,CLI00203,Headset Gamer,Acessorios,"R$ 267,44",1,Campinas/SP/Brasil,Cartao de Debito,Entregue
,PED000494,2024-10-30,CLI00203,Teclado Mecanico,Acessorios,360.20,1,Campinas/SP/Brasil,Cartao de Debito,Entregue
TRX0000911,PED000495,2024-10-10,CLI00677,Livro SQL Essencial,Livros,"R$ 76,40",1,Porto Alegre/RS/Brasil,Pix,Devolvido
TRX0000912,PED000495,2024-10-10,CLI00677,Hub USB-C,Acessórios,"124,05",1,Porto Alegre/RS/Brasil,Pix,Devolvido
TRX0000913,PED000495,2024-10-10,CLI00677,Jaqueta Corta Vento,Moda,"281,61",1,Porto Alegre/RS/Brasil,Pix,devolvido
TRX0000914,PED000495,2024-10-10,CLI00677,Monitor 27,eletronicos,"R$ 1.139,14",1,Porto Alegre/RS/Brasil,Pix,Devolvido
TRX0000915,PED000495,10-10-2024,CLI00677,Camiseta Dry Fit,esporte,84.52,2,Porto Alegre/RS/Brasil,Pix,Devolvido
TRX0000916,PED000496,19-10-2024,CLI00515,Monitor 27,Eletronicos,"1.166,12",4,Campinas/SP/Brasil,Boleto,Entregue
TRX0000917,PED000496,2024-10-19,CLI00515,Notebook Ultrafino,Eletronicos,3469.05,1,Campinas/SP/Brasil,Boleto,Entregue
TRX0000918,PED000496,2024-10-19,CLI00515,Livro SQL Essencial,livros,"R$ 75,79",1,Campinas/SP/Brasil,Boleto,entregue
TRX0000919,PED000497,2024-10-09,CLI00038,Mouse Sem Fio,Acessorios,96.13,1,Campinas/SP/Brasil,Pix,Entregue
TRX0000920,PED000498,05-10-2024,CLI00660,Cafeteira Eletrica,Casa,286.07,1,Niteroi/RJ/Brasil,Pix,Entregue
TRX0000921,PED000498,05-10-2024,CLI00660,Mochila para Notebook,Acessorios,"R$ 177,13",1,Niteroi/RJ/Brasil,Pix,Entregue
TRX0000922,PED000498,2024-10-05,CLI00660,Liquidificador Potente,Casa,"R$ 229,12",1,Niteroi/RJ/Brasil,Pix,Entregue
TRX0000923,PED000499,2024-10-08,CLI00053,Jaqueta Corta Vento,Moda,275.45,1,Rio de Janeiro/RJ/Brasil,Pix,Entregue
TRX0000924,PED000499,2024-10-08,CLI00053,Tapete de Yoga,Esporte,158.08,1,Rio de Janeiro/RJ/Brasil,Pix,Entregue
TRX0000925,PED000500,27-10-2024,CLI00521,Smart TV 50,Eletronicos,2574.81,1,Uberlandia/MG/Brasil,Cartao de Credito,Entregue
TRX0000926,PED000500,2024-10-27,CLI00521,Mochila para Notebook,Acessorios,191.50,1,Uberlandia/MG/Brasil,Cartao de Credito,ENTREGUE
TRX0000927,PED000501,11/10/2024,CLI00367,Jaqueta Corta Vento,Moda,"284,30",1,Belo Horizonte/MG/Brasil,Cartao de Debito,Entregue
TRX0000928,PED000502,11/10/2024,CLI00080,Camiseta Dry Fit,Esporte,"76,65",1,Belo Horizonte/MG/Brasil,Cartao de Debito,Entregue
TRX0000929,PED000502,2024-10-11,CLI00080,Livro Historia do Brasil,Livros,73.64,1,Belo Horizonte/MG/Brasil,Cartao de Debito,Entregue
TRX0000930,PED000503,2024-10-29,,Livro SQL Essencial,Livros,77.97,2,Sao Paulo/SP/Brasil,Pix,Entregue
TRX0002127,PED001116,10-01-2025,CLI00541,Camisa Social Slim,Moda,159.35,1,Sao Paulo/SP/Brasil,Pix,Entregue
TRX0000931,PED000503,29/10/2024,CLI00541,Tenis Corrida Leve,Esporte,"R$ 324,16",2,Sao Paulo/SP/Brasil,Pix,Entregue
TRX0000932,PED000503,29/10/2024,CLI00541,Capa para Smartphone,Acessorios,"R$ 47,47",1,Sao Paulo/SP/Brasil,Pix,Entregue
TRX0000933,PED000504,2024-10-14,CLI00653,Livro SQL Essencial,Livros,79.60,1,Rio de Janeiro/RJ/Brasil,Pix,Entregue
TRX0000934,PED000504,2024-10-14,CLI00653,Halteres 10kg,Esporte,"R$ 200,65",2,Rio de Janeiro/RJ/Brasil,Pix,Entregue
TRX0000935,PED000504,2024-10-14,,Livro Historia do Brasil,Livros,"R$ 67,55",1,Rio de Janeiro/RJ/Brasil,Pix,entregue
TRX0000936,PED000505,2024-10-28,CLI00338,Mouse Sem Fio,Acessorios,86.20,1,Belo Horizonte/MG/Brasil,Cartao de Credito,Entregue
TRX0000937,PED000505,2024-10-28,CLI00338,Livro SQL Essencial,Livros,79.79,1,Belo Horizonte/MG/Brasil,Cartao de Credito,Entregue
TRX0000938,PED000506,20/10/2024,CLI00547,Smartphone X200,ELETRONICOS,"R$ 2.248,59",1,Sao Paulo/SP/Brasil,Pix,Cancelado
TRX0000939,PED000506,2024-10-20,CLI00547,Capa para Smartphone,Acessorios,"51,97",1,Sao Paulo/SP/Brasil,Pix,Cancelado
TRX0000940,PED000507,03/10/2024,CLI00022,Teclado Mecanico,Acessorios,"353,97",1,Fortaleza/CE/Brasil,Pix,Entregue
TRX0000941,PED000507,03-10-2024,CLI00022,Garrafa Termica,Esporte,"R$ 115,04",2,Fortaleza/CE/Brasil,Pix,ENTREGUE
TRX0000942,PED000508,08-10-2024,CLI00346,Tapete de Yoga,ESPORTE,160.43,1,Santos/SP/Brasil,Cartao de Credito,Devolvido
TRX0000943,PED000508,08/10/2024,CLI00346,Halteres 10kg,ESPORTE,"R$ 200,51",1,Santos/SP/Brasil,Cartao de Credito,Devolvido
TRX0000944,PED000508,08/10/2024,CLI00346,Garrafa Termica,ESPORTE,"R$ 116,95",1,Santos/SP/Brasil,Cartao de Credito,Devolvido
TRX0000945,PED000509,06/10/2024,CLI00541,Vestido Midi,Moda,"R$ 236,34",4,Sao Paulo/SP/Brasil,Pix,Entregue
TRX0000946,PED000510,2024-10-23,CLI00254,Jogo de Panelas,Casa,"R$ 389,08",1,Sao Paulo/SP/Brasil,Cartao de Credito,Entregue
TRX0000947,PED000510,23/10/2024,CLI00254,Jaqueta Corta Vento,Moda,258.42,1,Sao Paulo/SP/Brasil,Cartao de Credito,Entregue
TRX0000948,PED000510,2024-10-23,CLI00254,Cafeteira Eletrica,Casa,"R$ 284,64",2,Sao Paulo/SP/Brasil,Cartao de Credito,Entregue
TRX0000949,PED000510,2024-10-23,CLI00254,Garrafa Termica,ESPORTE,"125,94",1,Sao Paulo/SP/Brasil,Cartao de Credito,Entregue
TRX0000950,PED000511,2024-10-24,CLI00538,Headset Gamer,Acessorios,"R$ 263,21",1,Sao Paulo/SP/Brasil,Pix,Entregue
TRX0000951,PED000512,2024-10-15,CLI00640,Mochila para Notebook,Acessorios,"R$ 191,52",2,Uberlandia/MG/Brasil,Boleto,Cancelado
TRX0000952,PED000512,15/10/2024,CLI00640,Livro Historia do Brasil,Livros,"R$ 67,99",4,Uberlandia/MG/Brasil,Boleto,Cancelado
TRX0000953,PED000512,2024-10-15,CLI00640,Monitor 27,Eletronicos,"R$ 1.112,67",1,Uberlandia/MG/Brasil,Boleto,Cancelado
TRX0000954,PED000513,08-10-2024,CLI00200,Notebook Gamer,Eletronicos,"R$ 5.182,75",1,Sao Paulo/SP/Brasil,Cartao de Credito,Processando
TRX0000955,PED000514,2024-10-13,CLI00181,Aspirador Robo,Casa,"R$ 1.716,97",1,Curitiba/PR/Brasil,Cartao de Credito,Entregue
TRX0000956,PED000515,18-10-2024,CLI00527,Camisa Social Slim,Moda,163.39,1,Curitiba/PR/Brasil,Boleto,Entregue
TRX0000957,PED000515,18-10-2024,CLI00527,Capa para Smartphone,Acessorios,"50,00",1,Curitiba/PR/Brasil,Boleto,Entregue
TRX0000958,PED000515,2024-10-18,CLI00527,Cafeteira Eletrica,Casa,"R$ 282,27",1,Curitiba/PR/Brasil,Boleto,Entregue
TRX0000959,PED000515,18/10/2024,CLI00527,Vestido Midi,Moda,"215,90",1,Curitiba/PR/Brasil,Boleto,Entregue
TRX0000960,PED000516,2024-10-26,CLI00024,Vestido Midi,Moda,225.05,1,Sao Paulo/SP/Brasil,Cartao de Debito,Entregue
TRX0000961,PED000517,16-10-2024,CLI00254,Vestido Midi,Moda,"R$ 233,71",1,Sao Paulo/SP/Brasil,Boleto,Entregue
TRX0000962,PED000517,2024-10-16,CLI00254,Halteres 10kg,Esporte,200.81,1,Sao Paulo/SP/Brasil,Boleto,Entregue
TRX0000963,PED000517,2024-10-16,CLI00254,Notebook Gamer,Eletronicos,"R$ 5.242,05",1,Sao Paulo/SP/Brasil,Boleto,Entregue
TRX0000964,PED000517,2024-10-16,CLI00254,Tablet 10,Eletronicos,1239.33,4,Sao Paulo/SP/Brasil,Boleto,Entregue
TRX0000965,PED000517,,CLI00254,Luminaria de Mesa,Casa,137.10,1,Sao Paulo/SP/Brasil,Boleto,Entregue
TRX0000966,PED000518,2024-10-19,CLI00433,Jogo de Panelas,CASA,"379,86",1,Uberlandia/MG/Brasil,Pix,Entregue
TRX0000967,PED000518,19/10/2024,CLI00433,Livro Historia do Brasil,Livros,"70,23",1,Uberlandia/MG/Brasil,Pix,Entregue
TRX0000968,PED000518,19/10/2024,CLI00433,Aspirador Robo,casa,"R$ 1.535,95",1,Uberlandia/MG/Brasil,Pix,Entregue
TRX0000969,PED000519,2024-10-05,CLI00138,Livro SQL Essencial,Livros,"R$ 80,54",1,Salvador/BA/Brasil,Pix,Entregue
TRX0000970,PED000520,23/10/2024,CLI00569,Teclado Mecanico,Acessorios,351.52,1,Campinas/SP/Brasil,Cartao de Debito,Entregue
TRX0000971,PED000520,23-10-2024,CLI00569,Livro Historia do Brasil,Livros,"66,75",1,Campinas/SP/Brasil,Cartao de Debito,Entregue
TRX0000972,PED000520,2024-10-23,CLI00569,Halteres 10kg,Esporte,"R$ 192,65",1,Campinas/SP/Brasil,Cartao de Debito,entregue
TRX0000973,PED000520,2024-10-23,CLI00569,Camiseta Dry Fit,esporte,77.25,1,Campinas/SP/Brasil,Cartao de Debito,Entregue
TRX0000974,PED000521,sem data,CLI00022,Jogo de Panelas,CASA,"R$ 417,83",1,Fortaleza/CE/Brasil,Pix,Entregue
TRX0000975,PED000521,20/10/2024,CLI00022,Vestido Midi,Moda,222.89,1,Fortaleza/CE/Brasil,Pix,Entregue
TRX0000976,PED000521,2024-10-20,CLI00022,Carregador Turbo,Acessorios,"R$ 103,56",1,Fortaleza/CE/Brasil,Pix,Entregue
TRX0000977,PED000522,2024-10-07,CLI00508,Capa para Smartphone,Acessorios,52.09,1,Sao Paulo/SP/Brasil,Cartao de Credito,ENTREGUE
TRX0000978,PED000522,07/10/2024,CLI00508,Camisa Social Slim,Moda,"R$ 156,64",2,Sao Paulo/SP/Brasil,Cartao de Credito,Entregue
TRX0000979,PED000523,14-10-2024,CLI00547,Smartphone X200,Eletronicos,2367.46,1,Sao Paulo/SP/Brasil,Boleto,Entregue
TRX0000980,PED000523,14/10/2024,CLI00547,Capa para Smartphone,Acessorios,51.04,1,Sao Paulo/SP/Brasil,Boleto,ENTREGUE
TRX0000981,PED000523,2024-10-14,CLI00547,Aspirador Robo,casa,"R$ 1.550,53",1,Sao Paulo/SP/Brasil,Boleto,Entregue
TRX0000982,PED000524,05/10/2024,CLI00483,Livro Historia do Brasil,Livros,73.48,1,Recife/PE/Brasil,Boleto,Processando
TRX0000983,PED000525,14/10/2024,CLI00529,Mouse Sem Fio,Acessorios,"R$ 92,21",1,Santos/SP/Brasil,Cartao de Credito,Entregue
TRX0000984,PED000525,14-10-2024,CLI00529,Headset Gamer,Acessorios,"R$ 263,66",3,Santos/SP/Brasil,Cartao de Credito,Entregue
TRX0000985,PED000526,28/10/2024,CLI00577,Calca Jeans Reta,Moda,"183,61",3,Rio de Janeiro/RJ/Brasil,Pix,Entregue
TRX0000986,PED000527,2024-10-23,CLI00236,Hub USB-C,Acessorios,"R$ 136,59",1,Sao Paulo/SP/Brasil,Cartao de Credito,Entregue
TRX0000987,PED000527,2024-10-23,CLI00236,Livro Historia do Brasil,Livros,"R$ 74,68",1,Sao Paulo/SP/Brasil,Cartao de Credito,Entregue
TRX0000988,PED000528,2024-10-30,,Tablet 10,Eletronicos,1378.83,1,Recife/PE/Brasil,Boleto,Entregue
TRX0000989,PED000529,17/10/2024,CLI00538,Aspirador Robo,Casa,"R$ 1.525,44",2,Sao Paulo/SP/Brasil,Cartao de Credito,Entregue
TRX0000990,PED000529,17/10/2024,CLI00538,Tapete de Yoga,Esporte,142.89,2,Sao Paulo/SP/Brasil,Cartao de Credito,Entregue
TRX0000991,PED000529,2024-10-17,CLI00538,Carregador Turbo,Acessorios,"99,09",1,Sao Paulo/SP/Brasil,Cartao de Credito,Entregue
TRX0000992,PED000529,17/10/2024,CLI00538,Livro SQL Essencial,Livros,"R$ 76,67",3,Sao Paulo/SP/Brasil,Cartao de Credito,Entregue
TRX0000993,PED000530,01/10/2024,CLI00364,Hub USB-C,Acessorios,"R$ 127,60",2,Sao Paulo/SP/Brasil,Pix,Entregue
TRX0000994,PED000531,2024-10-14,CLI00254,Headset Gamer,Acessorios,"R$ 275,88",2,Sao Paulo/SP/Brasil,Pix,Entregue
TRX0000995,PED000531,14-10-2024,CLI00254,Garrafa Termica,Esporte,124.87,1,Sao Paulo/SP/Brasil,Pix,Entregue
TRX0000996,PED000531,14-10-2024,CLI00254,Liquidificador Potente,Casa,"223,81",1,Sao Paulo/SP/Brasil,Pix,Entregue
TRX0000997,PED000531,2024-10-14,CLI00254,Livro Historia do Brasil,Livros,73.04,2,Sao Paulo/SP/Brasil,Pix,Entregue
TRX0000998,PED000532,2024-10-26,CLI00383,Carregador Turbo,Acessorios,"R$ 94,23",1,Florianopolis/SC/Brasil,Pix,Entregue
TRX0000999,PED000533,2024-10-20,CLI00305,Jaqueta Corta Vento,Moda,"R$ 278,82",1,Campinas/SP/Brasil,Cartao de Credito,Entregue
TRX0001000,PED000534,24-10-2024,CLI00316,Monitor 27,eletronicos,"R$ 1.165,00",1,Salvador/BA/Brasil,Boleto,Entregue
TRX0001001,PED000535,26/10/2024,CLI00179,Capa para Smartphone,Acessorios,"R$ 50,81",1,Sao Paulo/SP/Brasil,Boleto,Entregue
TRX0001002,PED000536,14-10-2024,CLI00389,Livro Historia do Brasil,Livros,"71,95",1,Sao Paulo/SP/Brasil,Cartao de Credito,ENTREGUE
TRX0001003,PED000536,2024-10-14,CLI00389,Livro SQL Essencial,Livros,"R$ 81,81",1,Sao Paulo/SP/Brasil,Cartao de Credito,ENTREGUE
TRX0001004,PED000537,2024-10-08,CLI00443,Carregador Turbo,Acessorios,"97,02",1,Curitiba/PR/Brasil,Boleto,Entregue
TRX0001005,PED000537,2024-10-08,CLI00443,Notebook Gamer,Eletronicos,4927.94,1,Curitiba/PR/Brasil,Boleto,Entregue
TRX0001006,PED000538,2024-10-14,CLI00065,Camisa Social Slim,Moda,"R$ 151,24",2,Rio de Janeiro/RJ/Brasil,Cartao de Credito,Entregue
TRX0001007,PED000538,14-10-2024,CLI00065,Livro Dados em Acao,Livros,"R$ 92,64",2,Rio de Janeiro/RJ/Brasil,Cartao de Credito,Entregue
,PED000538,2024-10-14,CLI00065,Capa para Smartphone,Acessorios,"R$ 52,66",2,Rio de Janeiro/RJ/Brasil,Cartao de Credito,Entregue
TRX0001009,PED000539,2024-10-21,CLI00024,Jogo de Panelas,Casa,"R$ 402,26",1,Sao Paulo/SP/Brasil,Pix,Entregue
TRX0001010,PED000540,12-10-2024,CLI00297,Mochila para Notebook,Acessórios,180.44,2,Sao Paulo/SP/Brasil,Pix,Enviado
TRX0001011,PED000540,2024-10-12,CLI00297,Camisa Social Slim,Moda,"R$ 170,75",1,Sao Paulo/SP/Brasil,Pix,Enviado
TRX0001012,PED000541,2024-10-10,CLI00316,Tenis Corrida Leve,Esporte,346.03,1,Salvador/BA/Brasil,Boleto,Entregue
TRX0001013,PED000541,2024-10-10,CLI00316,Garrafa Termica,Esporte,124.02,3,Salvador/BA/Brasil,Boleto,ENTREGUE
TRX0001014,PED000541,2024-10-10,CLI00316,Notebook Gamer,eletronicos,"R$ 4.783,72",2,Salvador/BA/Brasil,Boleto,Entregue
TRX0001015,PED000541,2024-10-10,CLI00316,Camiseta Dry Fit,Esporte,"R$ 76,27",2,Salvador/BA/Brasil,Boleto,Entregue
TRX0001016,PED000542,29/10/2024,CLI00525,Halteres 10kg,Esporte,191.14,4,Brasilia/DF/Brasil,Cartao de Credito,Entregue
TRX0001017,PED000543,2024-10-07,CLI00525,Livro SQL Essencial,LIVROS,"R$ 80,02",2,Brasilia/DF/Brasil,Cartao de Credito,Entregue
TRX0001018,PED000543,07-10-2024,CLI00525,Mochila para Notebook,Acessorios,"184,23",3,Brasilia/DF/Brasil,Cartao de Credito,Entregue
TRX0001019,PED000544,2024-10-30,CLI00435,Aspirador Robo,Casa,"R$ 1.522,80",4,Salvador/BA/Brasil,Cartao de Credito,entregue
TRX0001020,PED000544,2024-10-30,CLI00435,Tapete de Yoga,Esporte,154.28,1,Salvador/BA/Brasil,Cartao de Credito,Entregue
TRX0001021,PED000544,,CLI00435,Smartphone X200,Eletronicos,"R$ 2.123,71",1,Salvador/BA/Brasil,Cartao de Credito,Entregue
TRX0001022,PED000544,2024-10-30,CLI00435,Halteres 10kg,Esporte,"R$ 188,17",1,Salvador/BA/Brasil,Cartao de Credito,Entregue
TRX0001023,PED000544,2024-10-30,CLI00435,Hub USB-C,Acessorios,"R$ 125,86",2,Salvador/BA/Brasil,Cartao de Credito,Entregue
TRX0001024,PED000545,2024-10-26,CLI00457,Tenis Corrida Leve,Esporte,325.97,1,Rio de Janeiro/RJ/Brasil,Cartao de Debito,Cancelado
TRX0001025,PED000546,2024-10-22,CLI00053,Vestido Midi,Moda,"R$ 224,07",1,Rio de Janeiro/RJ/Brasil,Cartao de Debito,entregue
TRX0001026,PED000547,2024-10-06,CLI00053,Jogo de Panelas,Casa,"R$ 393,56",3,Rio de Janeiro/RJ/Brasil,Cartao de Debito,Devolvido
TRX0001027,PED000548,2024-10-29,CLI00322,Notebook Ultrafino,eletronicos,"R$ 3.654,85",4,Curitiba/PR/Brasil,Pix,Entregue
TRX0001028,PED000548,2024-10-29,CLI00322,Mouse Sem Fio,Acessorios,"96,22",1,Curitiba/PR/Brasil,Pix,Entregue
TRX0001029,PED000549,05/10/2024,CLI00470,Liquidificador Potente,Casa,220.75,1,Rio de Janeiro/RJ/Brasil,Pix,Cancelado
TRX0001030,PED000549,2024-10-05,CLI00470,Calca Jeans Reta,MODA,184.89,1,Rio de Janeiro/RJ/Brasil,Pix,CANCELADO
TRX0001031,PED000549,05/10/2024,CLI00470,Mouse Sem Fio,Acessorios,"94,87",1,Rio de Janeiro/RJ/Brasil,Pix,Cancelado
TRX0001032,PED000550,2024-10-18,CLI00585,Smart TV 50,Eletronicos,"2.713,00",1,Fortaleza/CE/Brasil,Pix,Entregue
TRX0001033,PED000550,18/10/2024,CLI00585,Mouse Sem Fio,Acessorios,"R$ 86,79",1,Fortaleza/CE/Brasil,Pix,Entregue
TRX0001034,PED000551,2024-10-17,CLI00615,Vestido Midi,Moda,"R$ 231,58",1,Campinas/SP/Brasil,Cartao de Credito,entregue
TRX0001035,PED000551,2024-10-17,CLI00615,Mouse Sem Fio,Acessorios,"R$ 94,93",1,Campinas/SP/Brasil,Cartao de Credito,Entregue
TRX0001036,PED000551,2024-10-17,CLI00615,Halteres 10kg,esporte,"R$ 202,99",1,Campinas/SP/Brasil,Cartao de Credito,Entregue
TRX0001037,PED000551,2024-10-17,CLI00615,Luminaria de Mesa,Casa,"R$ 1.355,84",1,Campinas/SP/Brasil,Cartao de Credito,Entregue
TRX0001038,PED000551,2024-10-17,CLI00615,Camisa Social Slim,Moda,"153,31",2,Campinas/SP/Brasil,Cartao de Credito,Entregue
TRX0001039,PED000552,2024-10-19,CLI00541,Mochila para Notebook,Acessorios,"R$ 187,02",1,Sao Paulo/SP/Brasil,Pix,Enviado
TRX0001040,PED000552,2024-10-19,CLI00541,Garrafa Termica,Esporte,"R$ 124,86",2,Sao Paulo/SP/Brasil,Pix,Enviado
TRX0001041,PED000553,2024-10-30,CLI00029,Smart TV 50,Eletronicos,"R$ 2.586,03",1,Campinas/SP/Brasil,Boleto,Entregue
TRX0001042,PED000553,2024-10-30,CLI00029,Cafeteira Eletrica,CASA,276.85,2,Campinas/SP/Brasil,Boleto,Entregue
TRX0001043,PED000553,2024-10-30,CLI00029,Smartphone X200,eletronicos,2290.98,2,Campinas/SP/Brasil,Boleto,Entregue
TRX0001044,PED000553,30/10/2024,CLI00029,Teclado Mecanico,Acessorios,"R$ 332,47",1,Campinas/SP/Brasil,Boleto,Entregue
TRX0001045,PED000554,10/10/2024,CLI00268,Capa para Smartphone,Acessorios,,2,Salvador/BA/Brasil,Cartao de Credito,Entregue
TRX0001046,PED000554,10/10/2024,CLI00268,Livro SQL Essencial,LIVROS,"84,50",1,Salvador/BA/Brasil,Cartao de Credito,Entregue
TRX0001047,PED000555,2024-10-16,CLI00181,Cafeteira Eletrica,Casa,"R$ 311,85",1,Curitiba/PR/Brasil,Boleto,Entregue
TRX0001048,PED000555,16-10-2024,CLI00181,Liquidificador Potente,Casa,"R$ 228,84",2,Curitiba/PR/Brasil,Boleto,Entregue
TRX0001049,PED000556,06/10/2024,CLI00346,Tapete de Yoga,Esporte,"R$ 149,67",1,Santos/SP/Brasil,Pix,entregue
TRX0001050,PED000556,2024-10-06,CLI00346,Halteres 10kg,Esporte,"R$ 195,19",-1,Santos/SP/Brasil,Pix,Entregue
TRX0001051,PED000557,30-10-2024,CLI00059,Luminaria de Mesa,Casa,"R$ 147,48",3,Santos/SP/Brasil,Cartao de Credito,Entregue
TRX0001052,PED000558,2024-10-17,CLI00577,Mochila para Notebook,Acessorios,"R$ 188,61",2,Rio de Janeiro/RJ/Brasil,Boleto,Entregue
TRX0001053,PED000559,10/10/2024,CLI00555,Garrafa Termica,Esporte,"120,82",1,Porto Alegre/RS/Brasil,Pix,Entregue
TRX0001054,PED000559,10/10/2024,CLI00555,Tenis Corrida Leve,Esporte,321.62,1,Porto Alegre/RS/Brasil,Pix,Entregue
TRX0001055,PED000560,28/10/2024,CLI00279,Tablet 10,Eletronicos,1376.83,1,Sao Paulo/SP/Brasil,Cartao de Credito,Entregue
TRX0001056,PED000561,2024-10-25,CLI00157,Liquidificador Potente,Casa,"R$ 218,42",1,Belo Horizonte/MG/Brasil,Boleto,Entregue
TRX0001057,PED000562,2024-10-30,CLI00412,Calca Jeans Reta,Moda,181.78,2,Sao Paulo/SP/Brasil,Pix,Devolvido
TRX0001058,PED000563,2024-10-02,CLI00555,Luminaria de Mesa,Casa,144.07,2,Porto Alegre/RS/Brasil,Pix,Entregue
TRX0001059,PED000563,02/10/2024,CLI00555,Tablet 10,eletronicos,"R$ 1.317,57",1,Porto Alegre/RS/Brasil,Pix,Entregue
TRX0001060,PED000563,2024-10-02,CLI00555,Livro Dados em Acao,LIVROS,"84,65",1,Porto Alegre/RS/Brasil,Pix,Entregue
TRX0001061,PED000564,2024-10-11,CLI00483,Tablet 10,Eletronicos,"R$ 1.309,23",1,Recife/PE/Brasil,Cartao de Credito,Entregue
TRX0001062,PED000565,15-10-2024,CLI00132,Capa para Smartphone,Acessorios,"R$ 47,81",1,Sao Paulo/SP/Brasil,Pix,Enviado
TRX0001063,PED000566,07-10-2024,CLI00645,Monitor 27,Eletronicos,"R$ 1.239,27",1,Sao Paulo/SP/Brasil,Pix,Entregue
TRX0001064,PED000567,2024-10-21,CLI00236,Tablet 10,Eletronicos,"R$ 1.349,07",1,Sao Paulo/SP/Brasil,Cartao de Credito,Entregue
TRX0001065,PED000568,2024-10-07,CLI00551,Camisa Social Slim,Moda,164.90,1,Belo Horizonte/MG/Brasil,Cartao de Credito,Entregue
TRX0001066,PED000568,2024-10-07,CLI00551,Tablet 10,Eletronicos,1346.63,1,Belo Horizonte/MG/Brasil,Cartao de Credito,Entregue
TRX0001067,PED000569,02/11/2024,CLI00656,Capa para Smartphone,Acessorios,"50,44",1,Curitiba/PR/Brasil,Cartao de Debito,Enviado
TRX0001068,PED000570,2024-11-10,CLI00086,Notebook Gamer,Eletronicos,4783.53,2,Sao Paulo/SP/Brasil,Cartao de Credito,Enviado
TRX0001069,PED000570,10/11/2024,CLI00086,Mochila para Notebook,Acessorios,"188,31",2,Sao Paulo/SP/Brasil,Cartao de Credito,Enviado
TRX0001070,PED000570,2024-11-10,CLI00086,Tenis Corrida Leve,Esporte,343.64,1,Sao Paulo/SP/Brasil,Cartao de Credito,Enviado
TRX0001071,PED000571,2024-11-16,CLI00355,Jogo de Panelas,Casa,"R$ 404,20",1,Sao Paulo/SP/Brasil,Cartao de Credito,Cancelado
TRX0001072,PED000571,2024-11-16,CLI00355,Capa para Smartphone,Acessorios,"47,85",1,Sao Paulo/SP/Brasil,Cartao de Credito,Cancelado
TRX0001073,PED000571,16-11-2024,CLI00355,Garrafa Termica,Esporte,"R$ 124,85",1,Sao Paulo/SP/Brasil,Cartao de Credito,Cancelado
TRX0001074,PED000571,2024-11-16,CLI00355,Aspirador Robo,Casa,"R$ 1.629,53",1,Sao Paulo/SP/Brasil,Cartao de Credito,Cancelado
TRX0001075,PED000572,21/11/2024,CLI00541,Liquidificador Potente,CASA,"R$ 233,10",1,Sao Paulo/SP/Brasil,Cartao de Debito,Entregue
TRX0001076,PED000573,12/11/2024,CLI00460,Hub USB-C,Acessorios,"R$ 126,46",1,Sao Paulo/SP/Brasil,Cartao de Debito,Devolvido
TRX0001077,PED000574,11/11/2024,CLI00535,Liquidificador Potente,Casa,"R$ 228,72",2,Campinas/SP/Brasil,Pix,Entregue
TRX0001078,PED000574,11-11-2024,CLI00535,Livro Historia do Brasil,Livros,75.02,1,Campinas/SP/Brasil,Pix,Entregue
TRX0001079,PED000575,2024-11-26,CLI00451,Monitor 27,Eletronicos,"1.202,76",1,Curitiba/PR/Brasil,Boleto,Entregue
TRX0001080,PED000576,2024-11-26,CLI00286,Carregador Turbo,Acessorios,"104,97",1,Curitiba/PR/Brasil,Cartao de Credito,Entregue
TRX0001081,PED000576,2024-11-26,CLI00286,Notebook Gamer,Eletronicos,"5.170,73",1,Curitiba/PR/Brasil,Cartao de Credito,Entregue
TRX0001082,PED000576,2024-11-26,CLI00286,Aspirador Robo,Casa,"R$ 1.638,96",2,Curitiba/PR/Brasil,Cartao de Credito,Entregue
TRX0001083,PED000577,2024-11-10,CLI00244,Luminaria de Mesa,Casa,"R$ 148,50",1,Florianopolis/SC/Brasil,Pix,Entregue
TRX0001084,PED000578,2024-11-30,CLI00421,Notebook Ultrafino,Eletrônicos,"R$ 3.363,12",1,Porto Alegre/RS/Brasil,Cartao de Credito,Cancelado
TRX0001085,PED000579,2024-11-28,CLI00460,Tablet 10,Eletronicos,1293.87,2,Sao Paulo/SP/Brasil,Cartao de Credito,Entregue
TRX0001086,PED000579,2024-11-28,CLI00460,Aspirador Robo,Casa,1540.04,1,Sao Paulo/SP/Brasil,Cartao de Credito,Entregue
TRX0001087,PED000580,2024-11-21,CLI00024,Camiseta Dry Fit,esporte,77.47,2,Sao Paulo/SP/Brasil,Cartao de Credito,Entregue
TRX0001088,PED000581,2024-11-05,CLI00196,Tablet 10,Eletronicos,1265.22,4,Uberlandia/MG/Brasil,Pix,Entregue
TRX0001089,PED000582,2024-11-26,CLI00048,Tablet 10,Eletronicos,1375.98,1,Salvador/BA/Brasil,Pix,Entregue
TRX0001090,PED000582,2024-11-26,CLI00048,Hub USB-C,Acessorios,130.84,1,Salvador/BA/Brasil,Pix,entregue
TRX0001091,PED000582,2024-11-26,CLI00048,Livro Dados em Acao,Livros,"92,28",1,Salvador/BA/Brasil,Pix,Entregue
TRX0001092,PED000582,2024-11-26,CLI00048,Livro Historia do Brasil,Livros,"R$ 74,47",1,Salvador/BA/Brasil,Pix,Entregue
TRX0001093,PED000583,2024-11-03,CLI00012,Tenis Corrida Leve,Esporte,"317,27",2,Sao Paulo/SP/Brasil,Boleto,Entregue
,PED000583,03/11/2024,CLI00012,Camiseta Dry Fit,Esporte,"R$ 79,39",1,Sao Paulo/SP/Brasil,Boleto,Entregue
TRX0001095,PED000583,2024-11-03,CLI00012,Garrafa Termica,Esporte,114.76,1,Sao Paulo/SP/Brasil,Boleto,Entregue
TRX0001096,PED000583,03/11/2024,CLI00012,Vestido Midi,Moda,231.45,1,Sao Paulo/SP/Brasil,Boleto,Entregue
TRX0001097,PED000584,2024-11-29,CLI00098,Luminaria de Mesa,Casa,"R$ 134,16",1,Rio de Janeiro/RJ/Brasil,Pix,Entregue
TRX0001098,PED000584,2024-11-29,CLI00098,Headset Gamer,Acessorios,"256,89",1,Rio de Janeiro/RJ/Brasil,Pix,Entregue
TRX0001537,PED000812,2024-11-18,CLI00413,Capa para Smartphone,acessorios,51.96,1,Rio de Janeiro/RJ/Brasil,Cartao de Credito,Entregue
TRX0001099,PED000585,22/11/2024,CLI00246,Hub USB-C,Acessorios,134.43,1,Campinas/SP/Brasil,Pix,Entregue
TRX0001100,PED000586,21-11-2024,CLI00486,Hub USB-C,ACESSORIOS,"127,92",2,Rio de Janeiro/RJ/Brasil,Cartao de Credito,Cancelado
TRX0001101,PED000587,10-11-2024,CLI00412,Jaqueta Corta Vento,Moda,"R$ 269,32",3,Sao Paulo/SP/Brasil,Boleto,Entregue
TRX0001102,PED000588,06-11-2024,CLI00125,Camisa Social Slim,Moda,"R$ 169,48",1,Sao Paulo/SP/Brasil,Pix,Entregue
TRX0001103,PED000589,2024-11-24,CLI00179,Camiseta Dry Fit,Esporte,"85,84",1,Sao Paulo/SP/Brasil,Boleto,Entregue
TRX0001104,PED000589,24/11/2024,CLI00179,Monitor 27,Eletronicos,"R$ 1.224,21",1,Sao Paulo/SP/Brasil,Boleto,Entregue
TRX0001105,PED000590,09/11/2024,CLI00577,Tablet 10,Eletronicos,1392.46,1,Rio de Janeiro/RJ/Brasil,Cartao de Credito,Entregue
TRX0001106,PED000590,2024-11-09,CLI00577,Cafeteira Eletrica,CASA,"288,55",1,Rio de Janeiro/RJ/Brasil,Cartao de Credito,Entregue
TRX0001107,PED000590,09/11/2024,CLI00577,Tenis Corrida Leve,Esporte,312.77,1,Rio de Janeiro/RJ/Brasil,Cartao de Credito,Entregue
TRX0001108,PED000590,09/11/2024,CLI00577,Capa para Smartphone,Acessorios,51.30,1,Rio de Janeiro/RJ/Brasil,Cartao de Credito,Entregue
TRX0001109,PED000591,01/11/2024,CLI00305,Monitor 27,Eletronicos,1196.61,2,Campinas/SP/Brasil,Pix,Entregue
TRX0001110,PED000591,01/11/2024,CLI00305,Mochila para Notebook,Acessorios,"R$ 171,36",1,Campinas/SP/Brasil,Pix,ENTREGUE
TRX0001111,PED000592,2024-11-07,CLI00348,Jogo de Panelas,Casa,"R$ 421,55",1,Uberlandia/MG/Brasil,Pix,Entregue
TRX0001112,PED000592,07/11/2024,CLI00348,Tenis Corrida Leve,Esporte,"332,52",2,Uberlandia/MG/Brasil,Pix,ENTREGUE
TRX0001113,PED000592,07-11-2024,CLI00348,Tapete de Yoga,Esporte,"R$ 144,98",1,Uberlandia/MG/Brasil,Pix,Entregue
TRX0001114,PED000593,04/11/2024,CLI00316,Capa para Smartphone,Acessórios,"R$ 52,98",1,Salvador/BA/Brasil,Cartao de Credito,Entregue
TRX0001115,PED000593,04-11-2024,CLI00316,Teclado Mecanico,acessorios,"R$ 374,86",1,Salvador/BA/Brasil,Cartao de Credito,Entregue
TRX0001116,PED000593,2024-11-04,CLI00316,Mochila para Notebook,Acessorios,"R$ 183,65",2,Salvador/BA/Brasil,Cartao de Credito,Entregue
TRX0001117,PED000594,2024-11-17,CLI00523,Vestido Midi,Moda,"231,20",2,Porto Alegre/RS/Brasil,Cartao de Credito,Entregue
TRX0001118,PED000594,17/11/2024,CLI00523,Tapete de Yoga,Esporte,"142,03",1,Porto Alegre/RS/Brasil,Cartao de Credito,Entregue
TRX0001119,PED000595,2024-11-16,CLI00286,Luminaria de Mesa,Casa,142.01,1,Curitiba/PR/Brasil,Cartao de Debito,Devolvido
TRX0001120,PED000595,2024-11-16,CLI00286,Jogo de Panelas,Casa,"406,49",2,Curitiba/PR/Brasil,Cartao de Debito,Devolvido
TRX0001121,PED000596,2024-11-01,CLI00061,Liquidificador Potente,Casa,"R$ 214,64",2,Fortaleza/CE/Brasil,Cartao de Credito,Entregue
TRX0001122,PED000597,03-11-2024,CLI00509,Headset Gamer,Acessórios,"268,41",1,Brasilia/DF/Brasil,Pix,Processando
TRX0001123,PED000598,2024-11-27,CLI00675,Livro SQL Essencial,Livros,83.84,1,Santos/SP/Brasil,Cartao de Credito,DEVOLVIDO
TRX0001124,PED000598,2024-11-27,CLI00675,Smart TV 50,Eletronicos,2752.12,1,Santos/SP/Brasil,Cartao de Credito,Devolvido
TRX0001125,PED000598,27/11/2024,CLI00675,Hub USB-C,Acessorios,"127,76",1,Santos/SP/Brasil,Cartao de Credito,Devolvido
TRX0001126,PED000599,2024-11-21,CLI00656,Mouse Sem Fio,Acessorios,87.63,-1,Curitiba/PR/Brasil,Pix,entregue
TRX0001127,PED000600,24/11/2024,CLI00558,Capa para Smartphone,Acessorios,"R$ 52,17",2,Sao Paulo/SP/Brasil,Cartao de Debito,Entregue
TRX0001128,PED000601,2024-11-23,CLI00389,Hub USB-C,Acessorios,125.38,1,Sao Paulo/SP/Brasil,Cartao de Debito,Entregue
TRX0001129,PED000601,2024-11-23,CLI00389,Smartphone X200,Eletrônicos,"R$ 2.247,37",2,Sao Paulo/SP/Brasil,Cartao de Debito,Em analise
TRX0001130,PED000601,2024-11-23,CLI00389,Mochila para Notebook,Acessorios,"170,67",1,Sao Paulo/SP/Brasil,Cartao de Debito,ENTREGUE
TRX0001131,PED000602,26/11/2024,CLI00425,Carregador Turbo,Acessórios,"R$ 104,49",1,Sao Paulo/SP/Brasil,Pix,Entregue
TRX0001132,PED000603,18-11-2024,CLI00502,Livro SQL Essencial,Livros,"R$ 84,34",1,Belo Horizonte/MG/Brasil,Cartao de Debito,Entregue
TRX0001133,PED000603,18-11-2024,CLI00502,Notebook Gamer,Eletronicos,"4.656,72",1,Belo Horizonte/MG/Brasil,Cartao de Debito,Entregue
TRX0001134,PED000604,2024-11-14,CLI00165,Notebook Ultrafino,eletronicos,"R$ 3.521,83",3,Sao Paulo/SP/Brasil,Pix,Entregue
TRX0001135,PED000604,2024-11-14,CLI00165,Mochila para Notebook,Acessorios,"R$ 178,47",3,Sao Paulo/SP/Brasil,Pix,Entregue
TRX0001136,PED000604,2024-11-14,CLI00165,Mouse Sem Fio,Acessorios,86.40,1,Sao Paulo/SP/Brasil,Pix,Entregue
TRX0001137,PED000604,2024-11-14,CLI00165,Notebook Gamer,Eletronicos,"R$ 4.917,47",1,Sao Paulo/SP/Brasil,Pix,entregue
TRX0001138,PED000604,14/11/2024,CLI00165,Halteres 10kg,Esporte,"R$ 199,41",1,Sao Paulo/SP/Brasil,Pix,Entregue
TRX0001139,PED000605,2024-11-09,CLI00203,Livro Historia do Brasil,Livros,"R$ 72,10",1,Campinas/SP/Brasil,Boleto,Entregue
TRX0001140,PED000606,2024-11-26,CLI00555,Livro SQL Essencial,Livros,"80,00",0,Porto Alegre/RS/Brasil,Pix,Entregue
TRX0001141,PED000606,2024-11-26,CLI00555,Halteres 10kg,Esporte,190.10,2,Porto Alegre/RS/Brasil,Pix,Entregue
TRX0001142,PED000607,2024-11-25,CLI00417,Headset Gamer,Acessorios,"R$ 273,04",1,Sao Paulo/SP/Brasil,Boleto,Entregue
TRX0001143,PED000607,2024-11-25,CLI00417,Halteres 10kg,Esporte,"199,17",1,Sao Paulo/SP/Brasil,Boleto,Entregue
TRX0001144,PED000608,17-11-2024,CLI00413,Halteres 10kg,Esporte,"R$ 185,41",1,Rio de Janeiro/RJ/Brasil,Cartao de Credito,enviado
TRX0001145,PED000609,23/11/2024,CLI00362,Camiseta Dry Fit,Esporte,"79,89",2,Campinas/SP/Brasil,Cartao de Debito,Entregue
TRX0001146,PED000609,2024-11-23,CLI00362,,Acessorios,"99,48",1,Campinas/SP/Brasil,Cartao de Debito,Entregue
TRX0001147,PED000610,04-11-2024,CLI00555,Headset Gamer,Acessorios,"251,61",1,Porto Alegre/RS/Brasil,Cartao de Credito,Cancelado
TRX0001148,PED000611,2024-11-04,CLI00170,Capa para Smartphone,Acessorios,"51,91",1,Belo Horizonte/MG/Brasil,Pix,Cancelado
TRX0001149,PED000611,2024-11-04,CLI00170,Livro Historia do Brasil,Livros,"70,49",3,Belo Horizonte/MG/Brasil,Pix,Cancelado
TRX0001150,PED000612,2024-11-25,CLI00408,Livro Historia do Brasil,Livros,72.92,1,Sao Paulo/SP/Brasil,Cartao de Debito,Entregue
TRX0001151,PED000612,2024-11-25,CLI00408,Livro Dados em Acao,Livros,87.53,2,Sao Paulo/SP/Brasil,Cartao de Debito,Entregue
TRX0001152,PED000612,2024-11-25,CLI00408,Jogo de Panelas,Casa,"398,50",1,Sao Paulo/SP/Brasil,Cartao de Debito,Entregue
TRX0001153,PED000613,2024-11-26,CLI00577,Liquidificador Potente,CASA,218.28,1,Rio de Janeiro/RJ/Brasil,Boleto,Cancelado
TRX0001154,PED000613,26/11/2024,CLI00577,Tapete de Yoga,Esporte,"147,38",1,Rio de Janeiro/RJ/Brasil,Boleto,Cancelado
TRX0001155,PED000614,2024-11-06,CLI00486,Luminaria de Mesa,casa,"135,71",1,Rio de Janeiro/RJ/Brasil,Cartao de Credito,Entregue
TRX0001156,PED000615,2024-11-23,CLI00129,Halteres 10kg,Esporte,195.07,1,Florianopolis/SC/Brasil,Boleto,Entregue
TRX0001157,PED000615,23/11/2024,CLI00129,Calca Jeans Reta,Moda,"196,19",1,Florianopolis/SC/Brasil,Boleto,Entregue
TRX0001158,PED000616,27-11-2024,CLI00366,Smartphone X200,Eletronicos,"2.245,86",1,Porto Alegre/RS/Brasil,Cartao de Debito,Entregue
TRX0001159,PED000617,2024-11-14,CLI00029,Cafeteira Eletrica,Casa,"R$ 295,02",1,Campinas/SP/Brasil,Cartao de Credito,Entregue
TRX0001160,PED000618,09/11/2024,CLI00417,Notebook Gamer,Eletronicos,5137.89,1,Sao Paulo/SP/Brasil,Cartao de Credito,Entregue
TRX0001161,PED000619,07/11/2024,CLI00322,Tapete de Yoga,ESPORTE,146.72,1,Curitiba/PR/Brasil,Cartao de Debito,Entregue
TRX0001162,PED000619,2024-11-07,CLI00322,Halteres 10kg,Esporte,"R$ 187,18",1,Curitiba/PR/Brasil,Cartao de Debito,entregue
TRX0001163,PED000620,2024-11-26,CLI00529,Camisa Social Slim,MODA,"155,41",1,Santos/SP/Brasil,Pix,Entregue
TRX0001164,PED000620,2024-11-26,CLI00529,Tablet 10,Eletronicos,"R$ 1.355,58",1,Santos/SP/Brasil,Pix,Entregue
TRX0001165,PED000621,2024-11-18,CLI00386,Capa para Smartphone,Acessorios,"R$ 359,57",1,Sao Paulo/SP/Brasil,Pix,Entregue
TRX0001166,PED000622,2024-11-13,CLI00338,Headset Gamer,Acessorios,"269,79",1,Belo Horizonte/MG/Brasil,Boleto,Entregue
TRX0001167,PED000622,2024-11-13,CLI00338,Monitor 27,Eletronicos,1232.40,1,Belo Horizonte/MG/Brasil,Boleto,entregue
TRX0001168,PED000623,2024-11-30,CLI00620,Livro SQL Essencial,Livros,"R$ 84,69",1,Campinas/SP/Brasil,Pix,Enviado
TRX0001169,PED000623,2024-11-30,CLI00620,Carregador Turbo,Acessorios,"R$ 105,27",1,Campinas/SP/Brasil,Pix,Enviado
TRX0001170,PED000623,30/11/2024,CLI00620,Halteres 10kg,Esporte,191.05,1,Campinas/SP/Brasil,Pix,Enviado
TRX0001171,PED000623,2024-11-30,CLI00620,Headset Gamer,Acessorios,"R$ 266,75",2,Campinas/SP/Brasil,Pix,Enviado
TRX0001172,PED000624,02-11-2024,CLI00254,Notebook Ultrafino,Eletrônicos,"3.649,43",1,Sao Paulo/SP/Brasil,Cartao de Credito,Entregue
TRX0001173,PED000625,08/11/2024,CLI00002,Calca Jeans Reta,Moda,"191,46",1,Florianopolis/SC/Brasil,Cartao de Credito,Entregue
TRX0001174,PED000626,2024-11-06,CLI00355,Luminaria de Mesa,Casa,139.35,1,Sao Paulo/SP/Brasil,Boleto,Entregue
TRX0001175,PED000627,2024-11-13,CLI00047,Carregador Turbo,Acessorios,104.64,4,Salvador/BA/Brasil,Pix,Cancelado
TRX0001176,PED000628,25/11/2024,CLI00346,Livro SQL Essencial,Livros,80.32,2,Santos/SP/Brasil,Cartao de Debito,entregue
TRX0001177,PED000628,2024-11-25,CLI00346,Smartphone X200,Eletronicos,"R$ 2.156,88",1,Santos/SP/Brasil,Cartao de Debito,Entregue
TRX0001178,PED000629,2024-11-10,CLI00515,Camiseta Dry Fit,Esporte,"R$ 86,05",1,Campinas/SP/Brasil,Pix,Cancelado
TRX0001179,PED000629,2024-11-10,CLI00515,Calca Jeans Reta,Moda,"R$ 198,33",1,Campinas/SP/Brasil,Pix,Cancelado
TRX0001180,PED000630,18-11-2024,CLI00435,Luminaria de Mesa,CASA,"R$ 138,04",1,Salvador/BA/Brasil,Cartao de Credito,Entregue
TRX0001181,PED000630,2024-11-18,CLI00435,Hub USB-C,ACESSORIOS,"R$ 130,08",1,Salvador/BA/Brasil,Cartao de Credito,Entregue
TRX0001182,PED000630,2024-11-18,CLI00435,Jaqueta Corta Vento,moda,271.59,1,Salvador/BA/Brasil,Cartao de Credito,Entregue
,PED000631,2024-11-12,CLI00264,Carregador Turbo,Acessorios,"R$ 96,41",1,Campinas/SP/Brasil,Pix,Processando
TRX0001184,PED000631,12/11/2024,CLI00264,Halteres 10kg,esporte,187.11,2,Campinas/SP/Brasil,Pix,Processando
TRX0001185,PED000632,27-11-2024,CLI00361,Calca Jeans Reta,Moda,188.13,1,Santos/SP/Brasil,Pix,Entregue
TRX0001186,PED000632,2024-11-27,CLI00361,Aspirador Robo,Casa,"1.597,97",2,Santos/SP/Brasil,Pix,Entregue
TRX0001187,PED000632,27/11/2024,CLI00361,Liquidificador Potente,CASA,226.41,1,Santos/SP/Brasil,Pix,Entregue
TRX0001188,PED000633,2024-11-23,CLI00577,Smartphone X200,Eletronicos,2093.39,1,Rio de Janeiro/RJ/Brasil,Boleto,Entregue
TRX0001189,PED000633,23/11/2024,CLI00577,Carregador Turbo,Acessorios,97.98,1,Rio de Janeiro/RJ/Brasil,Boleto,Entregue
TRX0001190,PED000634,2024-11-13,CLI00064,Jogo de Panelas,Casa,412.81,1,Sao Paulo/SP/Brasil,Cartao de Credito,Cancelado
TRX0001191,PED000634,2024-11-13,CLI00064,Livro SQL Essencial,Livros,"R$ 84,50",1,Sao Paulo/SP/Brasil,Cartao de Credito,Cancelado
TRX0001192,PED000634,2024-11-13,CLI00064,Capa para Smartphone,Acessorios,50.57,1,Sao Paulo/SP/Brasil,Cartao de Credito,Cancelado
TRX0001193,PED000635,2024-11-17,CLI00235,Vestido Midi,Moda,"223,98",1,Curitiba/PR/Brasil,Pix,Entregue
TRX0001194,PED000636,27/11/2024,CLI00237,Headset Gamer,Acessorios,"258,20",1,Sao Paulo/SP/Brasil,Pix,Entregue
TRX0001195,PED000637,2024-11-08,CLI00456,Camisa Social Slim,Moda,"R$ 1.503,42",1,Porto Alegre/RS/Brasil,Pix,Enviado
TRX0001196,PED000637,2024-11-08,CLI00456,Mouse Sem Fio,Acessórios,"R$ 89,81",2,Porto Alegre/RS/Brasil,Pix,Enviado
TRX0001197,PED000637,2024-11-08,CLI00456,Notebook Ultrafino,Eletronicos,"3.603,93",1,Porto Alegre/RS/Brasil,Pix,ENVIADO
TRX0001198,PED000638,2024-11-26,CLI00310,Tenis Corrida Leve,Esporte,336.58,1,Recife/PE/Brasil,Cartao de Credito,Entregue
TRX0001199,PED000638,2024-11-26,CLI00310,Camiseta Dry Fit,Esporte,"80,81",1,Recife/PE/Brasil,Cartao de Credito,Entregue
TRX0001200,PED000639,2024-11-19,CLI00544,Livro Dados em Acao,Livros,93.43,1,Rio de Janeiro/RJ/Brasil,Pix,Enviado
TRX0001201,PED000640,2024-11-24,CLI00132,Cafeteira Eletrica,Casa,305.98,1,Sao Paulo/SP/Brasil,Pix,Cancelado
TRX0001202,PED000641,2024-11-03,CLI00341,Jaqueta Corta Vento,Moda,"R$ 281,06",1,Sao Paulo/SP/Brasil,Cartao de Credito,Processando
TRX0001203,PED000641,2024-11-03,CLI00341,Tablet 10,Eletronicos,1272.13,1,Sao Paulo/SP/Brasil,Cartao de Credito,Processando
TRX0001204,PED000642,25-11-2024,CLI00305,Tablet 10,Eletronicos,1326.93,2,Campinas/SP/Brasil,Boleto,Entregue
TRX0001205,PED000643,2024-11-04,CLI00412,Jaqueta Corta Vento,Moda,"R$ 273,47",1,Sao Paulo/SP/Brasil,Cartao de Credito,Processando
TRX0001206,PED000643,2024-11-04,CLI00412,Carregador Turbo,Acessorios,"102,12",1,Sao Paulo/SP/Brasil,Cartao de Credito,PROCESSANDO
TRX0001207,PED000643,04-11-2024,CLI00412,Notebook Gamer,Eletronicos,5013.63,1,Sao Paulo/SP/Brasil,Cartao de Credito,Processando
TRX0001208,PED000644,04/11/2024,CLI00268,Vestido Midi,Moda,"R$ 218,83",2,Salvador/BA/Brasil,Pix,Cancelado
TRX0001209,PED000645,17/11/2024,CLI00205,Halteres 10kg,Esporte,197.55,1,Santos/SP/Brasil,Pix,Cancelado
TRX0001210,PED000645,2024-11-17,CLI00205,Teclado Mecanico,Acessorios,367.66,1,Santos/SP/Brasil,Pix,cancelado
TRX0001211,PED000645,17-11-2024,CLI00205,Headset Gamer,Acessorios,"R$ 276,04",1,Santos/SP/Brasil,Pix,Cancelado
TRX0001212,PED000646,2024-11-28,CLI00265,Camisa Social Slim,MODA,"R$ 159,36",1,Campinas/SP/Brasil,Cartao de Credito,Entregue
TRX0001213,PED000646,28-11-2024,CLI00265,Carregador Turbo,Acessorios,"R$ 94,94",3,Campinas/SP/Brasil,Cartao de Credito,entregue
TRX0001214,PED000646,2024-11-28,CLI00265,Tablet 10,Eletronicos,1377.73,1,Campinas/SP/Brasil,Cartao de Credito,Entregue
TRX0001215,PED000647,2024-11-14,CLI00577,Camisa Social Slim,Moda,"168,92",2,Rio de Janeiro/RJ/Brasil,Cartao de Credito,Entregue
TRX0001216,PED000647,2024-11-14,CLI00577,Livro Historia do Brasil,Livros,"71,97",1,Rio de Janeiro/RJ/Brasil,Cartao de Credito,ENTREGUE
TRX0001217,PED000648,20/11/2024,CLI00658,Tablet 10,Eletronicos,1282.93,1,Goiania/GO/Brasil,Cartao de Debito,Entregue
TRX0001218,PED000648,2024-11-20,CLI00658,Mochila para Notebook,Acessorios,"190,38",2,Goiania/GO/Brasil,Cartao de Debito,Entregue
TRX0001219,PED000649,11/11/2024,CLI00207,Liquidificador Potente,Casa,"R$ 235,96",1,Recife/PE/Brasil,Cartao de Credito,Entregue
TRX0001220,PED000649,2024-11-11,CLI00207,Headset Gamer,Acessorios,"247,18",1,Recife/PE/Brasil,Cartao de Credito,ENTREGUE
TRX0001221,PED000650,2024-11-28,CLI00303,Luminaria de Mesa,Casa,"R$ 143,11",1,Goiania/GO/Brasil,Cartao de Credito,Entregue
TRX0001222,PED000650,28/11/2024,CLI00303,Teclado Mecanico,Acessorios,"R$ 373,02",1,Goiania/GO/Brasil,Cartao de Credito,Entregue
TRX0001223,PED000650,2024-11-28,CLI00303,Jogo de Panelas,Casa,"R$ 404,87",3,Goiania/GO/Brasil,Cartao de Credito,Entregue
TRX0001224,PED000650,28/11/2024,CLI00303,Garrafa Termica,Esporte,"R$ 121,66",1,Goiania/GO/Brasil,Cartao de Credito,Entregue
TRX0001225,PED000651,2024-11-12,CLI00515,Jogo de Panelas,Casa,"R$ 381,04",1,Campinas/SP/Brasil,Cartao de Credito,Entregue
TRX0001226,PED000651,2024-11-12,CLI00515,Tapete de Yoga,Esporte,150.34,2,Campinas/SP/Brasil,Cartao de Credito,Entregue
TRX0001227,PED000652,21/11/2024,CLI00547,Mouse Sem Fio,Acessorios,92.38,2,Sao Paulo/SP/Brasil,Cartao de Credito,Entregue
TRX0001228,PED000652,21/11/2024,CLI00547,Liquidificador Potente,Casa,230.77,1,Sao Paulo/SP/Brasil,Cartao de Credito,Entregue
TRX0001229,PED000653,28-11-2024,CLI00484,,Casa,1692.09,1,Rio de Janeiro/RJ/Brasil,Pix,Devolvido
TRX0001230,PED000654,23/11/2024,,Teclado Mecanico,acessorios,"341,36",1,Campinas/SP/Brasil,Cartao de Debito,Entregue
TRX0001231,PED000654,23/11/2024,CLI00265,Jaqueta Corta Vento,Moda,"R$ 290,38",1,Campinas/SP/Brasil,Cartao de Debito,Entregue
TRX0001232,PED000655,2024-11-12,CLI00268,Camisa Social Slim,Moda,"R$ 169,77",4,Salvador/BA/Brasil,Cartao de Credito,Enviado
TRX0001233,PED000656,2024-11-11,CLI00692,Jogo de Panelas,Casa,415.27,3,Florianopolis/SC/Brasil,Cartao de Credito,entregue
TRX0001234,PED000656,2024-11-11,CLI00692,Teclado Mecanico,Acessorios,"R$ 368,18",1,Florianopolis/SC/Brasil,Cartao de Credito,Entregue
TRX0001235,PED000656,2024-11-11,CLI00692,Smartphone X200,eletronicos,"2.243,72",1,Florianopolis/SC/Brasil,Cartao de Credito,Entregue
TRX0001236,PED000657,28-11-2024,CLI00412,Tapete de Yoga,Esporte,144.92,1,Sao Paulo/SP/Brasil,Cartao de Credito,Processando
TRX0001237,PED000657,2024-11-28,CLI00412,Mochila para Notebook,Acessorios,186.23,1,Sao Paulo/SP/Brasil,Cartao de Credito,Processando
TRX0001238,PED000658,2024-11-07,CLI00400,Jogo de Panelas,casa,"R$ 410,00",1,Uberlandia/MG/Brasil,Pix,Entregue
TRX0001239,PED000659,2024-11-21,CLI00051,Hub USB-C,Acessorios,"R$ 123,60",1,Salvador/BA/Brasil,Cartao de Credito,Enviado
TRX0001240,PED000659,2024-11-21,CLI00051,Luminaria de Mesa,Casa,142.82,3,Salvador/BA/Brasil,Cartao de Credito,Enviado
TRX0001241,PED000660,2024-11-19,CLI00512,Tenis Corrida Leve,Esporte,322.05,2,Rio de Janeiro/RJ/Brasil,Cartao de Credito,Entregue
TRX0001242,PED000661,2024-11-21,CLI00560,Cafeteira Eletrica,Casa,"R$ 301,95",1,Curitiba/PR/Brasil,Boleto,Entregue
TRX0001243,PED000662,2024-11-30,CLI00541,Liquidificador Potente,Casa,235.94,1,Sao Paulo/SP/Brasil,Cartao de Credito,Entregue
TRX0001244,PED000662,2024-11-30,CLI00541,Livro SQL Essencial,Livros,"R$ 84,88",4,Sao Paulo/SP/Brasil,Cartao de Credito,Entregue
TRX0001245,PED000663,29/11/2024,CLI00051,Livro Historia do Brasil,Livros,"R$ 71,06",1,Salvador/BA/Brasil,Pix,Cancelado
TRX0000706,PED000380,17/09/2024,CLI00046,Halteres 10kg,Esporte,"198,63",3,Porto Alegre/RS/Brasil,Boleto,Cancelado
TRX0001246,PED000663,2024-11-29,CLI00051,,Moda,220.05,1,Salvador/BA/Brasil,Pix,Cancelado
TRX0001247,PED000663,29/11/2024,CLI00051,Notebook Ultrafino,Eletronicos,3540.29,3,Salvador/BA/Brasil,Pix,CANCELADO
TRX0001248,PED000663,2024-11-29,CLI00051,,ELETRONICOS,"R$ 1.155,20",2,Salvador/BA/Brasil,Pix,Aguardando pagamento
TRX0001249,PED000664,2024-11-14,CLI00314,Notebook Gamer,Eletronicos,"R$ 5.266,68",1,Sao Paulo/SP/Brasil,Cartao de Debito,Entregue
TRX0001250,PED000664,14/11/2024,CLI00314,Headset Gamer,Acessorios,"R$ 274,83",1,Sao Paulo/SP/Brasil,Cartao de Debito,Entregue
TRX0001251,PED000664,14/11/2024,CLI00314,Mouse Sem Fio,Acessorios,91.99,1,Sao Paulo/SP/Brasil,Cartao de Debito,Entregue
TRX0001252,PED000665,2024-11-26,CLI00486,Camisa Social Slim,Moda,170.55,4,Rio de Janeiro/RJ/Brasil,Pix,Entregue
TRX0001253,PED000665,2024-11-26,CLI00486,Smart TV 50,Eletronicos,"R$ 2.640,17",1,Rio de Janeiro/RJ/Brasil,Pix,Entregue
TRX0001254,PED000666,2024-11-01,CLI00374,Headset Gamer,Acessorios,"R$ 256,19",1,Rio de Janeiro/RJ/Brasil,Boleto,Cancelado
TRX0001255,PED000667,14-11-2024,CLI00210,Liquidificador Potente,Casa,"217,91",2,Sao Paulo/SP/Brasil,Cartao de Credito,Entregue
TRX0001256,PED000668,2024-11-13,CLI00585,Vestido Midi,Moda,"R$ 220,10",1,Fortaleza/CE/Brasil,Cartao de Credito,Entregue
TRX0001257,PED000669,00/00/0000,CLI00311,Calca Jeans Reta,Moda,198.42,1,Sao Paulo/SP/Brasil,Cartao de Credito,Entregue
TRX0001258,PED000669,2024-11-13,CLI00311,Jogo de Panelas,Casa,402.69,2,Sao Paulo/SP/Brasil,Cartao de Credito,Entregue
TRX0001259,PED000669,13-11-2024,CLI00311,Jaqueta Corta Vento,Moda,270.09,1,Sao Paulo/SP/Brasil,Cartao de Credito,Entregue
TRX0001260,PED000670,2024-11-06,CLI00233,Camisa Social Slim,Moda,"165,65",1,Sao Paulo/SP/Brasil,Cartao de Credito,Entregue
TRX0001261,PED000671,22/11/2024,CLI00333,Jogo de Panelas,casa,419.08,1,Recife/PE/Brasil,Pix,Entregue
TRX0001262,PED000671,2024-11-22,CLI00333,Smartphone X200,Eletronicos,2371.90,1,Recife/PE/Brasil,Pix,Entregue
TRX0001263,PED000672,26/11/2024,CLI00162,Jaqueta Corta Vento,Moda,"R$ 288,56",1,Campinas/SP/Brasil,Pix,Entregue
TRX0001264,PED000673,2024-11-21,CLI00577,Jaqueta Corta Vento,Moda,256.92,1,Rio de Janeiro/RJ/Brasil,Cartao de Credito,ENVIADO
TRX0001265,PED000673,2024-11-21,CLI00577,Luminaria de Mesa,casa,"145,93",2,Rio de Janeiro/RJ/Brasil,Cartao de Credito,Aguardando pagamento
TRX0001266,PED000673,21-11-2024,CLI00577,Garrafa Termica,Esporte,"127,83",1,Rio de Janeiro/RJ/Brasil,Cartao de Credito,Enviado
TRX0001267,PED000674,2024-11-18,CLI00053,Livro Dados em Acao,Livros,"90,33",1,Rio de Janeiro/RJ/Brasil,Cartao de Credito,Entregue
TRX0001268,PED000674,2024-11-18,CLI00053,Garrafa Termica,Esporte,"114,02",1,Rio de Janeiro/RJ/Brasil,Cartao de Credito,Entregue
TRX0001269,PED000675,2024-11-16,CLI00456,Notebook Gamer,Eletronicos,5014.06,1,Porto Alegre/RS/Brasil,Pix,Entregue
TRX0001270,PED000676,2024-11-24,CLI00547,Teclado Mecanico,Acessorios,369.78,-1,Sao Paulo/SP/Brasil,Boleto,Cancelado
TRX0001271,PED000677,20/11/2024,CLI00305,Monitor 27,Eletronicos,"1.236,55",1,Campinas/SP/Brasil,Cartao de Credito,Devolvido
TRX0001272,PED000678,07/11/2024,CLI00400,Luminaria de Mesa,Casa,148.64,3,Uberlandia/MG/Brasil,Cartao de Credito,Cancelado
TRX0001273,PED000679,2024-11-08,CLI00308,Jaqueta Corta Vento,Moda,"282,33",1,Sao Paulo/SP/Brasil,Cartao de Credito,Entregue
TRX0001274,PED000679,2024-11-08,CLI00308,Livro Historia do Brasil,Livros,"R$ 72,02",1,Sao Paulo/SP/Brasil,Cartao de Credito,Entregue
TRX0001275,PED000679,2024-11-08,CLI00308,Livro SQL Essencial,Livros,81.06,1,Sao Paulo/SP/Brasil,Cartao de Credito,Entregue
TRX0001276,PED000680,10/11/2024,CLI00457,Vestido Midi,Moda,"213,07",1,Rio de Janeiro/RJ/Brasil,Cartao de Credito,Devolvido
TRX0001277,PED000681,12-11-2024,CLI00295,Carregador Turbo,acessorios,"R$ 98,10",1,Niteroi/RJ/Brasil,Pix,ENTREGUE
TRX0001278,PED000681,12-11-2024,CLI00295,Aspirador Robo,Casa,"R$ 1.697,68",1,Niteroi/RJ/Brasil,Pix,Entregue
TRX0001279,PED000681,2024-11-12,CLI00295,Livro Dados em Acao,Livros,"R$ 93,70",1,Niteroi/RJ/Brasil,Pix,Entregue
TRX0001280,PED000682,2024-11-20,CLI00421,Tablet 10,Eletrônicos,1250.80,1,Porto Alegre/RS/Brasil,Cartao de Credito,Entregue
TRX0001281,PED000682,20/11/2024,CLI00421,Carregador Turbo,Acessorios,"R$ 104,02",2,Porto Alegre/RS/Brasil,Cartao de Credito,Entregue
TRX0001282,PED000682,2024-11-20,CLI00421,Aspirador Robo,Casa,"R$ 1.706,91",1,Porto Alegre/RS/Brasil,Cartao de Credito,Entregue
TRX0001283,PED000683,2024-11-15,CLI00341,Hub USB-C,ACESSORIOS,"132,37",1,Sao Paulo/SP/Brasil,Cartao de Credito,Entregue
TRX0001284,PED000684,2024-11-01,CLI00521,Mochila para Notebook,Acessorios,170.47,1,Uberlandia/MG/Brasil,Cartao de Credito,Entregue
TRX0001285,PED000685,06/11/2024,CLI00413,Smart TV 50,Eletronicos,"R$ 2.491,54",1,Rio de Janeiro/RJ/Brasil,Cartao de Credito,Entregue
TRX0001286,PED000685,2024-11-06,CLI00413,Teclado Mecanico,Acessorios,359.24,3,Rio de Janeiro/RJ/Brasil,Cartao de Credito,Entregue
TRX0001287,PED000685,2024-11-06,CLI00413,Livro Historia do Brasil,Livros,"R$ 74,00",1,Rio de Janeiro/RJ/Brasil,Cartao de Credito,Entregue
TRX0001288,PED000686,2024-11-24,CLI00643,Camisa Social Slim,Moda,164.69,1,Sao Paulo/SP/Brasil,Cartao de Credito,Entregue
TRX0001289,PED000686,24/11/2024,CLI00643,Capa para Smartphone,Acessorios,51.40,1,Sao Paulo/SP/Brasil,Cartao de Credito,Entregue
TRX0001290,PED000686,2024-11-24,CLI00643,Teclado Mecanico,Acessorios,"R$ 350,61",1,Sao Paulo/SP/Brasil,Cartao de Credito,Entregue
TRX0001291,PED000687,11/11/2024,CLI00062,Teclado Mecanico,Acessorios,354.27,2,Curitiba/PR/Brasil,Pix,Entregue
TRX0001292,PED000687,11/11/2024,CLI00062,Garrafa Termica,Esporte,"122,71",2,Curitiba/PR/Brasil,Pix,Entregue
TRX0001293,PED000688,25-11-2024,CLI00541,Livro SQL Essencial,Livros,"R$ 81,99",1,Sao Paulo/SP/Brasil,Cartao de Debito,Entregue
TRX0001294,PED000688,25/11/2024,CLI00541,Smartphone X200,Eletronicos,"R$ 2.278,25",1,Sao Paulo/SP/Brasil,Cartao de Debito,Entregue
TRX0001295,PED000688,25/11/2024,CLI00541,Tablet 10,ELETRONICOS,1299.79,2,Sao Paulo/SP/Brasil,Cartao de Debito,Entregue
TRX0001296,PED000688,2024-11-25,CLI00541,Livro Historia do Brasil,Livros,"R$ 68,70",1,Sao Paulo/SP/Brasil,Cartao de Debito,Entregue
TRX0001297,PED000689,28-11-2024,CLI00622,Calca Jeans Reta,Moda,187.47,2,Campinas/SP/Brasil,Pix,Entregue
TRX0001298,PED000689,2024-11-28,CLI00622,Halteres 10kg,Esporte,194.19,2,Campinas/SP/Brasil,Pix,Entregue
TRX0001299,PED000690,2024-11-24,CLI00239,Cafeteira Eletrica,Casa,"295,91",2,Campinas/SP/Brasil,Cartao de Credito,Cancelado
TRX0001300,PED000691,2024-11-24,CLI00291,Tapete de Yoga,Esporte,160.01,4,Rio de Janeiro/RJ/Brasil,Pix,Entregue
TRX0001301,PED000691,24/11/2024,CLI00291,Liquidificador Potente,Casa,"R$ 225,81",3,Rio de Janeiro/RJ/Brasil,Pix,entregue
TRX0001302,PED000692,2024-11-07,CLI00682,Notebook Ultrafino,Eletronicos,"3.558,95",2,Santos/SP/Brasil,Cartao de Credito,Entregue
TRX0001303,PED000693,10/11/2024,CLI00254,Livro Dados em Acao,Livros,"R$ 89,15",2,Sao Paulo/SP/Brasil,Boleto,Entregue
TRX0001304,PED000694,06-11-2024,CLI00333,Capa para Smartphone,ACESSORIOS,53.62,1,Recife/PE/Brasil,Cartao de Debito,Entregue
TRX0001305,PED000694,2024-11-06,CLI00333,Smartphone X200,Eletronicos,"2.162,92",1,Recife/PE/Brasil,Cartao de Debito,Entregue
TRX0001306,PED000694,06/11/2024,CLI00333,Mochila para Notebook,Acessorios,"192,30",3,Recife/PE/Brasil,Cartao de Debito,Entregue
TRX0001307,PED000694,2024-11-06,CLI00333,Tapete de Yoga,Esporte,"R$ 159,36",2,Recife/PE/Brasil,Cartao de Debito,Entregue
TRX0001308,PED000695,2024-11-26,CLI00062,Halteres 10kg,Esporte,"197,90",3,Curitiba/PR/Brasil,Cartao de Debito,Entregue
TRX0001309,PED000695,2024-11-26,CLI00062,Calca Jeans Reta,Moda,"196,58",1,Curitiba/PR/Brasil,Cartao de Debito,Entregue
TRX0001310,PED000695,2024-11-26,CLI00062,Cafeteira Eletrica,Casa,"295,43",1,Curitiba/PR/Brasil,Cartao de Debito,Entregue
TRX0001311,PED000696,12/11/2024,CLI00656,Teclado Mecanico,Acessorios,"R$ 335,87",1,Curitiba/PR/Brasil,Cartao de Debito,Processando
TRX0001312,PED000696,2024-11-12,CLI00656,Smart TV 50,Eletronicos,2573.04,1,Curitiba/PR/Brasil,Cartao de Debito,PROCESSANDO
TRX0001313,PED000696,2024-11-12,CLI00656,Halteres 10kg,Esporte,"191,54",1,Curitiba/PR/Brasil,Cartao de Debito,Processando
TRX0001314,PED000697,2024-11-16,CLI00439,Halteres 10kg,Esporte,"R$ 182,16",1,Sao Paulo/SP/Brasil,Cartao de Credito,Entregue
TRX0001315,PED000698,2024-11-22,CLI00117,Teclado Mecanico,ACESSORIOS,332.54,1,Curitiba/PR/Brasil,Pix,Devolvido
TRX0001316,PED000698,2024-11-22,CLI00117,Vestido Midi,Moda,209.55,4,Curitiba/PR/Brasil,Pix,Devolvido
TRX0001317,PED000699,11/11/2024,CLI00179,Halteres 10kg,esporte,180.57,1,Sao Paulo/SP/Brasil,Cartao de Credito,Entregue
TRX0001318,PED000700,2024-11-05,CLI00316,Hub USB-C,Acessorios,134.46,1,Salvador/BA/Brasil,Pix,Entregue
TRX0001319,PED000700,05/11/2024,CLI00316,Jaqueta Corta Vento,Moda,"R$ 281,93",1,Salvador/BA/Brasil,Pix,Entregue
TRX0001320,PED000701,2024-11-13,CLI00053,Mouse Sem Fio,Acessorios,"R$ 94,97",1,Rio de Janeiro/RJ/Brasil,Pix,Entregue
TRX0007401,PED003921,2026-05-23,CLI00480,Notebook Ultrafino,Eletronicos,"3.514,32",1,Porto Alegre/RS/Brasil,Cartao de Credito,Entregue
TRX0001321,PED000701,13/11/2024,CLI00053,Vestido Midi,Moda,"R$ 229,89",2,Rio de Janeiro/RJ/Brasil,Pix,Entregue
TRX0001322,PED000701,13/11/2024,CLI00053,Garrafa Termica,Esporte,"113,65",1,Rio de Janeiro/RJ/Brasil,Pix,ENTREGUE
TRX0001323,PED000701,2024-11-13,CLI00053,Cafeteira Eletrica,Casa,"294,61",2,Rio de Janeiro/RJ/Brasil,Pix,Entregue
TRX0001324,PED000702,13/11/2024,CLI00029,Jaqueta Corta Vento,Moda,"R$ 288,16",1,Campinas/SP/Brasil,Boleto,Entregue
TRX0001325,PED000702,13/11/2024,CLI00029,Teclado Mecanico,ACESSORIOS,363.16,1,Campinas/SP/Brasil,Boleto,Entregue
TRX0001326,PED000703,16/11/2024,CLI00408,Tenis Corrida Leve,Esporte,"R$ 323,81",1,Sao Paulo/SP/Brasil,Cartao de Debito,Cancelado
TRX0001327,PED000703,,CLI00408,Calca Jeans Reta,Moda,"R$ 188,64",2,Sao Paulo/SP/Brasil,Cartao de Debito,CANCELADO
TRX0001328,PED000704,16/11/2024,CLI00653,Carregador Turbo,Acessorios,"98,96",4,Rio de Janeiro/RJ/Brasil,Pix,Entregue
TRX0001329,PED000705,2024-11-03,CLI00272,Livro Historia do Brasil,livros,"R$ 75,41",1,Campinas/SP/Brasil,Boleto,ENTREGUE
TRX0001330,PED000706,2024-11-21,CLI00462,Halteres 10kg,Esporte,1265.26,3,Goiania/GO/Brasil,Pix,Cancelado
TRX0001331,PED000707,10-11-2024,CLI00622,Tapete de Yoga,Esporte,"R$ 152,29",1,Campinas/SP/Brasil,Pix,Entregue
TRX0001332,PED000708,25/11/2024,CLI00068,Vestido Midi,Moda,"R$ 227,03",1,Florianopolis/SC/Brasil,Pix,Enviado
TRX0001333,PED000708,25/11/2024,CLI00068,Capa para Smartphone,Acessorios,51.81,1,Florianopolis/SC/Brasil,Pix,Enviado
TRX0001334,PED000708,2024-11-25,CLI00068,Tenis Corrida Leve,Esporte,"336,13",1,Florianopolis/SC/Brasil,Pix,ENVIADO
TRX0001335,PED000709,2024-11-08,CLI00165,Camisa Social Slim,Moda,"R$ 165,08",1,Sao Paulo/SP/Brasil,Cartao de Credito,Aguardando pagamento
TRX0001336,PED000710,2024-11-13,CLI00064,Tapete de Yoga,Esporte,"151,64",1,Sao Paulo/SP/Brasil,Cartao de Credito,Entregue
TRX0001337,PED000710,2024-11-13,CLI00064,Garrafa Termica,ESPORTE,116.14,1,Sao Paulo/SP/Brasil,Cartao de Credito,Entregue
TRX0001338,PED000711,2024-11-21,CLI00051,Monitor 27,Eletronicos,"R$ 1.218,19",3,Salvador/BA/Brasil,Pix,Enviado
TRX0001339,PED000711,21/11/2024,CLI00051,Livro Historia do Brasil,Livros,"R$ 72,63",1,Salvador/BA/Brasil,Pix,ENVIADO
TRX0001340,PED000712,17/11/2024,CLI00310,,Moda,"196,45",1,Recife/PE/Brasil,Cartao de Credito,Enviado
TRX0001341,PED000713,23-11-2024,CLI00469,Teclado Mecanico,Acessorios,"355,30",1,Florianopolis/SC/Brasil,Pix,Processando
TRX0001342,PED000714,25-11-2024,CLI00433,Livro Historia do Brasil,Livros,"74,08",1,Uberlandia/MG/Brasil,Pix,Entregue
TRX0001343,PED000715,2024-11-28,CLI00024,Hub USB-C,Acessorios,"R$ 137,00",1,Sao Paulo/SP/Brasil,Cartao de Credito,Entregue
TRX0001344,PED000716,28-11-2024,CLI00577,Camiseta Dry Fit,Esporte,"R$ 84,71",1,Rio de Janeiro/RJ/Brasil,Boleto,Entregue
TRX0001345,PED000716,28-11-2024,CLI00577,Livro Dados em Acao,LIVROS,"R$ 95,82",3,Rio de Janeiro/RJ/Brasil,Boleto,Entregue
TRX0001346,PED000716,2024-11-28,CLI00577,Cafeteira Eletrica,Casa,296.50,1,Rio de Janeiro/RJ/Brasil,Boleto,Entregue
TRX0001347,PED000717,16/11/2024,CLI00541,Capa para Smartphone,Acessorios,"R$ 50,10",2,Sao Paulo/SP/Brasil,Cartao de Credito,Entregue
TRX0001348,PED000717,2024-11-16,CLI00541,Mouse Sem Fio,acessorios,"R$ 90,28",1,Sao Paulo/SP/Brasil,Cartao de Credito,Entregue
TRX0001349,PED000717,16/11/2024,CLI00541,Aspirador Robo,Casa,1687.30,1,Sao Paulo/SP/Brasil,Cartao de Credito,Entregue
TRX0001350,PED000718,2024-11-04,CLI00692,Livro Dados em Acao,Livros,"85,87",3,Florianopolis/SC/Brasil,Pix,Entregue
TRX0001351,PED000718,2024-11-04,CLI00692,Monitor 27,Eletronicos,"1.121,21",1,Florianopolis/SC/Brasil,Pix,Entregue
TRX0001352,PED000719,2024-11-25,CLI00207,Carregador Turbo,Acessorios,103.91,2,Recife/PE/Brasil,Cartao de Debito,Entregue
TRX0001353,PED000720,2024-11-06,CLI00572,Luminaria de Mesa,Casa,135.92,1,Recife/PE/Brasil,Cartao de Credito,Enviado
TRX0001354,PED000721,2024-11-10,CLI00585,Camiseta Dry Fit,Esporte,80.47,1,Fortaleza/CE/Brasil,Boleto,ENTREGUE
TRX0001355,PED000721,2024-11-10,CLI00585,Tablet 10,Eletrônicos,1301.55,4,Fortaleza/CE/Brasil,Boleto,ENTREGUE
TRX0001356,PED000721,10-11-2024,CLI00585,Capa para Smartphone,Acessorios,53.86,1,Fortaleza/CE/Brasil,Boleto,Entregue
TRX0001357,PED000722,2024-11-26,CLI00372,Carregador Turbo,Acessorios,97.18,2,Curitiba/PR/Brasil,Pix,Entregue
TRX0001358,PED000722,2024-11-26,CLI00372,Tablet 10,Eletrônicos,"1.369,53",1,Curitiba/PR/Brasil,Pix,Entregue
TRX0001359,PED000723,2024-11-28,CLI00644,Camiseta Dry Fit,Esporte,83.39,1,Sao Paulo/SP/Brasil,Cartao de Credito,Entregue
TRX0001360,PED000724,2024-11-01,CLI00166,Notebook Ultrafino,Eletronicos,"R$ 3.620,08",1,Rio de Janeiro/RJ/Brasil,Pix,Cancelado
TRX0001361,PED000724,01/11/2024,CLI00166,Capa para Smartphone,Acessorios,53.78,1,Rio de Janeiro/RJ/Brasil,Pix,Cancelado
TRX0001362,PED000724,2024-11-01,CLI00166,Hub USB-C,Acessorios,"128,18",1,Rio de Janeiro/RJ/Brasil,Pix,Cancelado
TRX0001363,PED000724,01/11/2024,CLI00166,Mouse Sem Fio,Acessorios,"R$ 94,34",1,Rio de Janeiro/RJ/Brasil,Pix,Cancelado
TRX0001364,PED000725,29-11-2024,CLI00515,Carregador Turbo,Acessorios,"95,78",1,Campinas/SP/Brasil,Cartao de Credito,Entregue
TRX0001365,PED000726,2024-11-24,CLI00117,Livro Dados em Acao,Livros,"R$ 93,20",1,Curitiba/PR/Brasil,Cartao de Credito,Entregue
TRX0001366,PED000727,2024-11-06,CLI00497,Notebook Ultrafino,Eletronicos,"R$ 3.357,75",1,Rio de Janeiro/RJ/Brasil,Cartao de Credito,Cancelado
,PED000727,2024-11-06,CLI00497,Mouse Sem Fio,Acessorios,91.28,1,Rio de Janeiro/RJ/Brasil,Cartao de Credito,Cancelado
TRX0001368,PED000727,06-11-2024,CLI00497,Mochila para Notebook,Acessorios,"173,76",1,Rio de Janeiro/RJ/Brasil,Cartao de Credito,Cancelado
TRX0001369,PED000728,05-11-2024,CLI00523,Halteres 10kg,Esporte,180.13,1,Porto Alegre/RS/Brasil,Cartao de Credito,Entregue
TRX0001370,PED000729,16/11/2024,CLI00572,Hub USB-C,Acessorios,"133,97",1,Recife/PE/Brasil,Cartao de Credito,Entregue
TRX0001371,PED000729,2024-11-16,CLI00572,Luminaria de Mesa,Casa,"141,14",1,Recife/PE/Brasil,Cartao de Credito,Entregue
TRX0001372,PED000729,2024-11-16,CLI00572,Smart TV 50,Eletronicos,"2.524,32",1,Recife/PE/Brasil,Cartao de Credito,Entregue
TRX0001373,PED000730,25-11-2024,CLI00337,Livro Historia do Brasil,Livros,"R$ 67,47",1,Rio de Janeiro/RJ/Brasil,Cartao de Debito,Entregue
TRX0001374,PED000730,25/11/2024,CLI00337,Mouse Sem Fio,Acessorios,"85,77",1,Rio de Janeiro/RJ/Brasil,Cartao de Debito,ENTREGUE
TRX0001375,PED000731,2024-11-26,CLI00234,Mouse Sem Fio,Acessorios,"89,97",1,Florianopolis/SC/Brasil,Pix,Enviado
TRX0001376,PED000731,2024-11-26,CLI00234,Notebook Ultrafino,Eletronicos,3423.97,1,Florianopolis/SC/Brasil,Pix,ENVIADO
TRX0001377,PED000731,26-11-2024,CLI00234,Camisa Social Slim,Moda,"154,22",1,Florianopolis/SC/Brasil,Pix,Enviado
TRX0001378,PED000732,30-11-2024,CLI00389,Jogo de Panelas,Casa,"410,72",1,Sao Paulo/SP/Brasil,Boleto,ENVIADO
TRX0001379,PED000732,2024-11-30,CLI00389,Tenis Corrida Leve,Esporte,"R$ 318,87",1,Sao Paulo/SP/Brasil,Boleto,Enviado
TRX0001380,PED000733,28/11/2024,CLI00344,Carregador Turbo,Acessorios,"102,28",1,Uberlandia/MG/Brasil,Cartao de Credito,Entregue
TRX0001381,PED000733,2024-11-28,CLI00344,Mochila para Notebook,Acessorios,"177,39",2,Uberlandia/MG/Brasil,Cartao de Credito,Entregue
TRX0001382,PED000733,2024-11-28,CLI00344,Jogo de Panelas,casa,"385,17",1,Uberlandia/MG/Brasil,Cartao de Credito,Entregue
TRX0001383,PED000734,18/11/2024,CLI00475,Notebook Gamer,Eletronicos,5063.61,1,Florianopolis/SC/Brasil,Pix,Entregue
TRX0001384,PED000734,2024-11-18,CLI00475,Carregador Turbo,Acessorios,"R$ 102,32",1,Florianopolis/SC/Brasil,Pix,Entregue
TRX0001385,PED000734,2024-11-18,CLI00475,Mochila para Notebook,Acessorios,176.58,1,Florianopolis/SC/Brasil,Pix,Entregue
TRX0001386,PED000734,18/11/2024,CLI00475,Headset Gamer,Acessorios,275.44,1,Florianopolis/SC/Brasil,Pix,Entregue
TRX0001387,PED000735,2024-11-25,CLI00053,Headset Gamer,Acessorios,258.94,1,Rio de Janeiro/RJ/Brasil,Boleto,Entregue
TRX0001388,PED000736,2024-11-17,CLI00433,Smartphone X200,Eletrônicos,"R$ 2.156,76",1,Uberlandia/MG/Brasil,Cartao de Debito,Entregue
TRX0001389,PED000736,17-11-2024,CLI00433,Carregador Turbo,Acessorios,"R$ 103,46",1,Uberlandia/MG/Brasil,Cartao de Debito,Entregue
TRX0001390,PED000736,17-11-2024,CLI00433,Capa para Smartphone,Acessorios,"R$ 50,62",2,Uberlandia/MG/Brasil,Cartao de Debito,Entregue
TRX0001391,PED000737,09/11/2024,CLI00692,Notebook Ultrafino,Eletronicos,3444.76,1,Florianopolis/SC/Brasil,Pix,Cancelado
TRX0001392,PED000737,09/11/2024,CLI00692,Liquidificador Potente,Casa,"235,06",2,Florianopolis/SC/Brasil,Pix,Cancelado
TRX0001393,PED000737,2024-11-09,CLI00692,Mochila para Notebook,Acessorios,184.58,3,Florianopolis/SC/Brasil,Pix,cancelado
TRX0001394,PED000738,2024-11-21,CLI00068,Mochila para Notebook,Acessorios,192.39,1,Florianopolis/SC/Brasil,Cartao de Credito,Entregue
TRX0001395,PED000739,2024-11-23,CLI00282,Tenis Corrida Leve,Esporte,350.29,1,Belo Horizonte/MG/Brasil,Cartao de Debito,Entregue
TRX0001396,PED000739,2024-11-23,CLI00282,Camiseta Dry Fit,Esporte,"79,65",1,Belo Horizonte/MG/Brasil,Cartao de Debito,Entregue
TRX0001397,PED000740,2024-11-29,CLI00235,Vestido Midi,Moda,"R$ 232,99",1,Curitiba/PR/Brasil,Cartao de Credito,Entregue
TRX0001398,PED000741,2024-11-01,CLI00591,Hub USB-C,Acessorios,133.33,1,Florianopolis/SC/Brasil,Pix,Entregue
TRX0001399,PED000741,01/11/2024,CLI00591,Luminaria de Mesa,Casa,"R$ 147,07",4,Florianopolis/SC/Brasil,Pix,Entregue
TRX0001400,PED000742,2024-11-11,CLI00361,Calca Jeans Reta,Moda,188.23,1,Santos/SP/Brasil,Pix,Entregue
TRX0001401,PED000742,11-11-2024,CLI00361,Headset Gamer,Acessorios,"250,94",1,Santos/SP/Brasil,Pix,Entregue
TRX0001402,PED000743,2024-11-28,CLI00155,Tenis Corrida Leve,Esporte,"316,28",-2,Belo Horizonte/MG/Brasil,Cartao de Credito,Entregue
TRX0001403,PED000744,18/11/2024,CLI00555,Livro Dados em Acao,Livros,"R$ 91,54",1,Porto Alegre/RS/Brasil,Cartao de Credito,Entregue
TRX0001404,PED000744,2024-11-18,CLI00555,Tablet 10,Eletronicos,1226.61,1,Porto Alegre/RS/Brasil,Cartao de Credito,Entregue
TRX0001405,PED000745,2024-11-26,CLI00523,Tapete de Yoga,Esporte,"R$ 153,35",1,Porto Alegre/RS/Brasil,Cartao de Credito,ENTREGUE
TRX0001406,PED000745,2024-11-26,CLI00523,Garrafa Termica,Esporte,"R$ 124,15",2,Porto Alegre/RS/Brasil,Cartao de Credito,Entregue
TRX0001407,PED000746,07-11-2024,CLI00439,Teclado Mecanico,Acessorios,374.70,1,Sao Paulo/SP/Brasil,Cartao de Debito,Cancelado
TRX0001408,PED000747,23-11-2024,CLI00424,Cafeteira Eletrica,Casa,274.99,1,Rio de Janeiro/RJ/Brasil,Pix,Entregue
TRX0001409,PED000748,2024-11-26,CLI00425,Tenis Corrida Leve,Esporte,"R$ 319,81",1,Sao Paulo/SP/Brasil,Cartao de Credito,Entregue
TRX0001410,PED000748,2024-11-26,CLI00425,Garrafa Termica,Esporte,"117,30",1,Sao Paulo/SP/Brasil,Cartao de Credito,ENTREGUE
TRX0001411,PED000749,2024-11-17,CLI00456,Livro SQL Essencial,Livros,"R$ 76,70",1,Porto Alegre/RS/Brasil,Cartao de Credito,Entregue
TRX0001412,PED000749,17/11/2024,CLI00456,Tablet 10,Eletronicos,"R$ 1.324,44",1,Porto Alegre/RS/Brasil,Cartao de Credito,Entregue
TRX0001413,PED000750,2024-11-12,CLI00286,Capa para Smartphone,Acessorios,"53,26",3,Curitiba/PR/Brasil,Cartao de Credito,entregue
TRX0001414,PED000750,2024-11-12,CLI00286,Aspirador Robo,Casa,"1.599,72",1,Curitiba/PR/Brasil,Cartao de Credito,Entregue
TRX0001415,PED000750,12/11/2024,CLI00286,Calca Jeans Reta,Moda,"R$ 194,97",2,Curitiba/PR/Brasil,Cartao de Credito,Entregue
TRX0001416,PED000751,21-11-2024,CLI00117,Notebook Gamer,Eletronicos,4994.43,1,Curitiba/PR/Brasil,Pix,Entregue
TRX0001417,PED000751,2024-11-21,CLI00117,Luminaria de Mesa,Casa,"138,52",1,Curitiba/PR/Brasil,Pix,Entregue
TRX0001418,PED000752,29-11-2024,CLI00117,Smart TV 50,Eletronicos,"2.646,13",1,Curitiba/PR/Brasil,Pix,Entregue
TRX0001419,PED000752,2024-11-29,CLI00117,Monitor 27,Eletronicos,1237.48,1,Curitiba/PR/Brasil,Pix,Entregue
TRX0001420,PED000753,02-11-2024,CLI00344,Camiseta Dry Fit,Esporte,"R$ 79,25",1,Uberlandia/MG/Brasil,Cartao de Credito,Entregue
TRX0001421,PED000754,2024-11-07,CLI00421,Calca Jeans Reta,Moda,"R$ 183,38",1,Porto Alegre/RS/Brasil,Cartao de Debito,Entregue
TRX0001422,PED000755,2024-11-28,CLI00061,Livro Historia do Brasil,Livros,"R$ 73,75",1,Fortaleza/CE/Brasil,Pix,Cancelado
TRX0001423,PED000755,2024-11-28,CLI00061,Carregador Turbo,Acessorios,"R$ 105,49",2,Fortaleza/CE/Brasil,Pix,Cancelado
TRX0001424,PED000756,2024-11-08,CLI00577,Livro Dados em Acao,Livros,"R$ 94,07",2,Rio de Janeiro/RJ/Brasil,Pix,Entregue
TRX0001425,PED000756,2024-11-08,CLI00577,Jaqueta Corta Vento,Moda,"271,40",1,Rio de Janeiro/RJ/Brasil,Pix,Entregue
TRX0001426,PED000756,08/11/2024,CLI00577,Capa para Smartphone,Acessorios,"52,87",1,Rio de Janeiro/RJ/Brasil,Pix,Entregue
TRX0001427,PED000757,2024-11-05,CLI00053,Livro Dados em Acao,LIVROS,86.37,1,Rio de Janeiro/RJ/Brasil,Cartao de Credito,Entregue
TRX0001428,PED000758,28/11/2024,CLI00541,Camiseta Dry Fit,Esporte,"R$ 81,14",1,Sao Paulo/SP/Brasil,Cartao de Credito,Entregue
TRX0005865,PED003105,2025-12-12,CLI00021,Liquidificador Potente,Casa,"219,02",1,Uberlandia/MG/Brasil,Pix,Entregue
TRX0001429,PED000758,2024-11-28,CLI00541,Calca Jeans Reta,moda,"195,39",3,Sao Paulo/SP/Brasil,Cartao de Credito,Entregue
TRX0001430,PED000759,2024-11-07,CLI00202,Jogo de Panelas,Casa,"R$ 429,91",1,Recife/PE/Brasil,Cartao de Debito,Entregue
TRX0001431,PED000760,15-11-2024,CLI00153,Tapete de Yoga,Esporte,"R$ 146,41",2,Belo Horizonte/MG/Brasil,Pix,ENTREGUE
TRX0001432,PED000761,24/11/2024,CLI00577,Capa para Smartphone,Acessorios,47.73,1,Rio de Janeiro/RJ/Brasil,Cartao de Credito,Entregue
TRX0001433,PED000761,2024-11-24,CLI00577,Calca Jeans Reta,Moda,"188,22",1,Rio de Janeiro/RJ/Brasil,Cartao de Credito,Entregue
TRX0001434,PED000762,06/11/2024,CLI00244,Smart TV 50,Eletronicos,,1,Florianopolis/SC/Brasil,Boleto,Cancelado
TRX0001435,PED000763,2024-11-17,CLI00216,Livro Dados em Acao,Livros,"94,81",1,Santos/SP/Brasil,Cartao de Credito,Processando
TRX0001436,PED000764,2024-11-28,CLI00433,Camiseta Dry Fit,Esporte,"R$ 79,99",1,Uberlandia/MG/Brasil,Cartao de Credito,cancelado
TRX0001437,PED000765,2024-11-03,CLI00555,Hub USB-C,Acessorios,"R$ 128,33",3,Porto Alegre/RS/Brasil,Cartao de Credito,Entregue
TRX0001438,PED000765,03-11-2024,CLI00555,Camisa Social Slim,MODA,166.10,3,Porto Alegre/RS/Brasil,Cartao de Credito,Entregue
TRX0001439,PED000765,03/11/2024,CLI00555,Notebook Gamer,Eletronicos,"4.699,50",3,Porto Alegre/RS/Brasil,Cartao de Credito,Entregue
TRX0001440,PED000766,2024-11-03,CLI00521,Jogo de Panelas,Casa,"430,05",2,Uberlandia/MG/Brasil,Cartao de Credito,Entregue
TRX0001441,PED000766,03/11/2024,CLI00521,Calca Jeans Reta,Moda,"R$ 180,68",1,Uberlandia/MG/Brasil,Cartao de Credito,Entregue
TRX0001442,PED000766,2024-11-03,CLI00521,Cafeteira Eletrica,Casa,"287,22",1,Uberlandia/MG/Brasil,Cartao de Credito,Entregue
TRX0001443,PED000766,03-11-2024,CLI00521,Teclado Mecanico,Acessorios,"348,19",1,Uberlandia/MG/Brasil,Cartao de Credito,Entregue
TRX0001444,PED000767,11/11/2024,CLI00512,Livro Dados em Acao,Livros,"90,63",3,Rio de Janeiro/RJ/Brasil,Cartao de Credito,Entregue
TRX0001445,PED000767,11-11-2024,CLI00512,Aspirador Robo,Casa,1585.32,1,Rio de Janeiro/RJ/Brasil,Cartao de Credito,Entregue
TRX0001446,PED000768,2024-11-11,CLI00112,Calca Jeans Reta,Moda,"R$ 181,45",1,Fortaleza/CE/Brasil,Cartao de Credito,Entregue
TRX0001663,PED000879,2024-12-06,CLI00114,Smart TV 50,Eletronicos,"R$ 2.521,11",3,Curitiba/PR/Brasil,Pix,Entregue
TRX0001447,PED000768,2024-11-11,CLI00112,Livro Historia do Brasil,LIVROS,"75,45",3,Fortaleza/CE/Brasil,Cartao de Credito,Entregue
TRX0001448,PED000769,05-11-2024,CLI00425,Jaqueta Corta Vento,Moda,"R$ 270,29",1,Sao Paulo/SP/Brasil,Boleto,Entregue
TRX0001449,PED000769,2024-11-05,CLI00425,Jogo de Panelas,Casa,"R$ 392,45",3,Sao Paulo/SP/Brasil,Boleto,Entregue
TRX0001450,PED000770,2024-11-25,CLI00435,Headset Gamer,Acessorios,"R$ 247,10",3,Salvador/BA/Brasil,Cartao de Credito,Devolvido
TRX0001451,PED000771,2024-11-29,CLI00643,Monitor 27,Eletronicos,"1.119,93",2,Sao Paulo/SP/Brasil,Pix,Entregue
TRX0001452,PED000772,17/11/2024,CLI00020,Smartphone X200,Eletronicos,2177.65,3,Brasilia/DF/Brasil,Cartao de Credito,Entregue
TRX0001453,PED000773,28/11/2024,CLI00425,Calca Jeans Reta,Moda,"R$ 196,49",1,Sao Paulo/SP/Brasil,Pix,Entregue
TRX0001454,PED000773,2024-11-28,CLI00425,Tapete de Yoga,ESPORTE,"151,01",1,Sao Paulo/SP/Brasil,Pix,Entregue
TRX0001455,PED000773,28/11/2024,CLI00425,Vestido Midi,moda,"R$ 215,16",1,Sao Paulo/SP/Brasil,Pix,Entregue
TRX0001456,PED000773,28/11/2024,CLI00425,Cafeteira Eletrica,Casa,275.62,1,Sao Paulo/SP/Brasil,Pix,Entregue
TRX0001457,PED000774,28-11-2024,CLI00081,Livro Historia do Brasil,Livros,"R$ 72,84",1,Sao Paulo/SP/Brasil,Cartao de Debito,entregue
TRX0001458,PED000775,09/11/2024,CLI00179,Tenis Corrida Leve,Esporte,"R$ 338,00",1,Sao Paulo/SP/Brasil,Cartao de Debito,Entregue
TRX0001459,PED000775,2024-11-09,CLI00179,Garrafa Termica,Esporte,122.22,1,Sao Paulo/SP/Brasil,Cartao de Debito,Entregue
TRX0001460,PED000775,2024-11-09,CLI00179,Livro SQL Essencial,Livros,"R$ 83,46",3,Sao Paulo/SP/Brasil,Cartao de Debito,Entregue
TRX0001461,PED000776,2024-11-11,CLI00053,Notebook Ultrafino,Eletronicos,"R$ 3.310,85",1,Rio de Janeiro/RJ/Brasil,Cartao de Credito,Entregue
TRX0001462,PED000776,2024-11-11,CLI00053,Mouse Sem Fio,Acessorios,"86,06",1,Rio de Janeiro/RJ/Brasil,Cartao de Credito,Entregue
TRX0001463,PED000776,2024-11-11,CLI00053,Hub USB-C,Acessorios,132.02,3,Rio de Janeiro/RJ/Brasil,Cartao de Credito,Entregue
TRX0001464,PED000776,11/11/2024,CLI00053,Capa para Smartphone,Acessorios,51.31,1,Rio de Janeiro/RJ/Brasil,Cartao de Credito,Entregue
TRX0001465,PED000777,23/11/2024,CLI00214,Tenis Corrida Leve,Esporte,"R$ 318,57",1,Rio de Janeiro/RJ/Brasil,Cartao de Credito,Entregue
TRX0001466,PED000778,2024-11-15,CLI00197,Aspirador Robo,Casa,"R$ 1.636,77",1,Rio de Janeiro/RJ/Brasil,Cartao de Credito,Enviado
TRX0001467,PED000779,02/11/2024,CLI00591,Cafeteira Eletrica,Casa,276.51,1,Florianopolis/SC/Brasil,Pix,Processando
TRX0001468,PED000779,2024-11-02,CLI00591,Liquidificador Potente,Casa,"R$ 219,38",1,Florianopolis/SC/Brasil,Pix,Processando
TRX0001469,PED000780,2024-11-06,CLI00510,Garrafa Termica,Esporte,"R$ 117,63",1,Curitiba/PR/Brasil,Pix,PROCESSANDO
TRX0001470,PED000780,06-11-2024,CLI00510,Camisa Social Slim,Moda,160.05,4,Curitiba/PR/Brasil,Pix,Extraviado
TRX0001471,PED000780,2024-11-06,CLI00510,Cafeteira Eletrica,Casa,"R$ 299,81",1,Curitiba/PR/Brasil,Pix,Processando
TRX0001472,PED000780,2024-11-06,CLI00510,Aspirador Robo,CASA,"1.531,96",1,Curitiba/PR/Brasil,Pix,Processando
TRX0001473,PED000780,2024-11-06,CLI00510,Calca Jeans Reta,Moda,"196,65",1,Curitiba/PR/Brasil,Pix,Processando
TRX0001474,PED000781,24/11/2024,,Tapete de Yoga,Esporte,151.56,1,Recife/PE/Brasil,Boleto,Entregue
TRX0001475,PED000781,24-11-2024,CLI00483,Garrafa Termica,Esporte,119.99,1,Recife/PE/Brasil,Boleto,Entregue
TRX0001476,PED000782,2024-11-25,CLI00435,Cafeteira Eletrica,Casa,"R$ 293,62",1,Salvador/BA/Brasil,Boleto,Entregue
TRX0001477,PED000783,28/11/2024,CLI00426,Carregador Turbo,Acessorios,"R$ 94,68",1,Rio de Janeiro/RJ/Brasil,Pix,Entregue
TRX0001478,PED000783,2024-11-28,CLI00426,Luminaria de Mesa,Casa,147.85,1,Rio de Janeiro/RJ/Brasil,Pix,Entregue
TRX0001479,PED000784,2024-11-14,CLI00341,Notebook Ultrafino,Eletronicos,"R$ 3.461,78",2,Sao Paulo/SP/Brasil,Boleto,Entregue
TRX0001480,PED000784,14/11/2024,CLI00341,Mouse Sem Fio,Acessorios,89.81,1,Sao Paulo/SP/Brasil,Boleto,Entregue
TRX0001481,PED000785,2024-11-10,CLI00529,Livro Historia do Brasil,Livros,"R$ 68,36",2,Santos/SP/Brasil,Cartao de Credito,Entregue
TRX0001482,PED000785,2024-11-10,CLI00529,Teclado Mecanico,Acessorios,"R$ 334,99",1,Santos/SP/Brasil,Cartao de Credito,Entregue
TRX0001483,PED000786,2024-11-16,CLI00234,Hub USB-C,Acessorios,"138,82",1,Florianopolis/SC/Brasil,Cartao de Credito,Entregue
TRX0001484,PED000787,2024-11-27,CLI00569,Tapete de Yoga,Esporte,160.84,4,Campinas/SP/Brasil,Boleto,Entregue
TRX0001485,PED000787,27/11/2024,CLI00569,Garrafa Termica,Esporte,,3,Campinas/SP/Brasil,Boleto,Entregue
TRX0001486,PED000787,2024-11-27,CLI00569,Tenis Corrida Leve,Esporte,"347,24",1,Campinas/SP/Brasil,Boleto,Entregue
TRX0001487,PED000788,2024-11-20,CLI00107,Jaqueta Corta Vento,Moda,260.81,1,Campinas/SP/Brasil,Cartao de Credito,Entregue
TRX0001488,PED000788,2024-11-20,CLI00107,Smart TV 50,Eletronicos,2736.62,2,Campinas/SP/Brasil,Cartao de Credito,Entregue
TRX0001489,PED000789,2024-11-23,CLI00051,Luminaria de Mesa,Casa,135.36,1,Salvador/BA/Brasil,Cartao de Debito,Entregue
TRX0001490,PED000789,23/11/2024,CLI00051,Mouse Sem Fio,Acessorios,"R$ 90,28",2,Salvador/BA/Brasil,Cartao de Debito,Entregue
TRX0001491,PED000789,23-11-2024,CLI00051,Vestido Midi,Moda,223.22,1,Salvador/BA/Brasil,Cartao de Debito,Entregue
TRX0001492,PED000790,2024-11-03,CLI00098,Liquidificador Potente,Casa,"R$ 220,07",1,Rio de Janeiro/RJ/Brasil,Cartao de Credito,Entregue
TRX0001493,PED000790,03-11-2024,CLI00098,Notebook Ultrafino,Eletronicos,"R$ 3.579,40",1,Rio de Janeiro/RJ/Brasil,Cartao de Credito,Entregue
TRX0001494,PED000790,03/11/2024,CLI00098,Camisa Social Slim,Moda,"R$ 163,10",2,Rio de Janeiro/RJ/Brasil,Cartao de Credito,Entregue
TRX0001495,PED000791,2024-11-21,CLI00080,Calca Jeans Reta,Moda,"184,00",1,Belo Horizonte/MG/Brasil,Pix,Enviado
TRX0001496,PED000792,2024-11-19,CLI00577,Liquidificador Potente,Casa,"219,74",1,Rio de Janeiro/RJ/Brasil,Pix,Entregue
TRX0001497,PED000792,2024-11-19,CLI00577,Smart TV 50,Eletronicos,"2.670,28",-2,Rio de Janeiro/RJ/Brasil,Pix,Entregue
TRX0001498,PED000792,2024-11-19,CLI00577,Camisa Social Slim,Moda,"R$ 165,95",1,Rio de Janeiro/RJ/Brasil,Pix,entregue
TRX0001499,PED000793,04/11/2024,CLI00203,Tablet 10,Eletronicos,"1.389,94",1,Campinas/SP/Brasil,Cartao de Credito,ENTREGUE
TRX0001500,PED000793,04/11/2024,CLI00203,Smart TV 50,Eletronicos,"R$ 2.562,58",1,Campinas/SP/Brasil,Cartao de Credito,Entregue
TRX0001501,PED000793,2024-11-04,CLI00203,Halteres 10kg,Esporte,"R$ 182,76",1,Campinas/SP/Brasil,Cartao de Credito,Entregue
TRX0001502,PED000794,2024-11-04,CLI00668,Tenis Corrida Leve,Esporte,"346,52",2,Recife/PE/Brasil,Cartao de Credito,Entregue
TRX0001503,PED000794,04-11-2024,CLI00668,Camiseta Dry Fit,Esporte,"R$ 77,93",1,Recife/PE/Brasil,Cartao de Credito,Entregue
TRX0001504,PED000795,06/11/2024,CLI00205,Notebook Ultrafino,Eletronicos,"R$ 3.522,16",1,Santos/SP/Brasil,Cartao de Credito,Entregue
TRX0001505,PED000795,06/11/2024,CLI00205,Mouse Sem Fio,Acessorios,85.85,4,Santos/SP/Brasil,Cartao de Credito,Entregue
TRX0001506,PED000795,06/11/2024,CLI00205,Hub USB-C,Acessorios,"R$ 135,52",1,Santos/SP/Brasil,Cartao de Credito,Entregue
TRX0001507,PED000796,21/11/2024,CLI00117,Notebook Gamer,Eletronicos,5117.62,2,Curitiba/PR/Brasil,Cartao de Credito,Entregue
TRX0001508,PED000797,2024-11-20,CLI00065,Halteres 10kg,Esporte,"R$ 196,71",1,Rio de Janeiro/RJ/Brasil,Cartao de Credito,Enviado
TRX0001509,PED000797,2024-11-20,CLI00065,Garrafa Termica,Esporte,"R$ 127,21",1,Rio de Janeiro/RJ/Brasil,Cartao de Credito,Enviado
TRX0001510,PED000797,2024-11-20,CLI00065,Livro Historia do Brasil,Livros,70.86,1,Rio de Janeiro/RJ/Brasil,Cartao de Credito,Enviado
TRX0001511,PED000798,19/11/2024,CLI00572,Tapete de Yoga,Esporte,156.38,1,Recife/PE/Brasil,Cartao de Debito,Entregue
,PED000799,2024-11-19,CLI00008,Capa para Smartphone,Acessorios,52.90,1,Santos/SP/Brasil,Cartao de Credito,Processando
TRX0005963,PED003158,10-12-2025,CLI00370,Camisa Social Slim,Moda,"R$ 153,59",2,Uberlandia/MG/Brasil,Pix,Entregue
TRX0001513,PED000800,24/11/2024,CLI00452,Mouse Sem Fio,ACESSORIOS,91.34,1,Recife/PE/Brasil,Cartao de Debito,Entregue
TRX0001514,PED000801,29/11/2024,CLI00134,Notebook Gamer,eletronicos,4901.43,1,Porto Alegre/RS/Brasil,Pix,Entregue
TRX0001515,PED000802,26-11-2024,CLI00691,Livro SQL Essencial,Livros,85.25,2,Santos/SP/Brasil,Cartao de Credito,Entregue
TRX0001516,PED000803,17-11-2024,CLI00616,Headset Gamer,Acessorios,"R$ 271,61",1,Recife/PE/Brasil,Cartao de Credito,Enviado
TRX0001517,PED000803,17/11/2024,CLI00616,Hub USB-C,Acessorios,125.66,3,Recife/PE/Brasil,Cartao de Credito,Enviado
TRX0001518,PED000804,2024-11-08,CLI00615,Cafeteira Eletrica,Casa,"R$ 276,43",1,Campinas/SP/Brasil,Cartao de Credito,Processando
TRX0001519,PED000804,08/11/2024,CLI00615,Liquidificador Potente,Casa,"R$ 210,85",1,Campinas/SP/Brasil,Cartao de Credito,Processando
TRX0001520,PED000805,2024-11-14,CLI00316,Aspirador Robo,Casa,"1.570,45",1,Salvador/BA/Brasil,Pix,Entregue
TRX0001521,PED000805,14/11/2024,CLI00316,Monitor 27,eletronicos,"R$ 1.227,70",1,Salvador/BA/Brasil,Pix,Entregue
TRX0001522,PED000806,2024-11-12,CLI00207,Mouse Sem Fio,Acessorios,88.95,2,Recife/PE/Brasil,Cartao de Credito,Entregue
TRX0001523,PED000806,12-11-2024,CLI00207,Cafeteira Eletrica,CASA,"283,09",1,Recife/PE/Brasil,Cartao de Credito,Entregue
TRX0001524,PED000807,23/11/2024,CLI00029,Liquidificador Potente,Casa,234.69,1,Campinas/SP/Brasil,Cartao de Credito,Entregue
TRX0001525,PED000808,09-11-2024,CLI00062,Luminaria de Mesa,Casa,"138,52",2,Curitiba/PR/Brasil,Cartao de Credito,Entregue
TRX0001526,PED000808,09/11/2024,CLI00062,Livro Dados em Acao,Livros,"R$ 84,72",1,Curitiba/PR/Brasil,Cartao de Credito,Entregue
TRX0001527,PED000808,2024-11-09,CLI00062,Smartphone X200,eletronicos,"R$ 2.093,06",2,Curitiba/PR/Brasil,Cartao de Credito,Entregue
TRX0001528,PED000808,09/11/2024,CLI00062,Smart TV 50,Eletronicos,"2.653,61",1,Curitiba/PR/Brasil,Cartao de Credito,Entregue
TRX0001529,PED000809,2024-11-30,CLI00001,Livro Historia do Brasil,Livros,71.60,1,Recife/PE/Brasil,Pix,Entregue
TRX0001530,PED000809,2024-11-30,CLI00001,Aspirador Robo,CASA,"R$ 1.560,08",1,Recife/PE/Brasil,Pix,Entregue
TRX0001531,PED000809,30-11-2024,CLI00001,Monitor 27,Eletronicos,1182.12,1,Recife/PE/Brasil,Pix,Entregue
TRX0001532,PED000810,27/11/2024,CLI00417,Camisa Social Slim,Moda,,1,Sao Paulo/SP/Brasil,Cartao de Debito,Entregue
TRX0001533,PED000810,2024-11-27,CLI00417,Monitor 27,Eletronicos,"R$ 1.113,72",1,Sao Paulo/SP/Brasil,Cartao de Debito,Entregue
TRX0001534,PED000810,,CLI00417,Jaqueta Corta Vento,Moda,266.99,1,Sao Paulo/SP/Brasil,Cartao de Debito,ENTREGUE
TRX0001535,PED000810,2024-11-27,CLI00417,Hub USB-C,Acessorios,133.23,4,Sao Paulo/SP/Brasil,Cartao de Debito,Entregue
TRX0001536,PED000811,2024-11-15,CLI00053,Calca Jeans Reta,Moda,"R$ 184,40",1,Rio de Janeiro/RJ/Brasil,Pix,Entregue
TRX0001537,PED000812,2024-11-18,CLI00413,Capa para Smartphone,acessorios,51.96,1,Rio de Janeiro/RJ/Brasil,Cartao de Credito,Entregue
TRX0001538,PED000813,25/11/2024,CLI00554,Halteres 10kg,Esporte,203.06,2,Curitiba/PR/Brasil,Cartao de Credito,Entregue
TRX0001539,PED000813,25/11/2024,CLI00554,Teclado Mecanico,Acessorios,361.67,2,Curitiba/PR/Brasil,Cartao de Credito,Entregue
TRX0001540,PED000814,2024-11-12,CLI00515,Livro Historia do Brasil,Livros,69.51,1,Campinas/SP/Brasil,Boleto,Entregue
TRX0001541,PED000814,2024-11-12,CLI00515,Garrafa Termica,Esporte,"R$ 120,29",1,Campinas/SP/Brasil,Boleto,Entregue
TRX0001542,PED000815,2024-11-09,CLI00029,Luminaria de Mesa,Casa,138.88,1,Campinas/SP/Brasil,Pix,Cancelado
TRX0001543,PED000815,09/11/2024,CLI00029,Smart TV 50,Eletronicos,2685.13,1,Campinas/SP/Brasil,Pix,Cancelado
TRX0001544,PED000815,09-11-2024,CLI00029,Hub USB-C,Acessorios,"135,66",2,Campinas/SP/Brasil,Pix,cancelado
TRX0001545,PED000815,2024-11-09,CLI00029,Tapete de Yoga,Esporte,155.71,1,Campinas/SP/Brasil,Pix,Cancelado
TRX0001546,PED000815,09/11/2024,CLI00029,Mochila para Notebook,Acessorios,"1,2,3",2,Campinas/SP/Brasil,Pix,Cancelado
TRX0001547,PED000816,12/11/2024,CLI00421,Calca Jeans Reta,Moda,"202,87",2,Porto Alegre/RS/Brasil,Pix,Entregue
TRX0001548,PED000817,10/11/2024,CLI00435,Cafeteira Eletrica,Casa,"302,60",3,Salvador/BA/Brasil,Cartao de Credito,Entregue
TRX0001549,PED000817,2024-11-10,CLI00435,Liquidificador Potente,Casa,"R$ 210,14",1,Salvador/BA/Brasil,Cartao de Credito,Entregue
TRX0001550,PED000817,10/11/2024,CLI00435,Notebook Gamer,eletronicos,"4.718,86",2,Salvador/BA/Brasil,Cartao de Credito,Entregue
TRX0001551,PED000818,2024-11-03,CLI00293,Liquidificador Potente,Casa,"R$ 232,89",2,Florianopolis/SC/Brasil,Cartao de Credito,Entregue
TRX0001552,PED000819,02/11/2024,CLI00435,Aspirador Robo,Casa,"R$ 1.706,83",1,Salvador/BA/Brasil,Cartao de Credito,Entregue
TRX0001553,PED000819,02/11/2024,CLI00435,Tapete de Yoga,Esporte,"R$ 146,60",1,Salvador/BA/Brasil,Cartao de Credito,Entregue
TRX0001554,PED000820,22/11/2024,CLI00512,Tenis Corrida Leve,Esporte,313.23,1,Rio de Janeiro/RJ/Brasil,Cartao de Credito,Entregue
TRX0001555,PED000821,2024-11-26,CLI00555,Calca Jeans Reta,Moda,"201,11",1,Porto Alegre/RS/Brasil,Cartao de Credito,Entregue
TRX0001556,PED000822,2024-11-28,CLI00555,Camiseta Dry Fit,Esporte,"R$ 84,28",2,Porto Alegre/RS/Brasil,Cartao de Credito,Entregue
TRX0001557,PED000823,2024-11-01,CLI00400,Vestido Midi,Moda,"212,83",1,Uberlandia/MG/Brasil,Cartao de Credito,Entregue
TRX0001558,PED000824,26-11-2024,CLI00412,Vestido Midi,Moda,"209,85",1,Sao Paulo/SP/Brasil,Pix,Entregue
TRX0001559,PED000825,24/11/2024,CLI00114,Hub USB-C,Acessorios,127.59,2,Curitiba/PR/Brasil,Cartao de Credito,Entregue
TRX0001560,PED000826,2024-11-14,CLI00291,Vestido Midi,Moda,"234,70",1,Rio de Janeiro/RJ/Brasil,Pix,processando
TRX0001561,PED000826,14/11/2024,CLI00291,Tenis Corrida Leve,Esporte,335.87,1,Rio de Janeiro/RJ/Brasil,Pix,Processando
TRX0001562,PED000826,14/11/2024,CLI00291,Monitor 27,Eletronicos,"R$ 1.237,37",2,Rio de Janeiro/RJ/Brasil,Pix,Processando
TRX0001563,PED000827,2024-11-17,CLI00411,Carregador Turbo,Acessorios,"1,2,3",1,Sao Paulo/SP/Brasil,Cartao de Credito,entregue
TRX0001564,PED000827,2024-11-17,CLI00411,Mochila para Notebook,Acessorios,"R$ 174,41",1,Sao Paulo/SP/Brasil,Cartao de Credito,Entregue
TRX0001565,PED000827,17/11/2024,CLI00411,Vestido Midi,Moda,"234,66",3,Sao Paulo/SP/Brasil,Cartao de Credito,Entregue
TRX0001566,PED000828,2024-12-24,CLI00435,Garrafa Termica,Esporte,128.05,1,Salvador/BA/Brasil,Cartao de Debito,Entregue
TRX0001567,PED000828,24/12/2024,CLI00435,Livro Dados em Acao,Livros,"1,2,3",1,Salvador/BA/Brasil,Cartao de Debito,Entregue
TRX0001568,PED000829,07/12/2024,CLI00098,Tablet 10,Eletronicos,"R$ 1.291,63",1,Rio de Janeiro/RJ/Brasil,Pix,ENTREGUE
TRX0001569,PED000830,2024-12-20,CLI00181,Jogo de Panelas,Casa,"412,47",1,Curitiba/PR/Brasil,Cartao de Credito,processando
TRX0001570,PED000831,07/12/2024,CLI00643,Camisa Social Slim,Moda,163.16,1,Sao Paulo/SP/Brasil,Cartao de Credito,Cancelado
TRX0001571,PED000831,2024-12-07,CLI00643,Jaqueta Corta Vento,Moda,"R$ 256,36",1,Sao Paulo/SP/Brasil,Cartao de Credito,Cancelado
TRX0001572,PED000831,2024-12-07,CLI00643,Livro Dados em Acao,Livros,86.00,1,Sao Paulo/SP/Brasil,Cartao de Credito,Cancelado
TRX0001573,PED000831,2024-12-07,CLI00643,Livro SQL Essencial,Livros,"77,46",1,Sao Paulo/SP/Brasil,Cartao de Credito,Cancelado
TRX0001574,PED000832,2024-12-11,CLI00173,Jogo de Panelas,Casa,"R$ 386,32",3,Sao Paulo/SP/Brasil,Cartao de Credito,Entregue
TRX0001575,PED000832,2024-12-11,CLI00173,Monitor 27,Eletronicos,1102.70,1,Sao Paulo/SP/Brasil,Cartao de Credito,Entregue
TRX0001576,PED000832,11/12/2024,CLI00173,Mochila para Notebook,Acessorios,177.82,2,Sao Paulo/SP/Brasil,Cartao de Credito,Entregue
TRX0001577,PED000833,2024-12-24,CLI00097,Jaqueta Corta Vento,Moda,"261,50",1,Campinas/SP/Brasil,Boleto,Entregue
TRX0001578,PED000833,24/12/2024,CLI00097,Vestido Midi,MODA,222.73,2,Campinas/SP/Brasil,Boleto,Entregue
TRX0001579,PED000834,30-12-2024,CLI00279,Cafeteira Eletrica,CASA,284.88,1,Sao Paulo/SP/Brasil,Cartao de Credito,Entregue
TRX0001580,PED000834,30-12-2024,CLI00279,Luminaria de Mesa,Casa,143.23,1,Sao Paulo/SP/Brasil,Cartao de Credito,Entregue
TRX0001581,PED000835,2024-12-13,CLI00125,Liquidificador Potente,casa,218.09,1,Sao Paulo/SP/Brasil,Cartao de Credito,Entregue
TRX0001582,PED000836,2024-12-12,CLI00523,Camisa Social Slim,Moda,170.62,1,Porto Alegre/RS/Brasil,Cartao de Credito,Entregue
TRX0001583,PED000836,2024-12-12,CLI00523,Mouse Sem Fio,Acessorios,96.83,3,Porto Alegre/RS/Brasil,Cartao de Credito,Entregue
TRX0001584,PED000836,2024-12-12,CLI00523,Tablet 10,ELETRONICOS,"1.228,46",2,Porto Alegre/RS/Brasil,Cartao de Credito,Entregue
TRX0001585,PED000837,10/12/2024,CLI00047,Notebook Ultrafino,Eletrônicos,"3.714,46",1,Salvador/BA/Brasil,Boleto,Enviado
TRX0001586,PED000838,22/12/2024,CLI00396,Notebook Gamer,Eletronicos,"4.835,12",1,Sao Paulo/SP/Brasil,Cartao de Credito,Entregue
TRX0001587,PED000838,22-12-2024,CLI00396,Mouse Sem Fio,acessorios,"91,68",1,Sao Paulo/SP/Brasil,Cartao de Credito,Entregue
TRX0001588,PED000838,2024-12-22,CLI00396,Mochila para Notebook,ACESSORIOS,"R$ 171,57",3,Sao Paulo/SP/Brasil,Cartao de Credito,Entregue
TRX0001589,PED000839,18-12-2024,CLI00044,Tenis Corrida Leve,esporte,"R$ 348,21",1,Sao Paulo/SP/Brasil,Boleto,Entregue
TRX0001590,PED000840,2024-12-05,CLI00555,Capa para Smartphone,Acessorios,49.78,1,Porto Alegre/RS/Brasil,Pix,Entregue
TRX0001591,PED000840,2024-12-05,CLI00555,Vestido Midi,Moda,235.36,1,Porto Alegre/RS/Brasil,Pix,Entregue
TRX0001592,PED000841,2024-12-13,CLI00014,Halteres 10kg,Esporte,"193,02",1,Curitiba/PR/Brasil,Pix,Enviado
TRX0001593,PED000842,27-12-2024,CLI00563,Hub USB-C,Acessorios,"138,24",1,Porto Alegre/RS/Brasil,Pix,Entregue
TRX0001594,PED000843,2024-12-11,CLI00515,Teclado Mecanico,Acessorios,"R$ 334,27",4,Campinas/SP/Brasil,Cartao de Credito,Entregue
TRX0001595,PED000844,2024-12-31,CLI00577,Camisa Social Slim,Moda,"163,22",1,Rio de Janeiro/RJ/Brasil,Cartao de Credito,enviado
TRX0001596,PED000845,2024-12-17,CLI00233,Calca Jeans Reta,Moda,"202,41",1,Sao Paulo/SP/Brasil,Cartao de Debito,Entregue
TRX0001597,PED000846,2024-12-23,CLI00254,Livro Dados em Acao,Livros,90.18,2,Sao Paulo/SP/Brasil,Boleto,Entregue
TRX0001598,PED000847,14/12/2024,CLI00521,Camisa Social Slim,Moda,160.39,1,Uberlandia/MG/Brasil,Cartao de Debito,Entregue
TRX0001599,PED000848,03/12/2024,CLI00062,Liquidificador Potente,Casa,"227,55",1,Curitiba/PR/Brasil,Pix,Entregue
TRX0001600,PED000848,2024-12-03,CLI00062,Teclado Mecanico,Acessorios,"R$ 339,89",1,Curitiba/PR/Brasil,Pix,Entregue
TRX0001601,PED000849,2024-12-26,CLI00215,Calca Jeans Reta,Moda,"179,64",2,Porto Alegre/RS/Brasil,Cartao de Debito,Entregue
TRX0001602,PED000849,2024-12-26,CLI00215,Liquidificador Potente,CASA,"232,25",2,Porto Alegre/RS/Brasil,Cartao de Debito,Entregue
TRX0001603,PED000849,26/12/2024,CLI00215,Aspirador Robo,Casa,"R$ 1.609,23",1,Porto Alegre/RS/Brasil,Cartao de Debito,Entregue
TRX0001604,PED000850,20/12/2024,CLI00413,Capa para Smartphone,Acessorios,50.43,1,Rio de Janeiro/RJ/Brasil,Cartao de Debito,Entregue
TRX0001605,PED000850,2024-12-20,CLI00413,Jaqueta Corta Vento,Moda,"R$ 290,00",1,Rio de Janeiro/RJ/Brasil,Cartao de Debito,Entregue
TRX0001606,PED000851,2024-12-27,CLI00675,Camiseta Dry Fit,Esporte,"82,03",1,Santos/SP/Brasil,Pix,Entregue
TRX0001607,PED000852,27/12/2024,CLI00179,Camiseta Dry Fit,Esporte,"R$ 79,45",1,Sao Paulo/SP/Brasil,Cartao de Credito,Entregue
TRX0001608,PED000852,27/12/2024,CLI00179,Headset Gamer,Acessorios,"248,66",2,Sao Paulo/SP/Brasil,Cartao de Credito,Entregue
TRX0001609,PED000852,2024-12-27,CLI00179,Notebook Ultrafino,Eletronicos,"R$ 3.547,12",3,Sao Paulo/SP/Brasil,Cartao de Credito,Entregue
TRX0001610,PED000852,27/12/2024,CLI00179,Smartphone X200,Eletronicos,,1,Sao Paulo/SP/Brasil,Cartao de Credito,ENTREGUE
TRX0001611,PED000853,2024-12-26,CLI00297,Carregador Turbo,Acessorios,"94,89",2,Sao Paulo/SP/Brasil,Cartao de Credito,Entregue
TRX0001612,PED000854,2024-12-20,CLI00125,Camisa Social Slim,Moda,"R$ 161,49",3,Sao Paulo/SP/Brasil,Pix,Entregue
TRX0001613,PED000854,2024-12-20,CLI00125,Hub USB-C,acessorios,"131,83",2,Sao Paulo/SP/Brasil,Pix,entregue
TRX0001614,PED000854,2024-12-20,CLI00125,Vestido Midi,MODA,"R$ 225,79",2,Sao Paulo/SP/Brasil,Pix,Entregue
TRX0001615,PED000855,2024-12-14,CLI00297,Smart TV 50,Eletronicos,2619.34,3,Sao Paulo/SP/Brasil,Cartao de Credito,Entregue
TRX0001616,PED000856,2024-12-30,CLI00133,Mochila para Notebook,Acessorios,"188,26",1,Sao Paulo/SP/Brasil,Pix,Entregue
TRX0001617,PED000856,2024-12-30,CLI00133,Notebook Gamer,Eletronicos,"R$ 4.900,08",1,Sao Paulo/SP/Brasil,Pix,Entregue
TRX0001618,PED000857,2024-12-21,CLI00305,Mochila para Notebook,Acessorios,"R$ 173,39",1,Campinas/SP/Brasil,Cartao de Credito,Processando
TRX0001619,PED000857,2024-12-21,CLI00305,Jogo de Panelas,Casa,"R$ 404,62",1,Campinas/SP/Brasil,Cartao de Credito,Processando
TRX0001620,PED000857,21/12/2024,CLI00305,Smartphone X200,Eletronicos,2336.31,1,Campinas/SP/Brasil,Cartao de Credito,Processando
TRX0001621,PED000858,2024-12-30,CLI00421,Vestido Midi,Moda,209.45,3,Porto Alegre/RS/Brasil,Pix,Em analise
TRX0001622,PED000858,2024-12-30,CLI00421,Capa para Smartphone,Acessorios,"R$ 48,32",1,Porto Alegre/RS/Brasil,Pix,Entregue
TRX0001623,PED000859,2024-12-08,CLI00464,Smart TV 50,Eletronicos,2685.00,2,Porto Alegre/RS/Brasil,Cartao de Credito,Entregue
TRX0001624,PED000859,2024-12-08,CLI00464,Vestido Midi,MODA,"R$ 231,74",1,Porto Alegre/RS/Brasil,Cartao de Credito,Entregue
TRX0001625,PED000860,2024-12-23,CLI00521,Headset Gamer,Acessorios,"269,33",1,Uberlandia/MG/Brasil,Cartao de Credito,Entregue
TRX0001626,PED000860,23/12/2024,CLI00521,Notebook Ultrafino,Eletronicos,3441.36,1,Uberlandia/MG/Brasil,Cartao de Credito,Entregue
,PED000861,2024-12-28,CLI00279,Tapete de Yoga,Esporte,"R$ 148,50",1,Sao Paulo/SP/Brasil,Cartao de Credito,Entregue
TRX0001628,PED000861,2024-12-28,CLI00279,Luminaria de Mesa,Casa,132.51,2,Sao Paulo/SP/Brasil,Cartao de Credito,Entregue
TRX0001629,PED000861,28/12/2024,CLI00279,Aspirador Robo,casa,"1.568,30",1,Sao Paulo/SP/Brasil,Cartao de Credito,Entregue
TRX0001630,PED000862,11/12/2024,CLI00047,Camiseta Dry Fit,ESPORTE,"R$ 83,54",1,Salvador/BA/Brasil,Pix,Entregue
TRX0001631,PED000863,2024-12-03,CLI00599,Teclado Mecanico,Acessorios,374.45,2,Sao Paulo/SP/Brasil,Pix,Processando
TRX0001632,PED000864,27/12/2024,CLI00577,Livro Dados em Acao,Livros,"R$ 95,13",1,Rio de Janeiro/RJ/Brasil,Cartao de Credito,Entregue
TRX0001633,PED000864,2024-12-27,CLI00577,Tapete de Yoga,Esporte,"1.294,40",1,Rio de Janeiro/RJ/Brasil,Cartao de Credito,Entregue
TRX0001634,PED000864,27/12/2024,CLI00577,Hub USB-C,Acessorios,139.06,3,Rio de Janeiro/RJ/Brasil,Cartao de Credito,Entregue
TRX0001635,PED000865,05/12/2024,CLI00128,Hub USB-C,ACESSORIOS,125.40,1,Belo Horizonte/MG/Brasil,Cartao de Credito,Entregue
TRX0001636,PED000865,05/12/2024,CLI00128,Capa para Smartphone,ACESSORIOS,51.63,1,Belo Horizonte/MG/Brasil,Cartao de Credito,Entregue
TRX0001637,PED000866,2024-12-30,CLI00179,Smart TV 50,Eletronicos,"R$ 2.624,49",1,Sao Paulo/SP/Brasil,Pix,ENVIADO
TRX0001638,PED000866,2024-12-30,CLI00179,Teclado Mecanico,Acessorios,346.09,1,Sao Paulo/SP/Brasil,Pix,Enviado
TRX0001639,PED000866,2024-12-30,CLI00179,Jaqueta Corta Vento,Moda,"R$ 260,53",1,Sao Paulo/SP/Brasil,Pix,ENVIADO
TRX0001640,PED000867,2024-12-07,CLI00521,Smartphone X200,Eletronicos,"R$ 2.333,07",1,Uberlandia/MG/Brasil,Cartao de Credito,Entregue
TRX0001641,PED000867,07-12-2024,CLI00521,Notebook Ultrafino,Eletronicos,"R$ 3.410,02",1,Uberlandia/MG/Brasil,Cartao de Credito,Entregue
TRX0001642,PED000867,07/12/2024,CLI00521,Capa para Smartphone,Acessorios,"51,43",1,Uberlandia/MG/Brasil,Cartao de Credito,Entregue
TRX0001643,PED000868,2024-12-16,CLI00024,Headset Gamer,Acessorios,"R$ 265,47",1,Sao Paulo/SP/Brasil,Cartao de Credito,Cancelado
TRX0001644,PED000869,24/12/2024,CLI00577,Luminaria de Mesa,Casa,"R$ 135,33",1,Rio de Janeiro/RJ/Brasil,Cartao de Credito,Entregue
TRX0001645,PED000869,2024-12-24,CLI00577,Halteres 10kg,Esporte,"185,13",1,Rio de Janeiro/RJ/Brasil,Cartao de Credito,entregue
TRX0001646,PED000870,2024-12-14,CLI00486,Garrafa Termica,Esporte,123.64,1,Rio de Janeiro/RJ/Brasil,Cartao de Credito,Entregue
TRX0001647,PED000871,06/12/2024,CLI00510,Tenis Corrida Leve,Esporte,335.51,1,Curitiba/PR/Brasil,Pix,Cancelado
TRX0001648,PED000872,2024-12-27,CLI00360,Headset Gamer,Acessorios,"R$ 252,10",3,Belo Horizonte/MG/Brasil,Pix,entregue
TRX0001649,PED000872,2024-12-27,CLI00360,Capa para Smartphone,Acessorios,"R$ 51,68",-1,Belo Horizonte/MG/Brasil,Pix,entregue
TRX0001650,PED000873,2024-12-10,CLI00292,Teclado Mecanico,Acessórios,"359,27",1,Uberlandia/MG/Brasil,Pix,Entregue
TRX0001651,PED000874,2024-12-21,CLI00603,Livro SQL Essencial,Livros,82.78,1,Salvador/BA/Brasil,Cartao de Credito,Entregue
TRX0001652,PED000874,2024-12-21,CLI00603,Luminaria de Mesa,CASA,"141,01",1,Salvador/BA/Brasil,Cartao de Credito,Entregue
TRX0001653,PED000875,28-12-2024,CLI00062,Camiseta Dry Fit,Esporte,79.90,3,Curitiba/PR/Brasil,Boleto,Entregue
TRX0001654,PED000876,16/12/2024,CLI00172,Carregador Turbo,Acessorios,94.63,1,Fortaleza/CE/Brasil,Cartao de Debito,Entregue
TRX0001655,PED000876,16/12/2024,CLI00172,Mouse Sem Fio,ACESSORIOS,"R$ 85,89",1,Fortaleza/CE/Brasil,Cartao de Debito,Entregue
TRX0001656,PED000877,2024-12-03,CLI00173,Liquidificador Potente,Casa,224.10,1,Sao Paulo/SP/Brasil,Cartao de Credito,cancelado
TRX0001657,PED000877,03-12-2024,CLI00173,Vestido Midi,Moda,"R$ 235,59",1,Sao Paulo/SP/Brasil,Cartao de Credito,Cancelado
TRX0001658,PED000878,2024-12-14,CLI00551,Notebook Ultrafino,Eletronicos,"R$ 3.611,34",1,Belo Horizonte/MG/Brasil,Cartao de Debito,Entregue
TRX0001659,PED000878,14/12/2024,CLI00551,Liquidificador Potente,Casa,"220,36",1,Belo Horizonte/MG/Brasil,Cartao de Debito,Entregue
TRX0001660,PED000878,14/12/2024,CLI00551,Mochila para Notebook,ACESSORIOS,"173,64",2,Belo Horizonte/MG/Brasil,Cartao de Debito,Entregue
TRX0001661,PED000878,14-12-2024,CLI00551,Cafeteira Eletrica,Casa,"R$ 307,58",2,Belo Horizonte/MG/Brasil,Cartao de Debito,ENTREGUE
TRX0001662,PED000879,2024-12-06,CLI00114,Livro Dados em Acao,Livros,"R$ 88,26",2,Curitiba/PR/Brasil,Pix,Entregue
TRX0001663,PED000879,2024-12-06,CLI00114,Smart TV 50,Eletronicos,"R$ 2.521,11",3,Curitiba/PR/Brasil,Pix,Entregue
TRX0001664,PED000880,07/12/2024,CLI00675,Luminaria de Mesa,casa,"R$ 135,50",1,Santos/SP/Brasil,Cartao de Credito,Entregue
TRX0001665,PED000880,2024-12-07,CLI00675,Notebook Gamer,Eletronicos,"1,2,3",1,Santos/SP/Brasil,Cartao de Credito,Entregue
TRX0001666,PED000880,07/12/2024,CLI00675,Notebook Ultrafino,Eletronicos,3612.54,1,Santos/SP/Brasil,Cartao de Credito,Entregue
TRX0001667,PED000881,2024-12-22,CLI00448,Monitor 27,Eletronicos,"R$ 1.230,87",1,Florianopolis/SC/Brasil,Boleto,Enviado
TRX0001668,PED000882,08-12-2024,CLI00236,Luminaria de Mesa,Casa,146.62,1,Sao Paulo/SP/Brasil,Cartao de Credito,Entregue
TRX0001669,PED000882,08/12/2024,CLI00236,Livro Dados em Acao,Livros,"R$ 87,38",1,Sao Paulo/SP/Brasil,Cartao de Credito,Entregue
TRX0001670,PED000883,23-12-2024,CLI00553,Cafeteira Eletrica,casa,"R$ 300,55",1,Sao Paulo/SP/Brasil,Cartao de Credito,Entregue
TRX0001671,PED000884,2024-12-06,CLI00218,Camiseta Dry Fit,Esporte,"79,46",1,Curitiba/PR/Brasil,Cartao de Credito,Entregue
TRX0001672,PED000885,2024-12-11,CLI00041,Tapete de Yoga,Esporte,"R$ 158,76",1,Belo Horizonte/MG/Brasil,Pix,Devolvido
TRX0001673,PED000886,2024-12-04,CLI00117,Teclado Mecanico,acessorios,gratis,3,Curitiba/PR/Brasil,Cartao de Credito,Entregue
TRX0001674,PED000886,2024-12-04,CLI00117,Halteres 10kg,esporte,"192,08",2,Curitiba/PR/Brasil,Cartao de Credito,Entregue
TRX0001675,PED000887,2024-12-17,CLI00572,Liquidificador Potente,Casa,,2,Recife/PE/Brasil,Pix,Devolvido
TRX0001676,PED000888,24/12/2024,CLI00551,Livro SQL Essencial,Livros,"R$ 79,08",1,Belo Horizonte/MG/Brasil,Cartao de Credito,Entregue
TRX0001677,PED000888,24/12/2024,CLI00551,Tenis Corrida Leve,Esporte,317.81,3,Belo Horizonte/MG/Brasil,Cartao de Credito,Entregue
TRX0001678,PED000889,21-12-2024,CLI00577,Mouse Sem Fio,Acessorios,"89,94",1,Rio de Janeiro/RJ/Brasil,Cartao de Credito,Entregue
TRX0001679,PED000889,2024-12-21,CLI00577,Carregador Turbo,Acessorios,"R$ 104,68",2,Rio de Janeiro/RJ/Brasil,Cartao de Credito,Entregue
TRX0001680,PED000890,2024-12-17,CLI00365,Halteres 10kg,Esporte,203.45,1,Uberlandia/MG/Brasil,Pix,Entregue
TRX0001681,PED000891,2024-12-08,CLI00509,Mouse Sem Fio,Acessorios,"R$ 86,70",1,Brasilia/DF/Brasil,Cartao de Debito,Entregue
TRX0001682,PED000892,08/12/2024,CLI00426,Camisa Social Slim,Moda,"160,46",1,Rio de Janeiro/RJ/Brasil,Pix,Enviado
TRX0001683,PED000892,08-12-2024,CLI00426,Garrafa Termica,Esporte,"121,62",1,Rio de Janeiro/RJ/Brasil,Pix,Enviado
TRX0001684,PED000893,23-12-2024,CLI00374,Vestido Midi,Moda,"211,33",2,Rio de Janeiro/RJ/Brasil,Boleto,Enviado
TRX0001685,PED000893,2024-12-23,CLI00374,Camisa Social Slim,Moda,"R$ 163,23",1,Rio de Janeiro/RJ/Brasil,Boleto,Enviado
TRX0001686,PED000893,2024-12-23,CLI00374,Livro Dados em Acao,LIVROS,84.83,1,Rio de Janeiro/RJ/Brasil,Boleto,Enviado
TRX0001687,PED000893,2024-12-23,CLI00374,Carregador Turbo,Acessorios,"R$ 97,08",1,Rio de Janeiro/RJ/Brasil,Boleto,Enviado
TRX0001688,PED000894,2024-12-15,CLI00577,Hub USB-C,Acessorios,"131,16",1,Rio de Janeiro/RJ/Brasil,Cartao de Debito,Entregue
TRX0001689,PED000894,2024-12-15,CLI00577,Tenis Corrida Leve,ESPORTE,"336,62",1,Rio de Janeiro/RJ/Brasil,Cartao de Debito,Entregue
TRX0001690,PED000895,2024-12-31,CLI00254,Smart TV 50,Eletronicos,"R$ 2.670,96",2,Sao Paulo/SP/Brasil,Cartao de Credito,Entregue
TRX0001691,PED000895,31/12/2024,CLI00254,Tenis Corrida Leve,esporte,"R$ 324,86",3,Sao Paulo/SP/Brasil,Cartao de Credito,Entregue
TRX0001692,PED000895,2024-12-31,CLI00254,Camiseta Dry Fit,Esporte,82.15,1,Sao Paulo/SP/Brasil,Cartao de Credito,entregue
TRX0001693,PED000895,31-12-2024,CLI00254,Tablet 10,Eletronicos,"R$ 1.241,94",1,Sao Paulo/SP/Brasil,Cartao de Credito,Entregue
TRX0001694,PED000896,2024-12-08,CLI00456,Calca Jeans Reta,moda,"181,26",1,Porto Alegre/RS/Brasil,Pix,Entregue
TRX0001695,PED000896,2024-12-08,CLI00456,Tapete de Yoga,Esporte,155.34,2,Porto Alegre/RS/Brasil,Pix,Entregue
TRX0001696,PED000896,2025-13-07,CLI00456,Capa para Smartphone,Acessorios,"R$ 47,82",1,Porto Alegre/RS/Brasil,Pix,Entregue
TRX0001697,PED000897,2024-12-12,CLI00064,Jaqueta Corta Vento,Moda,"274,28",1,Sao Paulo/SP/Brasil,Cartao de Credito,enviado
TRX0001698,PED000898,2024-12-01,CLI00061,Livro Historia do Brasil,Livros,72.51,1,Fortaleza/CE/Brasil,Cartao de Credito,Entregue
TRX0001699,PED000898,2024-12-01,CLI00061,Headset Gamer,Acessorios,"274,84",1,Fortaleza/CE/Brasil,Cartao de Credito,Entregue
TRX0001700,PED000898,2024-12-01,CLI00061,Carregador Turbo,Acessorios,"R$ 102,53",2,Fortaleza/CE/Brasil,Cartao de Credito,Entregue
TRX0001701,PED000899,2024-12-05,CLI00540,Tapete de Yoga,Esporte,146.20,1,Porto Alegre/RS/Brasil,Pix,Entregue
TRX0001702,PED000900,2024-12-05,CLI00251,Liquidificador Potente,casa,217.57,1,Recife/PE/Brasil,Cartao de Credito,ENTREGUE
TRX0001703,PED000901,2024-12-27,CLI00355,Livro Dados em Acao,livros,"R$ 89,44",1,Sao Paulo/SP/Brasil,Cartao de Debito,Entregue
TRX0001704,PED000901,2024-12-27,CLI00355,Tenis Corrida Leve,esporte,"331,42",1,Sao Paulo/SP/Brasil,Cartao de Debito,Entregue
TRX0001705,PED000901,2024-12-27,CLI00355,Livro Historia do Brasil,livros,"R$ 68,17",1,Sao Paulo/SP/Brasil,Cartao de Debito,Entregue
TRX0001706,PED000901,2024-12-27,CLI00355,Mochila para Notebook,Acessorios,"187,97",2,Sao Paulo/SP/Brasil,Cartao de Debito,Entregue
TRX0001707,PED000902,2024-12-21,CLI00409,Camisa Social Slim,Moda,"R$ 155,50",1,Belo Horizonte/MG/Brasil,Cartao de Credito,Enviado
TRX0001708,PED000903,2024-12-09,CLI00062,Tenis Corrida Leve,Esporte,gratis,2,Curitiba/PR/Brasil,Pix,Entregue
TRX0001709,PED000903,2024-12-09,CLI00062,Cafeteira Eletrica,Casa,"309,36",1,Curitiba/PR/Brasil,Pix,entregue
TRX0001710,PED000903,2024-12-09,CLI00062,Garrafa Termica,Esporte,"R$ 121,66",1,Curitiba/PR/Brasil,Pix,Entregue
TRX0001711,PED000904,2024-12-08,CLI00038,Mochila para Notebook,Acessorios,170.47,2,Campinas/SP/Brasil,Pix,Cancelado
TRX0001712,PED000904,2024-12-08,CLI00038,Luminaria de Mesa,Casa,144.60,1,Campinas/SP/Brasil,Pix,Cancelado
TRX0001713,PED000905,2024-12-19,CLI00303,Carregador Turbo,Acessorios,"R$ 99,73",3,Goiania/GO/Brasil,Pix,Entregue
TRX0001714,PED000906,2024-12-01,CLI00505,Camiseta Dry Fit,Esporte,80.42,2,Santos/SP/Brasil,Cartao de Credito,Entregue
TRX0001715,PED000906,01/12/2024,CLI00505,Monitor 27,Eletronicos,1156.68,1,Santos/SP/Brasil,Cartao de Credito,Entregue
TRX0001716,PED000907,2024-12-04,CLI00035,Notebook Ultrafino,Eletronicos,"R$ 3.589,15",1,Florianopolis/SC/Brasil,Pix,Entregue
TRX0001717,PED000908,2024-12-30,CLI00236,Camisa Social Slim,Moda,170.91,2,Sao Paulo/SP/Brasil,Cartao de Credito,Entregue
TRX0001718,PED000908,2024-12-30,CLI00236,Smartphone X200,Eletronicos,"R$ 2.305,26",1,Sao Paulo/SP/Brasil,Cartao de Credito,Entregue
TRX0001719,PED000909,2024-12-27,CLI00326,Hub USB-C,Acessorios,"127,96",1,Sao Paulo/SP/Brasil,Pix,Entregue
,PED000909,2024-12-27,CLI00326,Tenis Corrida Leve,Esporte,"353,30",2,Sao Paulo/SP/Brasil,Pix,Entregue
TRX0001721,PED000909,27-12-2024,CLI00326,Camisa Social Slim,Moda,168.23,2,Sao Paulo/SP/Brasil,Pix,Entregue
TRX0001722,PED000910,07/12/2024,CLI00521,Cafeteira Eletrica,Casa,301.75,1,Uberlandia/MG/Brasil,Cartao de Credito,ENTREGUE
TRX0001723,PED000910,2024-12-07,CLI00521,Livro SQL Essencial,livros,75.37,1,Uberlandia/MG/Brasil,Cartao de Credito,Entregue
TRX0001724,PED000911,01-12-2024,CLI00001,Livro Dados em Acao,Livros,"R$ 93,50",1,Recife/PE/Brasil,Pix,Entregue
TRX0001725,PED000911,01/12/2024,CLI00001,Notebook Ultrafino,ELETRONICOS,"R$ 3.613,76",2,Recife/PE/Brasil,Pix,Entregue
TRX0001726,PED000912,07/12/2024,CLI00329,Garrafa Termica,Esporte,"R$ 127,49",2,Recife/PE/Brasil,Cartao de Debito,Entregue
TRX0001727,PED000912,07/12/2024,CLI00329,Notebook Ultrafino,Eletronicos,3430.38,1,Recife/PE/Brasil,Cartao de Debito,ENTREGUE
TRX0001728,PED000913,2024-12-09,CLI00483,Smartphone X200,Eletronicos,2094.38,2,Recife/PE/Brasil,Cartao de Credito,Devolvido
TRX0001729,PED000914,12/12/2024,CLI00146,Camisa Social Slim,Moda,169.47,1,Uberlandia/MG/Brasil,Cartao de Debito,Entregue
TRX0001730,PED000914,12/12/2024,CLI00146,Luminaria de Mesa,Casa,"138,92",2,Uberlandia/MG/Brasil,Cartao de Debito,Entregue
TRX0001731,PED000914,12-12-2024,CLI00146,Cafeteira Eletrica,Casa,"297,81",2,Uberlandia/MG/Brasil,Cartao de Debito,Entregue
TRX0001732,PED000914,12/12/2024,CLI00146,Hub USB-C,Acessorios,132.38,1,Uberlandia/MG/Brasil,Cartao de Debito,Entregue
TRX0001733,PED000915,2024-12-05,CLI00038,Smartphone X200,Eletronicos,"2.345,03",1,Campinas/SP/Brasil,Pix,Entregue
TRX0001734,PED000915,05-12-2024,CLI00038,Capa para Smartphone,Acessorios,"52,00",3,Campinas/SP/Brasil,Pix,Entregue
TRX0001735,PED000916,24-12-2024,CLI00136,Livro SQL Essencial,Livros,"R$ 79,71",2,Curitiba/PR/Brasil,Pix,Cancelado
TRX0001736,PED000917,2024-12-10,CLI00541,Cafeteira Eletrica,Casa,290.56,1,Sao Paulo/SP/Brasil,Pix,Entregue
TRX0001737,PED000918,2024-12-10,CLI00590,Mouse Sem Fio,acessorios,90.93,1,Fortaleza/CE/Brasil,Cartao de Credito,Entregue
TRX0001738,PED000918,10/12/2024,CLI00590,Smartphone X200,Eletronicos,2295.56,1,Fortaleza/CE/Brasil,Cartao de Credito,Entregue
TRX0001739,PED000918,10-12-2024,CLI00590,Vestido Midi,Moda,231.58,3,Fortaleza/CE/Brasil,Cartao de Credito,entregue
TRX0001740,PED000919,2024-12-07,CLI00053,Calca Jeans Reta,Moda,189.77,1,Rio de Janeiro/RJ/Brasil,Cartao de Credito,Devolvido
TRX0001741,PED000919,2024-12-07,CLI00053,Halteres 10kg,Esporte,202.60,1,Rio de Janeiro/RJ/Brasil,Cartao de Credito,Devolvido
TRX0001742,PED000920,27/12/2024,CLI00186,Garrafa Termica,Esporte,"R$ 1.260,06",1,Uberlandia/MG/Brasil,Pix,Entregue
TRX0001743,PED000920,2024-12-27,CLI00186,Carregador Turbo,ACESSORIOS,"R$ 99,24",1,Uberlandia/MG/Brasil,Pix,Entregue
TRX0001744,PED000920,27-12-2024,CLI00186,Capa para Smartphone,Acessorios,"50,78",2,Uberlandia/MG/Brasil,Pix,Entregue
TRX0001745,PED000920,,CLI00186,Calca Jeans Reta,MODA,"R$ 182,82",1,Uberlandia/MG/Brasil,Pix,Entregue
TRX0001746,PED000921,2024-12-16,CLI00013,Notebook Ultrafino,Eletronicos,"R$ 3.591,13",1,Fortaleza/CE/Brasil,Cartao de Credito,Cancelado
TRX0001747,PED000922,2024-12-05,CLI00459,Livro SQL Essencial,Livros,"R$ 80,00",1,Belo Horizonte/MG/Brasil,Cartao de Credito,Entregue
TRX0001748,PED000922,2024-12-05,CLI00459,Aspirador Robo,Casa,1510.58,1,Belo Horizonte/MG/Brasil,Cartao de Credito,Entregue
TRX0001749,PED000923,30/12/2024,CLI00283,Halteres 10kg,esporte,194.91,1,Sao Paulo/SP/Brasil,Cartao de Credito,Entregue
TRX0001750,PED000924,05/12/2024,CLI00205,Capa para Smartphone,Acessorios,48.23,2,Santos/SP/Brasil,Cartao de Debito,Entregue
TRX0001751,PED000925,2024-12-23,CLI00577,Smart TV 50,ELETRONICOS,"R$ 2.618,88",1,Rio de Janeiro/RJ/Brasil,Pix,Entregue
TRX0001752,PED000926,14/12/2024,CLI00047,Calca Jeans Reta,MODA,"186,04",1,Salvador/BA/Brasil,Pix,devolvido
TRX0001753,PED000927,12-12-2024,CLI00510,Liquidificador Potente,Casa,219.61,3,Curitiba/PR/Brasil,Cartao de Credito,Entregue
TRX0001754,PED000927,2024-12-12,CLI00510,Livro Dados em Acao,Livros,93.84,1,Curitiba/PR/Brasil,Cartao de Credito,Entregue
TRX0001755,PED000928,07/12/2024,CLI00320,Aspirador Robo,Casa,"R$ 1.646,71",2,Brasilia/DF/Brasil,Cartao de Credito,Cancelado
TRX0001756,PED000928,07-12-2024,CLI00320,Tenis Corrida Leve,Esporte,"R$ 332,34",1,Brasilia/DF/Brasil,Cartao de Credito,Cancelado
TRX0001757,PED000928,07/12/2024,CLI00320,Notebook Gamer,Eletronicos,"R$ 5.155,31",2,Brasilia/DF/Brasil,Cartao de Credito,Cancelado
TRX0001758,PED000929,2024-12-07,CLI00572,Garrafa Termica,Esporte,121.77,1,Recife/PE/Brasil,Boleto,Entregue
TRX0001759,PED000930,2024-12-01,CLI00569,Camiseta Dry Fit,Esporte,"R$ 80,48",1,Campinas/SP/Brasil,Boleto,Cancelado
TRX0001760,PED000930,2024-12-01,CLI00569,Hub USB-C,Acessorios,139.28,3,Campinas/SP/Brasil,Boleto,Cancelado
TRX0001761,PED000930,2024-12-01,CLI00569,Mochila para Notebook,Acessorios,174.84,1,Campinas/SP/Brasil,Boleto,Cancelado
TRX0001762,PED000930,01/12/2024,CLI00569,Tablet 10,Eletronicos,"1.349,43",4,Campinas/SP/Brasil,Boleto,Cancelado
TRX0001763,PED000930,2024-12-01,CLI00569,Smartphone X200,Eletronicos,"2.201,55",1,Campinas/SP/Brasil,Boleto,Cancelado
TRX0001764,PED000931,2024-12-11,CLI00547,Hub USB-C,Acessorios,123.81,1,Sao Paulo/SP/Brasil,Cartao de Credito,Entregue
TRX0001765,PED000931,11/12/2024,CLI00547,Liquidificador Potente,Casa,214.09,1,Sao Paulo/SP/Brasil,Cartao de Credito,Aguardando pagamento
TRX0001766,PED000931,11/12/2024,CLI00547,Tablet 10,Eletronicos,"R$ 1.372,48",1,Sao Paulo/SP/Brasil,Cartao de Credito,Entregue
TRX0001767,PED000932,2024-12-01,CLI00448,Tablet 10,Eletronicos,1236.86,1,Florianopolis/SC/Brasil,Pix,Entregue
TRX0001768,PED000933,25-12-2024,CLI00305,Camiseta Dry Fit,Esporte,83.43,1,Campinas/SP/Brasil,Cartao de Credito,Entregue
TRX0001769,PED000933,2024-12-25,CLI00305,Tablet 10,Eletronicos,"R$ 1.240,60",2,Campinas/SP/Brasil,Cartao de Credito,Entregue
TRX0001770,PED000933,25-12-2024,CLI00305,Smartphone X200,Eletronicos,2151.83,1,Campinas/SP/Brasil,Cartao de Credito,Entregue
TRX0001771,PED000934,05/12/2024,CLI00264,Headset Gamer,Acessorios,"R$ 271,34",1,Campinas/SP/Brasil,Cartao de Credito,Entregue
TRX0001772,PED000934,2024-12-05,CLI00264,Tenis Corrida Leve,Esporte,"331,88",1,Campinas/SP/Brasil,Cartao de Credito,entregue
TRX0001773,PED000935,2024-12-22,CLI00348,Notebook Gamer,Eletronicos,"R$ 4.766,29",1,Uberlandia/MG/Brasil,Cartao de Credito,Entregue
TRX0001774,PED000936,2024-12-09,CLI00305,Notebook Ultrafino,Eletronicos,"3.723,86",3,Campinas/SP/Brasil,Pix,Entregue
TRX0001775,PED000936,09/12/2024,CLI00305,Mochila para Notebook,Acessorios,177.29,1,Campinas/SP/Brasil,Pix,Entregue
TRX0001776,PED000936,09/12/2024,CLI00305,Mouse Sem Fio,Acessorios,95.34,3,Campinas/SP/Brasil,Pix,Entregue
TRX0001777,PED000937,2024-12-13,CLI00644,Headset Gamer,Acessorios,252.27,1,Sao Paulo/SP/Brasil,Pix,Cancelado
TRX0001778,PED000937,2024-12-13,CLI00644,Monitor 27,Eletronicos,"R$ 1.135,64",1,Sao Paulo/SP/Brasil,Pix,Cancelado
TRX0001779,PED000937,2024-12-13,CLI00644,Smart TV 50,Eletronicos,"R$ 2.514,46",1,Sao Paulo/SP/Brasil,Pix,Cancelado
TRX0001780,PED000938,17-12-2024,CLI00141,Mouse Sem Fio,Acessorios,95.45,1,Sao Paulo/SP/Brasil,Boleto,Entregue
TRX0001781,PED000938,17-12-2024,CLI00141,Notebook Gamer,Eletronicos,"R$ 4.785,43",1,Sao Paulo/SP/Brasil,Boleto,Entregue
TRX0001782,PED000939,2024-12-05,CLI00196,Halteres 10kg,Esporte,184.08,2,Uberlandia/MG/Brasil,Cartao de Debito,Entregue
TRX0001783,PED000939,05-12-2024,CLI00196,Jaqueta Corta Vento,Moda,"R$ 2.524,28",1,Uberlandia/MG/Brasil,Cartao de Debito,Entregue
TRX0001784,PED000940,2024-12-09,CLI00459,Carregador Turbo,Acessorios,"R$ 101,91",1,Belo Horizonte/MG/Brasil,Cartao de Credito,entregue
TRX0001785,PED000941,07-12-2024,CLI00521,Tapete de Yoga,Esporte,"R$ 147,48",1,Uberlandia/MG/Brasil,Cartao de Credito,Entregue
TRX0001786,PED000942,2024-12-03,CLI00109,Monitor 27,Eletronicos,"1.189,31",3,Salvador/BA/Brasil,Pix,Entregue
TRX0001787,PED000942,2024-12-03,CLI00109,Calca Jeans Reta,Moda,"R$ 193,99",1,Salvador/BA/Brasil,Pix,Entregue
TRX0005405,PED002871,2025-11-23,CLI00643,Cafeteira Eletrica,Casa,306.58,3,Sao Paulo/SP/Brasil,Boleto,Entregue
TRX0001788,PED000943,2024-12-14,CLI00574,Cafeteira Eletrica,Casa,"R$ 280,82",2,Uberlandia/MG/Brasil,Pix,Entregue
TRX0001789,PED000943,14-12-2024,CLI00574,Liquidificador Potente,casa,"234,90",1,Uberlandia/MG/Brasil,Pix,Entregue
TRX0001790,PED000944,09-12-2024,CLI00324,Smart TV 50,Eletronicos,2467.52,1,Niteroi/RJ/Brasil,Pix,Cancelado
TRX0001791,PED000944,2024-12-09,CLI00324,Aspirador Robo,casa,"R$ 1.687,37",3,Niteroi/RJ/Brasil,Pix,Cancelado
TRX0001792,PED000944,09-12-2024,CLI00324,Hub USB-C,Acessorios,"123,43",2,Niteroi/RJ/Brasil,Pix,Cancelado
TRX0001793,PED000945,29/12/2024,CLI00521,Teclado Mecanico,Acessorios,"R$ 368,44",3,Uberlandia/MG/Brasil,Pix,Entregue
TRX0001794,PED000946,2024-12-09,CLI00254,Tapete de Yoga,Esporte,"R$ 150,45",1,Sao Paulo/SP/Brasil,Pix,Entregue
TRX0001795,PED000946,2024-12-09,CLI00254,Halteres 10kg,Esporte,"R$ 184,43",3,Sao Paulo/SP/Brasil,Pix,Entregue
TRX0001796,PED000947,2024-12-16,CLI00117,Teclado Mecanico,Acessorios,"R$ 363,92",1,Curitiba/PR/Brasil,Cartao de Credito,Entregue
TRX0001797,PED000947,16-12-2024,CLI00117,Aspirador Robo,Casa,1652.30,2,Curitiba/PR/Brasil,Cartao de Credito,ENTREGUE
TRX0001798,PED000948,17-12-2024,CLI00029,Cafeteira Eletrica,Casa,"R$ 279,41",1,Campinas/SP/Brasil,Pix,ENTREGUE
TRX0001799,PED000948,17-12-2024,CLI00029,Liquidificador Potente,Casa,212.47,2,Campinas/SP/Brasil,Pix,Entregue
TRX0001800,PED000949,19/12/2024,CLI00196,Calca Jeans Reta,Moda,192.84,1,Uberlandia/MG/Brasil,Cartao de Debito,Entregue
TRX0001801,PED000949,2024-12-19,CLI00196,Luminaria de Mesa,Casa,144.38,1,Uberlandia/MG/Brasil,Cartao de Debito,Entregue
TRX0001802,PED000949,19-12-2024,CLI00196,Notebook Ultrafino,Eletronicos,"3.375,12",1,Uberlandia/MG/Brasil,Cartao de Debito,Entregue
TRX0001803,PED000950,2024-12-06,CLI00521,Jaqueta Corta Vento,Moda,266.00,1,Uberlandia/MG/Brasil,Pix,Entregue
TRX0001804,PED000950,2024-12-06,CLI00521,Capa para Smartphone,Acessorios,"51,79",2,Uberlandia/MG/Brasil,Pix,Entregue
TRX0001805,PED000951,2024-12-15,,Headset Gamer,Acessorios,263.72,1,Curitiba/PR/Brasil,Cartao de Credito,Entregue
TRX0001806,PED000951,15-12-2024,CLI00117,Vestido Midi,Moda,225.98,2,Curitiba/PR/Brasil,Cartao de Credito,Entregue
TRX0001807,PED000952,2024-12-15,CLI00290,Headset Gamer,acessorios,"R$ 258,03",1,Campinas/SP/Brasil,Boleto,Cancelado
TRX0001808,PED000952,2024-12-15,CLI00290,Luminaria de Mesa,Casa,"R$ 132,54",1,Campinas/SP/Brasil,Boleto,Cancelado
TRX0001809,PED000952,2024-12-15,CLI00290,Camisa Social Slim,Moda,"R$ 152,91",1,Campinas/SP/Brasil,Boleto,Cancelado
TRX0001810,PED000952,2024-12-15,CLI00290,Notebook Gamer,Eletrônicos,"R$ 5.107,85",1,Campinas/SP/Brasil,Boleto,Cancelado
TRX0001811,PED000953,18/12/2024,CLI00169,Hub USB-C,Acessorios,134.15,1,Porto Alegre/RS/Brasil,Cartao de Credito,Entregue
TRX0001812,PED000953,2024-12-18,CLI00169,Aspirador Robo,Casa,"R$ 1.676,37",1,Porto Alegre/RS/Brasil,Cartao de Credito,Entregue
TRX0001813,PED000954,2024-12-16,CLI00329,Hub USB-C,Acessorios,"136,26",1,Recife/PE/Brasil,Cartao de Debito,Entregue
TRX0001814,PED000955,20-12-2024,CLI00305,Livro Dados em Acao,Livros,84.71,1,Campinas/SP/Brasil,Cartao de Credito,Entregue
TRX0001815,PED000956,2024-12-07,CLI00386,Livro Historia do Brasil,Livros,"70,05",1,Sao Paulo/SP/Brasil,Cartao de Credito,Entregue
TRX0001816,PED000956,2024-12-07,CLI00386,Aspirador Robo,CASA,"1.559,77",1,Sao Paulo/SP/Brasil,Cartao de Credito,Entregue
TRX0001817,PED000956,2024-12-07,CLI00386,Livro Dados em Acao,Livros,"R$ 96,08",1,Sao Paulo/SP/Brasil,Cartao de Credito,Entregue
TRX0001818,PED000957,15/12/2024,CLI00234,Camisa Social Slim,Moda,"R$ 153,34",1,Florianopolis/SC/Brasil,Boleto,ENTREGUE
TRX0001819,PED000957,15/12/2024,CLI00234,Cafeteira Eletrica,Casa,"R$ 277,16",1,Florianopolis/SC/Brasil,Boleto,Entregue
TRX0001820,PED000957,2024-12-15,CLI00234,Aspirador Robo,casa,"R$ 1.698,01",1,Florianopolis/SC/Brasil,Boleto,Entregue
TRX0001821,PED000958,2024-12-06,CLI00333,Livro SQL Essencial,Livros,83.46,1,Recife/PE/Brasil,Cartao de Credito,Devolvido
TRX0001822,PED000958,2025-13-07,CLI00333,Tenis Corrida Leve,Esporte,"324,98",2,Recife/PE/Brasil,Cartao de Credito,Devolvido
TRX0001823,PED000958,06/12/2024,CLI00333,Jaqueta Corta Vento,Moda,"R$ 280,11",1,Recife/PE/Brasil,Cartao de Credito,Devolvido
TRX0001824,PED000958,2024-12-06,CLI00333,Notebook Ultrafino,ELETRONICOS,"R$ 3.719,31",1,Recife/PE/Brasil,Cartao de Credito,Devolvido
TRX0001825,PED000959,2024-12-11,CLI00173,Livro SQL Essencial,Livros,83.87,2,Sao Paulo/SP/Brasil,Cartao de Credito,entregue
,PED000959,2024-12-11,CLI00173,Notebook Ultrafino,Eletronicos,3312.57,1,Sao Paulo/SP/Brasil,Cartao de Credito,Entregue
TRX0001827,PED000959,2024-12-11,CLI00173,Liquidificador Potente,Casa,"218,65",2,Sao Paulo/SP/Brasil,Cartao de Credito,Entregue
TRX0001828,PED000959,2024-12-11,CLI00173,Aspirador Robo,Casa,1579.70,1,Sao Paulo/SP/Brasil,Cartao de Credito,Entregue
TRX0001829,PED000960,2024-12-04,CLI00064,Camisa Social Slim,Moda,151.91,3,Sao Paulo/SP/Brasil,Cartao de Debito,Entregue
TRX0001830,PED000960,04-12-2024,CLI00064,Teclado Mecanico,Acessorios,342.10,1,Sao Paulo/SP/Brasil,Cartao de Debito,Entregue
TRX0001831,PED000960,04/12/2024,CLI00064,Halteres 10kg,Esporte,"R$ 187,78",3,Sao Paulo/SP/Brasil,Cartao de Debito,Entregue
TRX0001832,PED000960,04/12/2024,CLI00064,Mochila para Notebook,Acessorios,"190,93",2,Sao Paulo/SP/Brasil,Cartao de Debito,entregue
TRX0001833,PED000961,07/12/2024,CLI00119,Hub USB-C,Acessorios,"128,14",1,Niteroi/RJ/Brasil,Pix,Entregue
TRX0001834,PED000962,06-12-2024,CLI00162,Capa para Smartphone,Acessorios,"50,11",1,Campinas/SP/Brasil,Pix,Entregue
TRX0001835,PED000962,06/12/2024,CLI00162,Tenis Corrida Leve,Esporte,"R$ 354,96",1,Campinas/SP/Brasil,Pix,Entregue
TRX0001836,PED000963,19-12-2024,CLI00438,Aspirador Robo,Casa,1605.43,1,Sao Paulo/SP/Brasil,Cartao de Debito,Enviado
TRX0001837,PED000963,19-12-2024,CLI00438,Mouse Sem Fio,Acessorios,"R$ 95,18",1,Sao Paulo/SP/Brasil,Cartao de Debito,Enviado
TRX0001838,PED000964,10-12-2024,CLI00623,Livro Dados em Acao,Livros,91.80,4,Curitiba/PR/Brasil,Pix,Entregue
TRX0001839,PED000964,2024-12-10,CLI00623,Jogo de Panelas,Casa,"414,40",4,Curitiba/PR/Brasil,Pix,Entregue
TRX0001840,PED000965,2024-12-12,CLI00318,Luminaria de Mesa,Casa,"R$ 139,78",1,Rio de Janeiro/RJ/Brasil,Cartao de Credito,Entregue
TRX0001841,PED000966,2024-12-26,CLI00251,Jogo de Panelas,Casa,392.05,2,Recife/PE/Brasil,Pix,Entregue
TRX0001842,PED000966,2024-12-26,CLI00251,Halteres 10kg,Esporte,202.27,1,Recife/PE/Brasil,Pix,Entregue
TRX0001843,PED000967,21-12-2024,CLI00409,Monitor 27,Eletronicos,"R$ 1.202,96",1,Belo Horizonte/MG/Brasil,Cartao de Debito,Entregue
TRX0001844,PED000967,2024-12-21,CLI00409,Tablet 10,Eletronicos,"R$ 1.383,49",1,Belo Horizonte/MG/Brasil,Cartao de Debito,Entregue
TRX0001845,PED000967,21/12/2024,CLI00409,Headset Gamer,Acessorios,"R$ 271,79",0,Belo Horizonte/MG/Brasil,Cartao de Debito,Entregue
TRX0001846,PED000967,21-12-2024,CLI00409,Smartphone X200,Eletronicos,"R$ 2.233,54",1,Belo Horizonte/MG/Brasil,Cartao de Debito,Entregue
TRX0001847,PED000967,2024-12-21,CLI00409,Mouse Sem Fio,Acessorios,94.95,1,Belo Horizonte/MG/Brasil,Cartao de Debito,Entregue
TRX0001848,PED000968,2024-12-27,CLI00254,Vestido Midi,Moda,"R$ 210,17",2,Sao Paulo/SP/Brasil,Pix,Cancelado
TRX0001849,PED000968,2024-12-27,CLI00254,Mouse Sem Fio,Acessorios,"88,61",1,Sao Paulo/SP/Brasil,Pix,cancelado
TRX0001850,PED000969,2024-12-05,CLI00494,Mouse Sem Fio,Acessorios,"95,47",2,Sao Paulo/SP/Brasil,Boleto,Entregue
TRX0001851,PED000970,01/12/2024,CLI00683,Teclado Mecanico,Acessorios,,3,Salvador/BA/Brasil,Cartao de Debito,Entregue
TRX0001852,PED000971,2024-12-18,CLI00080,Teclado Mecanico,ACESSORIOS,"R$ 340,13",1,Belo Horizonte/MG/Brasil,Cartao de Debito,ENTREGUE
TRX0001853,PED000971,2024-12-18,CLI00080,Luminaria de Mesa,Casa,142.69,1,Belo Horizonte/MG/Brasil,Cartao de Debito,Entregue
TRX0001854,PED000972,2024-12-29,CLI00290,Smartphone X200,ELETRONICOS,2324.85,2,Campinas/SP/Brasil,Cartao de Credito,Entregue
TRX0001855,PED000972,29/12/2024,CLI00290,Carregador Turbo,Acessorios,"102,58",1,Campinas/SP/Brasil,Cartao de Credito,Entregue
TRX0001856,PED000973,18/12/2024,CLI00381,Carregador Turbo,Acessorios,103.76,1,Campinas/SP/Brasil,Pix,Devolvido
TRX0001857,PED000974,26/12/2024,CLI00577,Luminaria de Mesa,Casa,132.53,1,Rio de Janeiro/RJ/Brasil,Cartao de Debito,Cancelado
TRX0001858,PED000975,2024-12-09,CLI00242,Halteres 10kg,ESPORTE,189.40,1,Sao Paulo/SP/Brasil,Cartao de Credito,Cancelado
TRX0001859,PED000976,2024-12-13,CLI00120,Aspirador Robo,Casa,"1.703,07",3,Belo Horizonte/MG/Brasil,Pix,Entregue
TRX0001860,PED000976,2024-12-13,CLI00120,Mouse Sem Fio,Acessorios,95.44,-2,Belo Horizonte/MG/Brasil,Pix,Entregue
TRX0001861,PED000977,31-12-2024,CLI00172,Headset Gamer,Acessorios,249.69,2,Fortaleza/CE/Brasil,Cartao de Credito,Cancelado
TRX0001862,PED000977,2024-12-31,CLI00172,Jogo de Panelas,Casa,"R$ 382,57",1,Fortaleza/CE/Brasil,Cartao de Credito,Cancelado
TRX0001863,PED000977,2024-12-31,CLI00172,Smartphone X200,eletronicos,2155.64,0,Fortaleza/CE/Brasil,Cartao de Credito,Cancelado
TRX0001864,PED000977,31/12/2024,CLI00172,Calca Jeans Reta,moda,"R$ 195,10",1,Fortaleza/CE/Brasil,Cartao de Credito,Cancelado
TRX0001865,PED000977,31/12/2024,CLI00172,Notebook Ultrafino,Eletronicos,"R$ 3.312,40",1,Fortaleza/CE/Brasil,Cartao de Credito,cancelado
TRX0001866,PED000978,2024-12-17,CLI00361,Livro SQL Essencial,Livros,"R$ 76,89",1,Santos/SP/Brasil,Pix,Entregue
TRX0001867,PED000978,,CLI00361,Calca Jeans Reta,Moda,190.26,1,Santos/SP/Brasil,Pix,Entregue
TRX0001868,PED000978,2024-12-17,CLI00361,Camiseta Dry Fit,Esporte,82.82,3,Santos/SP/Brasil,Pix,Entregue
TRX0001869,PED000979,2024-12-23,CLI00053,Camisa Social Slim,Moda,"R$ 161,58",1,Rio de Janeiro/RJ/Brasil,Cartao de Credito,Entregue
TRX0001870,PED000979,2024-12-23,CLI00053,Livro Historia do Brasil,Livros,"R$ 68,09",2,Rio de Janeiro/RJ/Brasil,Cartao de Credito,Entregue
TRX0001871,PED000980,11/12/2024,CLI00355,Garrafa Termica,Esporte,"114,11",1,Sao Paulo/SP/Brasil,Cartao de Debito,Entregue
TRX0001167,PED000622,2024-11-13,CLI00338,Monitor 27,Eletronicos,1232.40,1,Belo Horizonte/MG/Brasil,Boleto,entregue
TRX0001872,PED000980,11/12/2024,CLI00355,Mouse Sem Fio,Acessorios,"92,72",3,Sao Paulo/SP/Brasil,Cartao de Debito,Entregue
TRX0001873,PED000980,2024-12-11,CLI00355,Livro Dados em Acao,Livros,"R$ 92,10",1,Sao Paulo/SP/Brasil,Cartao de Debito,Entregue
TRX0001874,PED000981,03-12-2024,CLI00263,Mochila para Notebook,Acessorios,"R$ 192,71",1,Recife/PE/Brasil,Cartao de Credito,Enviado
TRX0001875,PED000982,10/12/2024,CLI00525,Cafeteira Eletrica,Casa,"305,70",1,Brasilia/DF/Brasil,Pix,Enviado
TRX0001876,PED000982,10/12/2024,CLI00525,Liquidificador Potente,Casa,"235,78",1,Brasilia/DF/Brasil,Pix,Enviado
TRX0001877,PED000983,2024-12-21,CLI00541,Smart TV 50,eletronicos,"R$ 2.767,32",1,Sao Paulo/SP/Brasil,Boleto,entregue
TRX0001878,PED000983,2024-12-21,CLI00541,Garrafa Termica,Esporte,"R$ 118,24",1,Sao Paulo/SP/Brasil,Boleto,Entregue
TRX0007066,PED003734,2026-04-22,CLI00548,Vestido Midi,Moda,211.68,1,Florianopolis/SC/Brasil,Cartao de Credito,Entregue
TRX0001879,PED000984,24/12/2024,CLI00577,Hub USB-C,Acessorios,135.70,1,Rio de Janeiro/RJ/Brasil,Cartao de Debito,Entregue
TRX0001880,PED000984,24/12/2024,CLI00577,Halteres 10kg,Esporte,203.62,2,Rio de Janeiro/RJ/Brasil,Cartao de Debito,Entregue
TRX0001881,PED000984,24/12/2024,CLI00577,Mouse Sem Fio,Acessorios,"93,98",1,Rio de Janeiro/RJ/Brasil,Cartao de Debito,Entregue
TRX0001882,PED000985,21-12-2024,CLI00673,Camiseta Dry Fit,Esporte,"78,91",1,Porto Alegre/RS/Brasil,Cartao de Credito,Entregue
TRX0001883,PED000985,2024-12-21,CLI00673,Hub USB-C,ACESSORIOS,"129,81",4,Porto Alegre/RS/Brasil,Cartao de Credito,Entregue
TRX0001884,PED000986,2024-12-29,CLI00535,Tapete de Yoga,Esporte,"154,83",1,Campinas/SP/Brasil,Pix,Enviado
TRX0001885,PED000987,31/12/2024,CLI00265,Tenis Corrida Leve,Esporte,"324,14",1,Campinas/SP/Brasil,Boleto,Entregue
TRX0001886,PED000987,31-12-2024,CLI00265,Liquidificador Potente,Casa,224.50,1,Campinas/SP/Brasil,Boleto,Entregue
TRX0001887,PED000988,20/12/2024,CLI00280,Headset Gamer,Acessorios,248.76,1,Rio de Janeiro/RJ/Brasil,Pix,Processando
TRX0001888,PED000989,2024-12-23,CLI00634,Cafeteira Eletrica,Casa,"295,25",1,Brasilia/DF/Brasil,Boleto,Cancelado
TRX0001889,PED000989,23/12/2024,CLI00634,Liquidificador Potente,Casa,"208,20",3,Brasilia/DF/Brasil,Boleto,Cancelado
TRX0001890,PED000990,23-12-2024,CLI00114,Smartphone X200,Eletronicos,2101.77,1,Curitiba/PR/Brasil,Boleto,entregue
TRX0001891,PED000991,01/12/2024,CLI00317,Tapete de Yoga,Esporte,"143,37",1,Salvador/BA/Brasil,Cartao de Credito,Enviado
TRX0001892,PED000992,2024-12-22,CLI00264,Camiseta Dry Fit,Esporte,"78,52",1,Campinas/SP/Brasil,Pix,Entregue
TRX0001893,PED000993,2024-12-09,CLI00595,Jogo de Panelas,Casa,"R$ 416,95",1,Curitiba/PR/Brasil,Pix,Entregue
TRX0001894,PED000993,2024-12-09,CLI00595,Calca Jeans Reta,Moda,"R$ 203,44",2,Curitiba/PR/Brasil,Pix,Entregue
TRX0001895,PED000994,09-12-2024,CLI00337,Livro Historia do Brasil,Livros,67.99,1,Rio de Janeiro/RJ/Brasil,Cartao de Credito,Entregue
TRX0001896,PED000995,2024-12-04,CLI00665,Hub USB-C,Acessorios,129.53,1,Niteroi/RJ/Brasil,Cartao de Credito,Entregue
TRX0001897,PED000995,2024-12-04,CLI00665,Liquidificador Potente,casa,220.58,3,Niteroi/RJ/Brasil,Cartao de Credito,Entregue
TRX0001898,PED000996,2024-12-20,CLI00409,Livro Dados em Acao,LIVROS,"R$ 88,19",1,Belo Horizonte/MG/Brasil,Cartao de Credito,Entregue
TRX0001899,PED000996,20/12/2024,CLI00409,Luminaria de Mesa,Casa,"132,67",2,Belo Horizonte/MG/Brasil,Cartao de Credito,Entregue
TRX0001900,PED000997,01/12/2024,CLI00577,Livro Historia do Brasil,LIVROS,68.25,-1,Rio de Janeiro/RJ/Brasil,Pix,Cancelado
TRX0001901,PED000998,2024-12-16,CLI00134,Tenis Corrida Leve,Esporte,332.09,3,Porto Alegre/RS/Brasil,Pix,Entregue
TRX0001902,PED000998,16-12-2024,CLI00134,Garrafa Termica,Esporte,,1,Porto Alegre/RS/Brasil,Pix,Entregue
TRX0001903,PED000999,2024-12-31,CLI00286,Notebook Gamer,Eletronicos,"R$ 4.756,08",2,Curitiba/PR/Brasil,Boleto,Entregue
TRX0001904,PED001000,2024-12-29,CLI00451,Livro Historia do Brasil,Livros,69.96,1,Curitiba/PR/Brasil,Pix,Entregue
TRX0001905,PED001000,2024-12-29,CLI00451,Livro Dados em Acao,Livros,"86,16",1,Curitiba/PR/Brasil,Pix,entregue
TRX0001906,PED001000,2024-12-29,CLI00451,Livro SQL Essencial,Livros,"R$ 75,59",1,Curitiba/PR/Brasil,Pix,ENTREGUE
TRX0001907,PED001000,2024-12-29,CLI00451,Cafeteira Eletrica,Casa,"288,81",1,Curitiba/PR/Brasil,Pix,Entregue
TRX0001908,PED001001,30/12/2024,CLI00068,Livro Dados em Acao,Livros,95.16,1,Florianopolis/SC/Brasil,Cartao de Credito,Entregue
TRX0001909,PED001002,2024-12-08,CLI00421,Mochila para Notebook,Acessorios,"178,14",1,Porto Alegre/RS/Brasil,Pix,Cancelado
TRX0001910,PED001003,2024-12-20,CLI00435,Notebook Ultrafino,Eletronicos,"R$ 3.598,67",1,Salvador/BA/Brasil,Boleto,Entregue
TRX0001911,PED001004,14/12/2024,CLI00286,Carregador Turbo,Acessorios,106.25,1,Curitiba/PR/Brasil,Cartao de Debito,Cancelado
TRX0001912,PED001005,2024-12-16,CLI00141,Liquidificador Potente,Casa,"R$ 233,47",1,Sao Paulo/SP/Brasil,Cartao de Credito,Entregue
TRX0001913,PED001005,16-12-2024,CLI00141,Notebook Gamer,Eletronicos,"R$ 4.710,95",1,Sao Paulo/SP/Brasil,Cartao de Credito,Entregue
TRX0001914,PED001005,2024-12-16,CLI00141,Hub USB-C,Acessorios,"131,35",1,Sao Paulo/SP/Brasil,Cartao de Credito,entregue
TRX0001915,PED001005,2024-12-16,CLI00141,Notebook Ultrafino,Eletronicos,"3.472,56",1,Sao Paulo/SP/Brasil,Cartao de Credito,entregue
TRX0001916,PED001006,01-12-2024,CLI00098,Teclado Mecanico,Acessorios,353.30,1,Rio de Janeiro/RJ/Brasil,Cartao de Credito,Entregue
TRX0001917,PED001007,28/12/2024,CLI00075,Vestido Midi,Moda,220.45,1,Campinas/SP/Brasil,Pix,Entregue
TRX0001918,PED001008,2024-12-12,CLI00486,Capa para Smartphone,acessorios,"R$ 47,48",4,Rio de Janeiro/RJ/Brasil,Cartao de Credito,Entregue
TRX0001919,PED001008,12/12/2024,CLI00486,Livro Dados em Acao,Livros,"94,59",1,Rio de Janeiro/RJ/Brasil,Cartao de Credito,Entregue
TRX0001920,PED001008,12/12/2024,CLI00486,Jogo de Panelas,Casa,"385,87",1,Rio de Janeiro/RJ/Brasil,Cartao de Credito,Entregue
TRX0001921,PED001009,2024-12-31,CLI00348,Aspirador Robo,Casa,1700.87,3,Uberlandia/MG/Brasil,Pix,Entregue
TRX0001922,PED001009,31/12/2024,CLI00348,Calca Jeans Reta,Moda,"R$ 195,76",2,Uberlandia/MG/Brasil,Pix,entregue
TRX0001923,PED001009,2024-12-31,CLI00348,Notebook Gamer,Eletronicos,"4.967,47",4,Uberlandia/MG/Brasil,Pix,Entregue
TRX0001924,PED001010,02-12-2024,CLI00538,Mochila para Notebook,Acessorios,"R$ 174,09",1,Sao Paulo/SP/Brasil,Cartao de Debito,Entregue
TRX0001925,PED001010,,CLI00538,Aspirador Robo,Casa,1513.02,1,Sao Paulo/SP/Brasil,Cartao de Debito,Entregue
TRX0001926,PED001011,2024-12-22,CLI00017,Tenis Corrida Leve,esporte,"R$ 330,51",1,Brasilia/DF/Brasil,Boleto,Entregue
TRX0001927,PED001011,2024-12-22,CLI00017,Headset Gamer,Acessorios,"R$ 266,48",2,Brasilia/DF/Brasil,Boleto,Entregue
TRX0001928,PED001011,22/12/2024,CLI00017,Camiseta Dry Fit,Esporte,"83,66",2,Brasilia/DF/Brasil,Boleto,Entregue
TRX0001929,PED001012,2024-12-23,CLI00512,Garrafa Termica,Esporte,"R$ 119,03",2,Rio de Janeiro/RJ/Brasil,Cartao de Debito,Entregue
TRX0001930,PED001012,2024-12-23,CLI00512,Hub USB-C,Acessórios,131.13,1,Rio de Janeiro/RJ/Brasil,Cartao de Debito,entregue
TRX0001931,PED001013,19-12-2024,CLI00500,Liquidificador Potente,Casa,"R$ 232,83",1,Recife/PE/Brasil,Pix,ENTREGUE
TRX0001932,PED001014,09-12-2024,CLI00541,Livro SQL Essencial,livros,75.18,1,Sao Paulo/SP/Brasil,Pix,Enviado
TRX0001933,PED001015,29/12/2024,CLI00537,Capa para Smartphone,Acessorios,48.39,2,Uberlandia/MG/Brasil,Pix,Entregue
TRX0001934,PED001015,2024-12-29,CLI00537,Calca Jeans Reta,Moda,"203,98",3,Uberlandia/MG/Brasil,Pix,ENTREGUE
TRX0001935,PED001016,2024-12-16,CLI00117,Tapete de Yoga,Esporte,145.76,1,Curitiba/PR/Brasil,Cartao de Credito,Entregue
TRX0001936,PED001016,2024-12-16,CLI00117,Halteres 10kg,Esporte,196.71,4,Curitiba/PR/Brasil,Cartao de Credito,Entregue
TRX0001937,PED001017,15/12/2024,CLI00009,Notebook Ultrafino,eletronicos,"R$ 3.524,63",1,Goiania/GO/Brasil,Pix,Entregue
TRX0001938,PED001017,15/12/2024,CLI00009,Mouse Sem Fio,Acessorios,"R$ 90,19",1,Goiania/GO/Brasil,Pix,Entregue
TRX0001939,PED001017,2024-12-15,CLI00009,Camisa Social Slim,Moda,"R$ 158,23",1,Goiania/GO/Brasil,Pix,Entregue
TRX0001940,PED001018,2024-12-09,CLI00348,Jaqueta Corta Vento,Moda,"R$ 288,64",1,Uberlandia/MG/Brasil,Boleto,Entregue
TRX0001941,PED001019,2024-12-06,CLI00521,Cafeteira Eletrica,CASA,283.70,1,Uberlandia/MG/Brasil,Pix,Entregue
TRX0000504,PED000280,06/09/2024,CLI00421,Notebook Gamer,Eletronicos,4946.74,1,Porto Alegre/RS/Brasil,Boleto,Entregue
TRX0001942,PED001020,2024-12-27,CLI00053,Livro Dados em Acao,Livros,"89,96",1,Rio de Janeiro/RJ/Brasil,Pix,Entregue
TRX0001943,PED001021,2024-12-19,CLI00293,Vestido Midi,Moda,"R$ 234,68",2,Florianopolis/SC/Brasil,Pix,Entregue
TRX0001944,PED001021,19/12/2024,CLI00293,Luminaria de Mesa,Casa,"R$ 139,51",1,Florianopolis/SC/Brasil,Pix,Entregue
TRX0001945,PED001021,2024-12-19,CLI00293,Mochila para Notebook,Acessorios,"R$ 184,45",1,Florianopolis/SC/Brasil,Pix,ENTREGUE
TRX0001946,PED001022,2024-12-05,CLI00053,Headset Gamer,Acessorios,275.14,1,Rio de Janeiro/RJ/Brasil,Cartao de Credito,ENTREGUE
TRX0001947,PED001022,05/12/2024,CLI00053,Garrafa Termica,Esporte,113.70,2,Rio de Janeiro/RJ/Brasil,Cartao de Credito,entregue
TRX0001948,PED001023,2025-01-20,CLI00547,Tablet 10,Eletronicos,1267.90,1,Sao Paulo/SP/Brasil,Boleto,Entregue
TRX0001949,PED001023,2025-01-20,CLI00547,Aspirador Robo,CASA,1714.83,1,Sao Paulo/SP/Brasil,Boleto,Entregue
TRX0001950,PED001024,2025-01-10,CLI00147,Tenis Corrida Leve,Esporte,354.71,1,Rio de Janeiro/RJ/Brasil,Boleto,Entregue
TRX0001951,PED001025,28-01-2025,CLI00538,Calca Jeans Reta,Moda,202.22,3,Sao Paulo/SP/Brasil,Cartao de Credito,Enviado
TRX0001952,PED001026,2025-01-28,CLI00338,Luminaria de Mesa,casa,"R$ 143,56",1,Belo Horizonte/MG/Brasil,Cartao de Credito,Entregue
TRX0001953,PED001027,06/01/2025,CLI00537,Jogo de Panelas,Casa,"397,80",1,Uberlandia/MG/Brasil,Pix,Cancelado
TRX0001954,PED001027,2025-01-06,CLI00537,Livro SQL Essencial,Livros,"R$ 83,21",0,Uberlandia/MG/Brasil,Pix,Cancelado
TRX0001955,PED001028,00/00/0000,CLI00500,Livro Historia do Brasil,Livros,70.19,1,Recife/PE/Brasil,Cartao de Credito,cancelado
TRX0001956,PED001028,2025-01-05,CLI00500,Camisa Social Slim,Moda,170.44,1,Recife/PE/Brasil,Cartao de Credito,Cancelado
TRX0001957,PED001028,2025-01-05,CLI00500,Tenis Corrida Leve,Esporte,"R$ 353,73",1,Recife/PE/Brasil,Cartao de Credito,Cancelado
TRX0001958,PED001028,2025-01-05,CLI00500,Luminaria de Mesa,Casa,136.45,1,Recife/PE/Brasil,Cartao de Credito,Cancelado
TRX0001959,PED001029,2025-01-11,CLI00497,Notebook Gamer,Eletronicos,"R$ 4.967,53",1,Rio de Janeiro/RJ/Brasil,Pix,Entregue
TRX0001960,PED001029,11/01/2025,CLI00497,Mochila para Notebook,Acessorios,"187,54",1,Rio de Janeiro/RJ/Brasil,Pix,Entregue
TRX0001961,PED001030,2025-01-22,CLI00218,Mochila para Notebook,Acessorios,191.78,1,Curitiba/PR/Brasil,Cartao de Credito,Entregue
TRX0001962,PED001030,2025-01-22,CLI00218,Teclado Mecanico,Acessorios,"R$ 348,62",1,Curitiba/PR/Brasil,Cartao de Credito,Entregue
TRX0001963,PED001030,22-01-2025,CLI00218,Mouse Sem Fio,Acessorios,"R$ 86,81",1,Curitiba/PR/Brasil,Cartao de Credito,Entregue
TRX0001964,PED001031,2025-01-30,CLI00159,Livro Historia do Brasil,Livros,"74,20",3,Recife/PE/Brasil,Cartao de Credito,entregue
TRX0001965,PED001031,2025-01-30,CLI00159,Carregador Turbo,Acessorios,"R$ 98,42",3,Recife/PE/Brasil,Cartao de Credito,entregue
TRX0001966,PED001031,30-01-2025,CLI00159,Calca Jeans Reta,Moda,"R$ 201,63",3,Recife/PE/Brasil,Cartao de Credito,Entregue
TRX0001967,PED001031,30/01/2025,CLI00159,Teclado Mecanico,Acessorios,"R$ 341,14",1,Recife/PE/Brasil,Cartao de Credito,Entregue
TRX0001968,PED001032,04-01-2025,CLI00293,Halteres 10kg,Esporte,"R$ 195,51",2,Florianopolis/SC/Brasil,Cartao de Credito,Entregue
TRX0001969,PED001032,04/01/2025,CLI00293,Notebook Gamer,Eletronicos,"R$ 5.069,68",1,Florianopolis/SC/Brasil,Cartao de Credito,Entregue
TRX0001970,PED001032,04-01-2025,CLI00293,Headset Gamer,Acessorios,"R$ 252,21",2,Florianopolis/SC/Brasil,Cartao de Credito,Entregue
TRX0001971,PED001032,04/01/2025,CLI00293,Camiseta Dry Fit,Esporte,80.40,2,Florianopolis/SC/Brasil,Cartao de Credito,Entregue
TRX0001972,PED001033,24/01/2025,CLI00631,Mouse Sem Fio,Acessorios,"89,86",1,Campinas/SP/Brasil,Boleto,Entregue
TRX0001973,PED001034,2025-01-27,CLI00450,Aspirador Robo,casa,"1.694,98",1,Sao Paulo/SP/Brasil,Cartao de Credito,Entregue
TRX0001974,PED001034,27-01-2025,CLI00450,Vestido Midi,Moda,221.04,1,Sao Paulo/SP/Brasil,Cartao de Credito,Entregue
TRX0001975,PED001034,2025-01-27,CLI00450,Luminaria de Mesa,Casa,"R$ 148,36",1,Sao Paulo/SP/Brasil,Cartao de Credito,Entregue
TRX0001976,PED001035,2025-01-18,CLI00371,Calca Jeans Reta,Moda,189.67,2,Fortaleza/CE/Brasil,Cartao de Credito,Entregue
TRX0001977,PED001036,26/01/2025,CLI00318,Mochila para Notebook,Acessorios,178.63,2,Rio de Janeiro/RJ/Brasil,Cartao de Credito,Entregue
TRX0001978,PED001036,2025-01-26,CLI00318,Notebook Gamer,Eletronicos,5182.58,1,Rio de Janeiro/RJ/Brasil,Cartao de Credito,ENTREGUE
TRX0001979,PED001036,2025-01-26,CLI00318,Livro Dados em Acao,Livros,92.00,4,Rio de Janeiro/RJ/Brasil,Cartao de Credito,Entregue
TRX0001980,PED001037,2025-01-04,CLI00606,Monitor 27,Eletronicos,"R$ 1.170,26",2,Sao Paulo/SP/Brasil,Cartao de Credito,Entregue
TRX0001981,PED001037,2025-01-04,CLI00606,Jogo de Panelas,Casa,"381,33",2,Sao Paulo/SP/Brasil,Cartao de Credito,Entregue
TRX0001982,PED001038,2025-01-07,CLI00146,Cafeteira Eletrica,Casa,"R$ 304,78",1,Uberlandia/MG/Brasil,Cartao de Debito,Enviado
TRX0001983,PED001039,27/01/2025,CLI00538,Livro Dados em Acao,Livros,90.02,2,Sao Paulo/SP/Brasil,Pix,Entregue
TRX0001984,PED001040,2025-01-01,CLI00577,Headset Gamer,Acessorios,"257,29",3,Rio de Janeiro/RJ/Brasil,Pix,Processando
TRX0001985,PED001041,18/01/2025,CLI00164,Smartphone X200,Eletronicos,2166.30,1,Curitiba/PR/Brasil,Cartao de Credito,Enviado
TRX0001986,PED001042,07/01/2025,CLI00435,Livro Dados em Acao,Livros,"90,91",1,Salvador/BA/Brasil,Cartao de Debito,entregue
TRX0001987,PED001042,2025-01-07,CLI00435,Calca Jeans Reta,MODA,196.56,3,Salvador/BA/Brasil,Cartao de Debito,entregue
TRX0001988,PED001042,07/01/2025,CLI00435,Cafeteira Eletrica,Casa,302.78,1,Salvador/BA/Brasil,Cartao de Debito,Entregue
TRX0001989,PED001043,2025-01-12,CLI00561,Garrafa Termica,Esporte,"R$ 120,89",1,Campinas/SP/Brasil,Cartao de Credito,Entregue
TRX0001990,PED001044,2025-01-15,CLI00179,Monitor 27,Eletronicos,"R$ 1.204,91",1,Sao Paulo/SP/Brasil,Boleto,Cancelado
TRX0001991,PED001044,2025-01-15,CLI00179,Camisa Social Slim,Moda,167.27,2,Sao Paulo/SP/Brasil,Boleto,Cancelado
TRX0001992,PED001045,2025-01-10,CLI00669,Cafeteira Eletrica,Casa,"R$ 299,58",1,Salvador/BA/Brasil,Pix,Entregue
TRX0001993,PED001046,2025-01-09,CLI00361,Jaqueta Corta Vento,Moda,"274,99",4,Santos/SP/Brasil,Pix,Enviado
TRX0001994,PED001047,14/01/2025,CLI00555,Smartphone X200,Eletronicos,"2.181,01",2,Porto Alegre/RS/Brasil,Cartao de Credito,Processando
TRX0001995,PED001048,2025-01-12,CLI00523,Notebook Ultrafino,Eletronicos,"R$ 3.705,72",4,Porto Alegre/RS/Brasil,Pix,Entregue
TRX0001996,PED001048,12-01-2025,CLI00523,Mouse Sem Fio,Acessorios,"R$ 90,97",4,Porto Alegre/RS/Brasil,Pix,Entregue
TRX0001997,PED001048,12/01/2025,CLI00523,Hub USB-C,acessorios,129.45,1,Porto Alegre/RS/Brasil,Pix,Entregue
TRX0001998,PED001049,2025-01-17,CLI00134,Tapete de Yoga,Esporte,"R$ 147,66",1,Porto Alegre/RS/Brasil,Pix,Entregue
TRX0001999,PED001049,2025-01-17,CLI00134,Halteres 10kg,ESPORTE,196.21,1,Porto Alegre/RS/Brasil,Pix,Entregue
TRX0002000,PED001050,2025-01-31,CLI00413,Vestido Midi,Moda,217.87,1,Rio de Janeiro/RJ/Brasil,Cartao de Debito,Entregue
TRX0002001,PED001050,2025-01-31,CLI00413,Livro Dados em Acao,Livros,"89,95",1,Rio de Janeiro/RJ/Brasil,Cartao de Debito,Entregue
TRX0002002,PED001051,13-01-2025,CLI00014,Jogo de Panelas,Casa,"R$ 389,87",3,Curitiba/PR/Brasil,Cartao de Debito,Entregue
TRX0002003,PED001051,2025-01-13,CLI00014,Camiseta Dry Fit,Esporte,"R$ 80,68",1,Curitiba/PR/Brasil,Cartao de Debito,Entregue
TRX0002004,PED001051,13/01/2025,CLI00014,Jaqueta Corta Vento,MODA,"R$ 285,75",1,Curitiba/PR/Brasil,Cartao de Debito,Entregue
TRX0002005,PED001052,21-01-2025,CLI00574,Jogo de Panelas,Casa,"R$ 422,32",1,Uberlandia/MG/Brasil,Pix,cancelado
TRX0002006,PED001053,2025-01-06,CLI00500,Tenis Corrida Leve,Esporte,"334,23",2,Recife/PE/Brasil,Pix,Entregue
TRX0002007,PED001054,2025-01-09,CLI00199,Luminaria de Mesa,Casa,"144,25",4,Brasilia/DF/Brasil,Cartao de Credito,Entregue
TRX0002008,PED001054,2025-01-09,CLI00199,Camiseta Dry Fit,Esporte,"75,99",1,Brasilia/DF/Brasil,Cartao de Credito,Entregue
TRX0002009,PED001055,21/01/2025,CLI00129,Camiseta Dry Fit,Esporte,"R$ 81,64",1,Florianopolis/SC/Brasil,Cartao de Credito,Entregue
TRX0002010,PED001055,2025-01-21,CLI00129,Mouse Sem Fio,Acessorios,"R$ 95,13",1,Florianopolis/SC/Brasil,Cartao de Credito,Entregue
TRX0002011,PED001055,2025-01-21,CLI00129,Mochila para Notebook,Acessorios,"179,61",-1,Florianopolis/SC/Brasil,Cartao de Credito,Entregue
TRX0002012,PED001055,21/01/2025,CLI00129,Cafeteira Eletrica,Casa,"302,18",2,Florianopolis/SC/Brasil,Cartao de Credito,Entregue
TRX0002013,PED001056,28-01-2025,CLI00547,Teclado Mecanico,Acessorios,"R$ 357,12",1,Sao Paulo/SP/Brasil,Pix,Cancelado
TRX0002014,PED001057,10/01/2025,CLI00502,Livro Historia do Brasil,livros,"R$ 71,85",1,Belo Horizonte/MG/Brasil,Pix,Entregue
TRX0002015,PED001057,2025-01-10,CLI00502,Jaqueta Corta Vento,Moda,"263,88",1,Belo Horizonte/MG/Brasil,Pix,Entregue
TRX0002016,PED001058,2025-01-31,CLI00286,Camiseta Dry Fit,Esporte,"R$ 83,96",1,Curitiba/PR/Brasil,Cartao de Credito,ENTREGUE
TRX0002017,PED001058,31/01/2025,CLI00286,Livro SQL Essencial,Livros,79.14,4,Curitiba/PR/Brasil,Cartao de Credito,Entregue
TRX0002018,PED001058,2025-01-31,CLI00286,Capa para Smartphone,Acessorios,"R$ 49,19",1,Curitiba/PR/Brasil,Cartao de Credito,Entregue
TRX0002019,PED001058,2025-01-31,CLI00286,Luminaria de Mesa,casa,"R$ 141,60",1,Curitiba/PR/Brasil,Cartao de Credito,Entregue
TRX0002020,PED001058,2025-01-31,CLI00286,Halteres 10kg,Esporte,"R$ 181,76",1,Curitiba/PR/Brasil,Cartao de Credito,Entregue
TRX0002973,PED001578,2025-04-29,CLI00500,Aspirador Robo,CASA,"R$ 1.616,62",1,Recife/PE/Brasil,Pix,Entregue
TRX0002021,PED001059,02/01/2025,,Camisa Social Slim,Moda,"R$ 166,63",0,Campinas/SP/Brasil,Boleto,Cancelado
TRX0002022,PED001059,2025-01-02,CLI00515,Hub USB-C,Acessorios,"130,74",1,Campinas/SP/Brasil,Boleto,Cancelado
TRX0002023,PED001060,24/01/2025,CLI00170,Teclado Mecanico,Acessorios,"355,51",1,Belo Horizonte/MG/Brasil,Cartao de Credito,Entregue
TRX0002024,PED001061,21/01/2025,CLI00062,Mouse Sem Fio,Acessorios,90.45,2,Curitiba/PR/Brasil,Cartao de Credito,entregue
TRX0002025,PED001061,21/01/2025,CLI00062,Livro SQL Essencial,Livros,83.11,1,Curitiba/PR/Brasil,Cartao de Credito,Entregue
TRX0002026,PED001062,22/01/2025,CLI00461,Camisa Social Slim,Moda,"R$ 163,09",-2,Porto Alegre/RS/Brasil,Cartao de Credito,Enviado
TRX0002027,PED001062,22/01/2025,CLI00461,Hub USB-C,ACESSORIOS,136.39,1,Porto Alegre/RS/Brasil,Cartao de Credito,Enviado
TRX0002028,PED001062,22/01/2025,CLI00461,Tablet 10,Eletronicos,1309.23,2,Porto Alegre/RS/Brasil,Cartao de Credito,Enviado
TRX0002029,PED001062,2025-01-22,CLI00461,Vestido Midi,moda,"217,14",2,Porto Alegre/RS/Brasil,Cartao de Credito,Enviado
TRX0002030,PED001063,18-01-2025,CLI00355,Monitor 27,Eletronicos,"1.186,68",3,Sao Paulo/SP/Brasil,Cartao de Credito,Processando
TRX0002031,PED001063,2025-01-18,CLI00355,Vestido Midi,Moda,"R$ 219,62",2,Sao Paulo/SP/Brasil,Cartao de Credito,Processando
TRX0002032,PED001063,18/01/2025,CLI00355,Tablet 10,Eletronicos,"1.225,61",1,Sao Paulo/SP/Brasil,Cartao de Credito,Processando
TRX0002033,PED001063,2025-01-18,CLI00355,Calca Jeans Reta,moda,"R$ 200,38",1,Sao Paulo/SP/Brasil,Cartao de Credito,Processando
TRX0002034,PED001064,2025-01-18,CLI00095,Tapete de Yoga,Esporte,147.73,2,Belo Horizonte/MG/Brasil,Pix,Entregue
TRX0002035,PED001065,2025-01-15,CLI00413,Carregador Turbo,Acessorios,"R$ 104,32",1,Rio de Janeiro/RJ/Brasil,Cartao de Credito,Entregue
TRX0002036,PED001065,2025-01-15,CLI00413,Livro Dados em Acao,Livros,"88,80",1,Rio de Janeiro/RJ/Brasil,Cartao de Credito,Entregue
TRX0002037,PED001066,2025-01-11,CLI00365,Garrafa Termica,Esporte,"R$ 116,05",1,Uberlandia/MG/Brasil,Cartao de Credito,Entregue
TRX0002038,PED001066,2025-01-11,CLI00365,Calca Jeans Reta,Moda,"198,53",3,Uberlandia/MG/Brasil,Cartao de Credito,Entregue
TRX0002039,PED001066,2025-01-11,CLI00365,Jogo de Panelas,Casa,406.37,1,Uberlandia/MG/Brasil,Cartao de Credito,Entregue
TRX0002040,PED001067,2025-01-24,CLI00125,Camisa Social Slim,Moda,"163,56",1,Sao Paulo/SP/Brasil,Cartao de Credito,Devolvido
TRX0002041,PED001067,2025-01-24,CLI00125,Hub USB-C,Acessórios,"R$ 137,31",1,Sao Paulo/SP/Brasil,Cartao de Credito,Devolvido
TRX0002042,PED001067,2025-01-24,CLI00125,Notebook Ultrafino,Eletronicos,"R$ 3.711,39",1,Sao Paulo/SP/Brasil,Cartao de Credito,Devolvido
TRX0002043,PED001068,2025-01-04,CLI00215,Camiseta Dry Fit,ESPORTE,"83,37",2,Porto Alegre/RS/Brasil,Pix,Devolvido
TRX0002044,PED001068,04-01-2025,CLI00215,Notebook Ultrafino,Eletronicos,"R$ 3.329,37",1,Porto Alegre/RS/Brasil,Pix,Devolvido
TRX0002045,PED001069,27/01/2025,CLI00551,Capa para Smartphone,Acessorios,50.96,1,Belo Horizonte/MG/Brasil,Pix,Processando
TRX0002046,PED001070,01/01/2025,CLI00523,Smart TV 50,Eletronicos,"R$ 2.503,56",1,Porto Alegre/RS/Brasil,Pix,PROCESSANDO
TRX0002047,PED001071,28/01/2025,CLI00026,Garrafa Termica,Esporte,"R$ 117,32",1,Brasilia/DF/Brasil,Boleto,Entregue
TRX0002048,PED001071,2025-01-28,CLI00026,Jaqueta Corta Vento,Moda,,1,Brasilia/DF/Brasil,Boleto,Entregue
TRX0002049,PED001072,2025-01-11,CLI00046,Camisa Social Slim,Moda,"159,04",1,Porto Alegre/RS/Brasil,Cartao de Credito,Entregue
TRX0002050,PED001073,18-01-2025,CLI00064,Cafeteira Eletrica,Casa,"R$ 308,11",3,Sao Paulo/SP/Brasil,Cartao de Credito,Entregue
TRX0002051,PED001074,2025-01-25,CLI00251,Tablet 10,Eletronicos,1298.30,4,Recife/PE/Brasil,Pix,Devolvido
TRX0002052,PED001074,2025-01-25,CLI00251,Smart TV 50,Eletronicos,"R$ 2.785,65",1,Recife/PE/Brasil,Pix,Devolvido
TRX0002053,PED001075,2025-01-13,CLI00451,Livro Dados em Acao,Livros,"R$ 93,97",1,Curitiba/PR/Brasil,Boleto,Cancelado
TRX0002054,PED001075,13/01/2025,CLI00451,Tenis Corrida Leve,esporte,"338,47",1,Curitiba/PR/Brasil,Boleto,Cancelado
TRX0002055,PED001075,2025-01-13,CLI00451,Jaqueta Corta Vento,Moda,"R$ 274,57",1,Curitiba/PR/Brasil,Boleto,Cancelado
TRX0002056,PED001076,15-01-2025,CLI00173,Livro Dados em Acao,Livros,"R$ 95,27",2,Sao Paulo/SP/Brasil,Cartao de Credito,Enviado
TRX0002057,PED001077,12/01/2025,CLI00301,Notebook Gamer,Eletronicos,"4.913,72",1,Sao Paulo/SP/Brasil,Pix,Entregue
TRX0002058,PED001077,2025-01-12,CLI00301,Mochila para Notebook,Acessorios,"R$ 185,05",2,Sao Paulo/SP/Brasil,Pix,Entregue
TRX0002059,PED001077,2025-01-12,CLI00301,Headset Gamer,Acessorios,"R$ 279,70",1,Sao Paulo/SP/Brasil,Pix,ENTREGUE
TRX0002060,PED001077,2025-01-12,CLI00301,Tablet 10,Eletronicos,"R$ 1.239,66",1,Sao Paulo/SP/Brasil,Pix,Entregue
TRX0002061,PED001078,2025-01-21,CLI00024,Headset Gamer,Acessorios,"R$ 271,31",1,Sao Paulo/SP/Brasil,Cartao de Credito,Entregue
TRX0002062,PED001079,2025-01-10,CLI00355,Teclado Mecanico,Acessórios,"370,88",1,Sao Paulo/SP/Brasil,Cartao de Credito,Enviado
TRX0002063,PED001080,08/01/2025,CLI00448,Smartphone X200,Eletronicos,2158.06,2,Florianopolis/SC/Brasil,Cartao de Debito,Entregue
TRX0002064,PED001081,2025-01-16,CLI00233,Teclado Mecanico,acessorios,361.85,1,Sao Paulo/SP/Brasil,Cartao de Credito,Entregue
TRX0002065,PED001082,2025-01-01,CLI00585,Mouse Sem Fio,Acessorios,"94,37",2,Fortaleza/CE/Brasil,Cartao de Credito,Processando
TRX0002066,PED001082,2025-01-01,CLI00585,Livro Historia do Brasil,Livros,72.16,1,Fortaleza/CE/Brasil,Cartao de Credito,Processando
TRX0002067,PED001082,01-01-2025,CLI00585,Vestido Midi,Moda,223.43,1,Fortaleza/CE/Brasil,Cartao de Credito,Processando
TRX0002068,PED001083,06/01/2025,CLI00494,Jogo de Panelas,Casa,383.06,1,Sao Paulo/SP/Brasil,Cartao de Credito,Entregue
TRX0002069,PED001083,06-01-2025,CLI00494,Notebook Gamer,Eletronicos,5167.50,1,Sao Paulo/SP/Brasil,Cartao de Credito,Entregue
TRX0002070,PED001084,2025-01-15,CLI00048,Camisa Social Slim,Moda,166.97,1,Salvador/BA/Brasil,Pix,Entregue
TRX0002071,PED001084,15/01/2025,CLI00048,Smart TV 50,Eletronicos,"R$ 2.495,00",1,Salvador/BA/Brasil,Pix,Entregue
TRX0002072,PED001085,2025-01-16,CLI00474,Teclado Mecanico,Acessorios,"364,76",2,Curitiba/PR/Brasil,Pix,Entregue
TRX0002073,PED001086,12/01/2025,CLI00683,Carregador Turbo,Acessorios,101.99,1,Salvador/BA/Brasil,Cartao de Credito,Entregue
TRX0002074,PED001086,12/01/2025,CLI00683,Calca Jeans Reta,Moda,"191,03",1,Salvador/BA/Brasil,Cartao de Credito,Entregue
TRX0002075,PED001087,2025-01-17,CLI00187,Carregador Turbo,Acessorios,"R$ 102,84",1,Brasilia/DF/Brasil,Cartao de Debito,CANCELADO
TRX0002076,PED001087,2025-01-17,CLI00187,Cafeteira Eletrica,Casa,309.46,1,Brasilia/DF/Brasil,Cartao de Debito,Cancelado
TRX0002077,PED001088,,CLI00369,Mochila para Notebook,Acessorios,"177,18",1,Uberlandia/MG/Brasil,Cartao de Credito,Enviado
TRX0002078,PED001089,02-01-2025,CLI00577,Vestido Midi,Moda,"219,86",2,Rio de Janeiro/RJ/Brasil,Cartao de Credito,Entregue
TRX0002079,PED001089,02/01/2025,CLI00577,Luminaria de Mesa,Casa,"R$ 136,63",1,Rio de Janeiro/RJ/Brasil,Cartao de Credito,Entregue
TRX0002080,PED001090,12/01/2025,CLI00194,Luminaria de Mesa,Casa,"R$ 133,47",1,Fortaleza/CE/Brasil,Cartao de Credito,Entregue
TRX0002081,PED001091,2025-01-05,CLI00449,Camisa Social Slim,Moda,"R$ 159,26",2,Rio de Janeiro/RJ/Brasil,Pix,Cancelado
TRX0002082,PED001091,2025-01-05,CLI00449,Notebook Ultrafino,Eletronicos,3709.88,1,Rio de Janeiro/RJ/Brasil,Pix,Cancelado
TRX0002083,PED001092,19-01-2025,CLI00411,Notebook Ultrafino,Eletronicos,"3.370,48",1,Sao Paulo/SP/Brasil,Boleto,Entregue
TRX0002084,PED001093,2025-01-11,CLI00451,Smart TV 50,Eletronicos,"2.759,67",2,Curitiba/PR/Brasil,Pix,Entregue
TRX0002085,PED001093,2025-01-11,CLI00451,Luminaria de Mesa,Casa,"136,20",2,Curitiba/PR/Brasil,Pix,entregue
TRX0005178,PED002749,19-11-2025,CLI00637,Tenis Corrida Leve,Esporte,"338,41",1,Porto Alegre/RS/Brasil,Cartao de Credito,Entregue
TRX0002086,PED001094,28/01/2025,CLI00314,Monitor 27,Eletronicos,"R$ 1.209,90",3,Sao Paulo/SP/Brasil,Pix,Entregue
TRX0002087,PED001095,2025-01-29,CLI00044,Livro Historia do Brasil,Livros,67.41,1,Sao Paulo/SP/Brasil,Cartao de Credito,Entregue
TRX0002088,PED001095,2025-01-29,CLI00044,Monitor 27,Eletronicos,"R$ 1.101,46",1,Sao Paulo/SP/Brasil,Cartao de Credito,Entregue
TRX0002495,PED001320,2025-03-19,CLI00427,Carregador Turbo,Acessorios,"R$ 102,51",1,Rio de Janeiro/RJ/Brasil,Cartao de Credito,Entregue
TRX0002089,PED001095,2025-01-29,CLI00044,Jaqueta Corta Vento,Moda,"R$ 288,52",1,Sao Paulo/SP/Brasil,Cartao de Credito,Aguardando pagamento
TRX0002090,PED001096,2025-01-31,CLI00540,Capa para Smartphone,Acessorios,"R$ 50,94",1,Porto Alegre/RS/Brasil,Cartao de Credito,Entregue
TRX0002091,PED001096,2025-01-31,CLI00540,Camisa Social Slim,Moda,"R$ 165,32",3,Porto Alegre/RS/Brasil,Cartao de Credito,Entregue
TRX0002092,PED001096,2025-01-31,CLI00540,Headset Gamer,Acessorios,"266,59",1,Porto Alegre/RS/Brasil,Cartao de Credito,Entregue
TRX0002093,PED001097,2025-01-16,CLI00164,Smart TV 50,Eletronicos,"R$ 2.685,90",1,Curitiba/PR/Brasil,Pix,entregue
TRX0002094,PED001097,2025-01-16,CLI00164,Calca Jeans Reta,Moda,"R$ 179,96",1,Curitiba/PR/Brasil,Pix,Entregue
TRX0003868,PED002061,04/07/2025,CLI00464,Tenis Corrida Leve,Esporte,337.78,1,Porto Alegre/RS/Brasil,Cartao de Debito,Entregue
TRX0002095,PED001097,2025-01-16,CLI00164,Teclado Mecanico,Acessorios,341.05,1,Curitiba/PR/Brasil,Pix,Entregue
TRX0002096,PED001098,07-01-2025,CLI00310,Luminaria de Mesa,Casa,"137,24",2,Recife/PE/Brasil,Boleto,Entregue
TRX0002097,PED001099,29/01/2025,CLI00136,Jaqueta Corta Vento,Moda,"286,64",-2,Curitiba/PR/Brasil,Cartao de Debito,Entregue
TRX0002098,PED001099,29-01-2025,CLI00136,Smart TV 50,Eletronicos,"R$ 2.683,11",1,Curitiba/PR/Brasil,Cartao de Debito,Entregue
TRX0002099,PED001099,2025-01-29,CLI00136,Livro SQL Essencial,LIVROS,76.15,1,Curitiba/PR/Brasil,Cartao de Debito,Entregue
TRX0002100,PED001100,21-01-2025,CLI00435,Mochila para Notebook,Acessórios,186.04,1,Salvador/BA/Brasil,Cartao de Credito,Entregue
TRX0002101,PED001100,2025-01-21,CLI00435,Smartphone X200,Eletronicos,2274.00,1,Salvador/BA/Brasil,Cartao de Credito,Entregue
TRX0002102,PED001100,2025-01-21,CLI00435,Smart TV 50,eletronicos,2658.92,1,Salvador/BA/Brasil,Cartao de Credito,entregue
TRX0002103,PED001100,21-01-2025,CLI00435,Jogo de Panelas,Casa,391.12,2,Salvador/BA/Brasil,Cartao de Credito,Entregue
TRX0002104,PED001101,31/01/2025,CLI00338,Halteres 10kg,Esporte,187.76,2,Belo Horizonte/MG/Brasil,Cartao de Debito,Entregue
TRX0002105,PED001102,2025-01-07,CLI00316,Calca Jeans Reta,Moda,"R$ 196,11",2,Salvador/BA/Brasil,Cartao de Credito,Entregue
TRX0002106,PED001102,07-01-2025,CLI00316,Luminaria de Mesa,Casa,"138,72",3,Salvador/BA/Brasil,Cartao de Credito,Entregue
TRX0002107,PED001103,2025-01-29,CLI00361,Tenis Corrida Leve,Esporte,"315,70",1,Santos/SP/Brasil,Pix,Entregue
TRX0002108,PED001104,2025-01-09,CLI00207,Livro Dados em Acao,Livros,91.23,1,Recife/PE/Brasil,Cartao de Credito,Entregue
TRX0002109,PED001104,2025-01-09,CLI00207,Tenis Corrida Leve,Esporte,349.11,1,Recife/PE/Brasil,Cartao de Credito,Entregue
TRX0002110,PED001105,2025-01-13,CLI00435,Cafeteira Eletrica,Casa,286.45,1,Salvador/BA/Brasil,Cartao de Credito,Entregue
TRX0002111,PED001106,27/01/2025,CLI00153,Livro SQL Essencial,Livros,"R$ 81,70",1,Belo Horizonte/MG/Brasil,Cartao de Debito,Entregue
TRX0002112,PED001107,2025-01-10,CLI00461,Aspirador Robo,casa,1634.27,1,Porto Alegre/RS/Brasil,Pix,Cancelado
TRX0002113,PED001108,16/01/2025,CLI00365,Headset Gamer,acessorios,"267,85",2,Uberlandia/MG/Brasil,Boleto,Entregue
TRX0002114,PED001108,2025-01-16,CLI00365,Livro Dados em Acao,livros,"R$ 88,47",1,Uberlandia/MG/Brasil,Boleto,Entregue
TRX0002115,PED001108,16/01/2025,CLI00365,Notebook Ultrafino,Eletronicos,3568.26,1,Uberlandia/MG/Brasil,Boleto,Entregue
TRX0002116,PED001109,16-01-2025,CLI00053,Livro Historia do Brasil,Livros,70.85,2,Rio de Janeiro/RJ/Brasil,Pix,Entregue
TRX0002117,PED001109,16/01/2025,CLI00053,Luminaria de Mesa,Casa,"R$ 140,28",1,Rio de Janeiro/RJ/Brasil,Pix,Entregue
TRX0002118,PED001110,2025-01-11,CLI00117,Camiseta Dry Fit,Esporte,"85,97",2,Curitiba/PR/Brasil,Cartao de Credito,Entregue
TRX0002119,PED001111,25/01/2025,CLI00551,Livro Dados em Acao,Livros,"89,14",2,Belo Horizonte/MG/Brasil,Cartao de Credito,Entregue
TRX0002120,PED001112,2025-01-28,CLI00115,Jogo de Panelas,CASA,"R$ 391,87",1,Porto Alegre/RS/Brasil,Cartao de Credito,Entregue
TRX0002121,PED001112,28/01/2025,CLI00115,Halteres 10kg,Esporte,"193,87",2,Porto Alegre/RS/Brasil,Cartao de Credito,Entregue
TRX0002122,PED001113,2025-01-23,CLI00480,Livro Dados em Acao,Livros,87.66,1,Porto Alegre/RS/Brasil,Pix,Entregue
TRX0002123,PED001114,2025-01-10,CLI00272,Livro Dados em Acao,Livros,85.81,1,Campinas/SP/Brasil,Cartao de Credito,CANCELADO
TRX0002124,PED001115,2025-01-19,CLI00480,Camiseta Dry Fit,esporte,"81,78",1,Porto Alegre/RS/Brasil,Pix,Entregue
TRX0002125,PED001115,2025-01-19,CLI00480,Jogo de Panelas,CASA,"391,40",1,Porto Alegre/RS/Brasil,Pix,Entregue
TRX0002126,PED001116,2025-01-10,CLI00541,Hub USB-C,Acessorios,"125,63",1,Sao Paulo/SP/Brasil,Pix,Entregue
TRX0002127,PED001116,10-01-2025,CLI00541,Camisa Social Slim,Moda,159.35,1,Sao Paulo/SP/Brasil,Pix,Entregue
TRX0002128,PED001117,2025-01-08,CLI00449,Liquidificador Potente,CASA,"232,60",1,Rio de Janeiro/RJ/Brasil,Cartao de Debito,Entregue
TRX0002129,PED001117,2025-01-08,CLI00449,Smartphone X200,Eletronicos,"2.345,87",1,Rio de Janeiro/RJ/Brasil,Cartao de Debito,Entregue
TRX0002130,PED001118,2025-01-09,CLI00080,Aspirador Robo,Casa,1513.87,1,Belo Horizonte/MG/Brasil,Cartao de Debito,Entregue
TRX0002131,PED001118,09-01-2025,CLI00080,Smart TV 50,Eletronicos,"R$ 2.662,75",1,Belo Horizonte/MG/Brasil,Cartao de Debito,Entregue
TRX0002132,PED001118,09-01-2025,CLI00080,Carregador Turbo,Acessorios,"R$ 101,50",2,Belo Horizonte/MG/Brasil,Cartao de Debito,Entregue
TRX0002133,PED001118,,CLI00080,Notebook Gamer,eletronicos,5093.57,1,Belo Horizonte/MG/Brasil,Cartao de Debito,Entregue
TRX0002134,PED001118,2025-01-09,CLI00080,Tapete de Yoga,ESPORTE,156.78,2,Belo Horizonte/MG/Brasil,Cartao de Debito,Entregue
TRX0002135,PED001119,2025-01-23,CLI00413,Tapete de Yoga,Esporte,"149,16",1,Rio de Janeiro/RJ/Brasil,Cartao de Credito,Entregue
TRX0002136,PED001120,29-01-2025,CLI00596,Hub USB-C,Acessorios,"R$ 133,43",1,Rio de Janeiro/RJ/Brasil,Pix,Entregue
TRX0002137,PED001121,2025-01-29,CLI00424,Camiseta Dry Fit,Esporte,"R$ 78,32",2,Rio de Janeiro/RJ/Brasil,Pix,Entregue
TRX0002138,PED001121,29-01-2025,CLI00424,Monitor 27,Eletronicos,"1.209,58",1,Rio de Janeiro/RJ/Brasil,Pix,Entregue
TRX0002139,PED001122,03/01/2025,CLI00235,Luminaria de Mesa,Casa,144.86,1,Curitiba/PR/Brasil,Cartao de Debito,Entregue
TRX0002140,PED001123,2025-01-13,CLI00650,Carregador Turbo,Acessorios,99.08,1,Belo Horizonte/MG/Brasil,Pix,Entregue
TRX0002141,PED001124,28/01/2025,CLI00480,Liquidificador Potente,Casa,226.09,1,Porto Alegre/RS/Brasil,Cartao de Credito,Entregue
TRX0002142,PED001124,2025-01-28,CLI00480,Headset Gamer,Acessorios,273.70,1,Porto Alegre/RS/Brasil,Cartao de Credito,Entregue
TRX0002143,PED001125,2025-01-17,CLI00537,Livro SQL Essencial,Livros,"R$ 77,65",1,Uberlandia/MG/Brasil,Cartao de Credito,Entregue
TRX0002144,PED001125,17-01-2025,CLI00537,Mochila para Notebook,Acessórios,"176,81",1,Uberlandia/MG/Brasil,Cartao de Credito,Entregue
TRX0002145,PED001125,17-01-2025,CLI00537,Garrafa Termica,Esporte,125.16,1,Uberlandia/MG/Brasil,Cartao de Credito,Entregue
TRX0002146,PED001125,2025-01-17,CLI00537,Jogo de Panelas,CASA,385.17,1,Uberlandia/MG/Brasil,Cartao de Credito,entregue
TRX0002147,PED001126,2025-01-10,CLI00176,Luminaria de Mesa,Casa,"136,41",2,Belo Horizonte/MG/Brasil,Pix,Entregue
TRX0002148,PED001127,2025-01-30,CLI00014,Tapete de Yoga,Esporte,"R$ 145,84",1,Curitiba/PR/Brasil,Pix,Processando
TRX0002149,PED001128,17/01/2025,CLI00113,Vestido Midi,MODA,"R$ 217,08",3,Salvador/BA/Brasil,Pix,Entregue
TRX0002150,PED001128,2025-01-17,CLI00113,Camiseta Dry Fit,esporte,"R$ 77,76",1,Salvador/BA/Brasil,Pix,Entregue
TRX0002151,PED001129,05/01/2025,CLI00486,Jogo de Panelas,Casa,"R$ 410,57",1,Rio de Janeiro/RJ/Brasil,Cartao de Credito,Entregue
TRX0002152,PED001130,2025-01-17,CLI00188,Smart TV 50,Eletronicos,"R$ 2.687,60",1,Curitiba/PR/Brasil,Pix,Enviado
TRX0002153,PED001130,17/01/2025,CLI00188,Livro Historia do Brasil,livros,"R$ 72,83",1,Curitiba/PR/Brasil,Pix,Enviado
TRX0002154,PED001130,17/01/2025,CLI00188,Aspirador Robo,Casa,"1.646,75",1,Curitiba/PR/Brasil,Pix,ENVIADO
TRX0002155,PED001131,22/01/2025,CLI00594,Halteres 10kg,Esporte,"203,47",1,Niteroi/RJ/Brasil,Pix,Cancelado
TRX0002156,PED001132,2025-01-29,CLI00395,Notebook Ultrafino,Eletronicos,3580.86,1,Rio de Janeiro/RJ/Brasil,Pix,Entregue
TRX0002157,PED001132,29-01-2025,CLI00395,Monitor 27,ELETRONICOS,"R$ 1.112,76",1,Rio de Janeiro/RJ/Brasil,Pix,Entregue
TRX0002158,PED001133,2025-01-08,CLI00599,Jogo de Panelas,Casa,"383,14",1,Sao Paulo/SP/Brasil,Cartao de Debito,Devolvido
TRX0002159,PED001133,2025-01-08,CLI00599,Jaqueta Corta Vento,MODA,"275,47",2,Sao Paulo/SP/Brasil,Cartao de Debito,Devolvido
TRX0002160,PED001134,2025-01-07,CLI00464,Camiseta Dry Fit,Esporte,"76,17",1,Porto Alegre/RS/Brasil,Cartao de Credito,Entregue
TRX0002161,PED001135,2025-01-10,CLI00203,Mouse Sem Fio,Acessorios,"R$ 96,20",3,Campinas/SP/Brasil,Cartao de Credito,Entregue
TRX0002162,PED001136,2025-01-27,CLI00417,Tenis Corrida Leve,Esporte,"337,76",1,Sao Paulo/SP/Brasil,Pix,Entregue
TRX0002163,PED001137,17-01-2025,CLI00291,Notebook Gamer,eletronicos,"5.026,97",1,Rio de Janeiro/RJ/Brasil,Boleto,Cancelado
TRX0002164,PED001138,2025-01-22,CLI00355,Calca Jeans Reta,MODA,186.53,1,Sao Paulo/SP/Brasil,Cartao de Credito,Entregue
TRX0002165,PED001138,2025-01-22,CLI00355,Notebook Gamer,Eletronicos,"R$ 4.882,08",1,Sao Paulo/SP/Brasil,Cartao de Credito,Entregue
TRX0002166,PED001139,2025-01-06,CLI00320,Cafeteira Eletrica,Casa,280.15,1,Brasilia/DF/Brasil,Cartao de Debito,Entregue
TRX0002167,PED001140,28/01/2025,CLI00218,Capa para Smartphone,Acessorios,"R$ 47,82",4,Curitiba/PR/Brasil,Cartao de Credito,Entregue
TRX0002168,PED001140,2025-01-28,CLI00218,Jogo de Panelas,Casa,"424,55",4,Curitiba/PR/Brasil,Cartao de Credito,Entregue
TRX0002169,PED001141,09-01-2025,CLI00132,Capa para Smartphone,acessorios,"47,50",2,Sao Paulo/SP/Brasil,Pix,Cancelado
TRX0002170,PED001142,19/01/2025,CLI00577,Tapete de Yoga,Esporte,"R$ 143,87",1,Rio de Janeiro/RJ/Brasil,Pix,Entregue
TRX0002171,PED001142,19/01/2025,CLI00577,Hub USB-C,Acessorios,128.59,-1,Rio de Janeiro/RJ/Brasil,Pix,Entregue
TRX0002172,PED001143,2025-01-27,CLI00262,Luminaria de Mesa,Casa,144.68,1,Rio de Janeiro/RJ/Brasil,Cartao de Credito,Entregue
TRX0002173,PED001143,2025-01-27,CLI00262,Livro Historia do Brasil,Livros,66.65,1,Rio de Janeiro/RJ/Brasil,Cartao de Credito,Entregue
TRX0002174,PED001143,2025-01-27,CLI00262,Mochila para Notebook,Acessorios,"R$ 177,75",1,Rio de Janeiro/RJ/Brasil,Cartao de Credito,Entregue
TRX0002175,PED001144,14/01/2025,CLI00421,Notebook Gamer,Eletronicos,5047.71,1,Porto Alegre/RS/Brasil,Cartao de Debito,Entregue
TRX0002176,PED001144,2025-01-14,CLI00421,Mochila para Notebook,acessorios,174.72,1,Porto Alegre/RS/Brasil,Cartao de Debito,Entregue
TRX0002177,PED001144,14-01-2025,CLI00421,Headset Gamer,Acessorios,"258,61",1,Porto Alegre/RS/Brasil,Cartao de Debito,Entregue
TRX0002178,PED001144,14-01-2025,CLI00421,Camisa Social Slim,Moda,158.41,1,Porto Alegre/RS/Brasil,Cartao de Debito,Entregue
TRX0002179,PED001144,2025-01-14,CLI00421,Mouse Sem Fio,Acessorios,"R$ 94,01",1,Porto Alegre/RS/Brasil,Cartao de Debito,Entregue
TRX0002180,PED001145,23/01/2025,CLI00168,Livro SQL Essencial,Livros,76.60,1,Salvador/BA/Brasil,Cartao de Credito,Entregue
TRX0002181,PED001145,2025-01-23,CLI00168,Calca Jeans Reta,MODA,"R$ 198,25",1,Salvador/BA/Brasil,Cartao de Credito,Entregue
TRX0002182,PED001145,23/01/2025,CLI00168,Aspirador Robo,Casa,"R$ 1.589,84",1,Salvador/BA/Brasil,Cartao de Credito,Entregue
TRX0002183,PED001146,2025-01-25,CLI00433,Camisa Social Slim,Moda,"159,93",1,Uberlandia/MG/Brasil,Cartao de Credito,Cancelado
TRX0002184,PED001147,22/01/2025,CLI00137,Livro Historia do Brasil,Livros,"R$ 66,68",2,Brasilia/DF/Brasil,Cartao de Credito,Entregue
TRX0002185,PED001148,2025-01-03,CLI00496,Tapete de Yoga,Esporte,156.08,1,Santos/SP/Brasil,Pix,Entregue
TRX0002186,PED001148,2025-01-03,CLI00496,Halteres 10kg,Esporte,198.30,4,Santos/SP/Brasil,Pix,Entregue
TRX0002187,PED001148,03-01-2025,CLI00496,Garrafa Termica,ESPORTE,"115,61",1,Santos/SP/Brasil,Pix,Entregue
TRX0002188,PED001149,2025-01-23,CLI00577,Livro Historia do Brasil,Livros,"69,26",3,Rio de Janeiro/RJ/Brasil,Pix,Entregue
TRX0002189,PED001149,2025-01-23,CLI00577,Headset Gamer,Acessorios,248.70,1,Rio de Janeiro/RJ/Brasil,Pix,Entregue
TRX0002190,PED001150,2025-01-31,CLI00500,Tablet 10,Eletrônicos,"1.244,91",2,Recife/PE/Brasil,Cartao de Credito,Entregue
TRX0002191,PED001150,31-01-2025,CLI00500,Jaqueta Corta Vento,Moda,"R$ 278,38",1,Recife/PE/Brasil,Cartao de Credito,Entregue
TRX0002192,PED001150,31/01/2025,CLI00500,Halteres 10kg,esporte,"R$ 188,39",3,Recife/PE/Brasil,Cartao de Credito,Entregue
TRX0002193,PED001151,2025-01-14,CLI00421,Cafeteira Eletrica,Casa,296.71,2,Porto Alegre/RS/Brasil,Cartao de Credito,Cancelado
TRX0002194,PED001152,28-01-2025,,Jaqueta Corta Vento,Moda,"R$ 268,18",2,Rio de Janeiro/RJ/Brasil,Cartao de Credito,Entregue
TRX0002195,PED001152,2025-01-28,CLI00512,Tablet 10,Eletronicos,1341.09,2,Rio de Janeiro/RJ/Brasil,Cartao de Credito,Entregue
TRX0002196,PED001152,28/01/2025,CLI00512,Mochila para Notebook,Acessorios,"R$ 177,75",1,Rio de Janeiro/RJ/Brasil,Cartao de Credito,Entregue
TRX0002197,PED001153,24/01/2025,CLI00232,Headset Gamer,Acessorios,"R$ 250,32",1,Sao Paulo/SP/Brasil,Cartao de Credito,Cancelado
TRX0002198,PED001154,2025-01-16,CLI00590,Tenis Corrida Leve,Esporte,317.01,2,Fortaleza/CE/Brasil,Pix,Entregue
TRX0002199,PED001154,16/01/2025,CLI00590,Camiseta Dry Fit,Esporte,"R$ 80,28",4,Fortaleza/CE/Brasil,Pix,Entregue
TRX0002200,PED001155,2025-01-31,CLI00547,Notebook Ultrafino,Eletronicos,"3.486,20",2,Sao Paulo/SP/Brasil,Cartao de Debito,Processando
TRX0002201,PED001156,2025-01-13,CLI00680,Capa para Smartphone,Acessorios,"47,57",1,Santos/SP/Brasil,Cartao de Credito,Entregue
TRX0002202,PED001156,13-01-2025,CLI00680,Hub USB-C,Acessorios,"R$ 131,26",1,Santos/SP/Brasil,Cartao de Credito,Entregue
TRX0002203,PED001156,2025-01-13,CLI00680,Camiseta Dry Fit,Esporte,"R$ 79,54",1,Santos/SP/Brasil,Cartao de Credito,Entregue
TRX0002204,PED001156,2025-01-13,CLI00680,Garrafa Termica,Esporte,117.63,1,Santos/SP/Brasil,Cartao de Credito,Entregue
TRX0002205,PED001157,2025-01-29,CLI00320,Cafeteira Eletrica,Casa,"R$ 308,92",3,Brasilia/DF/Brasil,Boleto,Entregue
TRX0002206,PED001158,15-01-2025,CLI00047,Cafeteira Eletrica,Casa,294.80,1,Salvador/BA/Brasil,Pix,Entregue
TRX0002207,PED001158,2025-01-15,CLI00047,Liquidificador Potente,Casa,225.29,1,Salvador/BA/Brasil,Pix,Entregue
TRX0002208,PED001159,2025-01-12,CLI00048,Vestido Midi,Moda,228.46,1,Salvador/BA/Brasil,Pix,ENTREGUE
TRX0002209,PED001159,2025-01-12,CLI00048,Cafeteira Eletrica,Casa,"R$ 286,10",1,Salvador/BA/Brasil,Pix,entregue
TRX0002210,PED001160,2025-01-19,CLI00368,Teclado Mecanico,Acessorios,"R$ 358,04",4,Curitiba/PR/Brasil,Pix,Processando
TRX0002211,PED001160,2025-01-19,CLI00368,Notebook Gamer,Eletronicos,"R$ 4.663,73",1,Curitiba/PR/Brasil,Pix,Processando
TRX0002212,PED001160,19/01/2025,CLI00368,Jaqueta Corta Vento,Moda,272.63,1,Curitiba/PR/Brasil,Pix,processando
TRX0002213,PED001161,23-01-2025,CLI00577,Monitor 27,Eletronicos,1141.62,2,Rio de Janeiro/RJ/Brasil,Boleto,Entregue
TRX0002214,PED001161,23/01/2025,CLI00577,Jogo de Panelas,Casa,411.03,1,Rio de Janeiro/RJ/Brasil,Boleto,Entregue
TRX0002215,PED001161,23-01-2025,CLI00577,Notebook Gamer,Eletronicos,"R$ 5.139,04",3,Rio de Janeiro/RJ/Brasil,Boleto,Entregue
TRX0002216,PED001162,2025-01-22,CLI00395,Carregador Turbo,Acessorios,"R$ 99,06",1,Rio de Janeiro/RJ/Brasil,Pix,Entregue
TRX0002217,PED001162,22/01/2025,CLI00395,Mouse Sem Fio,Acessorios,"90,65",1,Rio de Janeiro/RJ/Brasil,Pix,Entregue
TRX0002218,PED001163,28/02/2025,CLI00447,Livro Historia do Brasil,Livros,"71,46",1,Sao Paulo/SP/Brasil,Cartao de Credito,entregue
TRX0002219,PED001164,2025-02-03,CLI00134,Tenis Corrida Leve,Esporte,331.69,1,Porto Alegre/RS/Brasil,Cartao de Credito,Cancelado
TRX0002220,PED001165,2025-02-20,CLI00521,Mouse Sem Fio,Acessorios,"86,49",1,Uberlandia/MG/Brasil,Cartao de Credito,Cancelado
TRX0002221,PED001165,2025-02-20,CLI00521,Smartphone X200,eletronicos,"R$ 2.113,72",2,Uberlandia/MG/Brasil,Cartao de Credito,Cancelado
TRX0002222,PED001165,2025-02-20,CLI00521,Livro Historia do Brasil,Livros,"66,53",2,Uberlandia/MG/Brasil,Cartao de Credito,Cancelado
TRX0002223,PED001166,2025-02-16,CLI00238,Vestido Midi,Moda,208.60,1,Brasilia/DF/Brasil,Cartao de Credito,Entregue
TRX0002224,PED001166,16-02-2025,CLI00238,Hub USB-C,ACESSORIOS,"128,29",1,Brasilia/DF/Brasil,Cartao de Credito,Entregue
TRX0002225,PED001167,2025-02-13,CLI00582,Hub USB-C,Acessorios,"139,20",1,Belo Horizonte/MG/Brasil,Pix,enviado
TRX0002226,PED001168,24/02/2025,CLI00447,Smartphone X200,Eletronicos,"2.096,31",1,Sao Paulo/SP/Brasil,Cartao de Credito,Entregue
TRX0002227,PED001168,24/02/2025,CLI00447,Carregador Turbo,Acessorios,94.62,2,Sao Paulo/SP/Brasil,Cartao de Credito,Entregue
TRX0002228,PED001169,13-02-2025,CLI00567,Camiseta Dry Fit,Esporte,"77,26",1,Belo Horizonte/MG/Brasil,Cartao de Credito,entregue
TRX0002229,PED001170,2025-02-14,CLI00016,Cafeteira Eletrica,Casa,"R$ 279,08",1,Salvador/BA/Brasil,Cartao de Debito,Entregue
TRX0002230,PED001170,2025-02-14,CLI00016,Liquidificador Potente,Casa,"R$ 211,28",1,Salvador/BA/Brasil,Cartao de Debito,entregue
TRX0002231,PED001171,2025-02-12,CLI00014,Headset Gamer,Acessorios,271.41,1,Curitiba/PR/Brasil,Boleto,processando
TRX0002232,PED001172,2025-02-25,CLI00515,Halteres 10kg,Esporte,"R$ 199,84",1,Campinas/SP/Brasil,Pix,Entregue
TRX0002233,PED001172,2025-02-25,CLI00515,Teclado Mecanico,Acessorios,338.82,1,Campinas/SP/Brasil,Pix,Entregue
TRX0002234,PED001173,10/02/2025,CLI00538,Tablet 10,Eletronicos,"1.310,62",3,Sao Paulo/SP/Brasil,Cartao de Credito,Entregue
TRX0002235,PED001174,03/02/2025,CLI00623,Aspirador Robo,Casa,1688.51,1,Curitiba/PR/Brasil,Boleto,Entregue
TRX0002236,PED001174,03/02/2025,CLI00623,Jogo de Panelas,Casa,"R$ 393,44",2,Curitiba/PR/Brasil,Boleto,Entregue
TRX0002237,PED001174,2025-02-03,CLI00623,Vestido Midi,Moda,"R$ 1.679,12",1,Curitiba/PR/Brasil,Boleto,Entregue
TRX0002238,PED001175,2025-02-14,CLI00541,Notebook Gamer,Eletronicos,"R$ 4.757,97",4,Sao Paulo/SP/Brasil,Cartao de Credito,Devolvido
TRX0002239,PED001176,2025-02-19,CLI00421,Aspirador Robo,Casa,"R$ 1.615,72",4,Porto Alegre/RS/Brasil,Boleto,Entregue
TRX0002240,PED001177,15/02/2025,CLI00449,Tenis Corrida Leve,Esporte,334.56,3,Rio de Janeiro/RJ/Brasil,Cartao de Credito,Entregue
TRX0002241,PED001177,2025-02-15,CLI00449,Camiseta Dry Fit,Esporte,"R$ 76,25",1,Rio de Janeiro/RJ/Brasil,Cartao de Credito,Entregue
TRX0002242,PED001178,2025-02-07,CLI00433,Mochila para Notebook,Acessorios,"183,43",1,Uberlandia/MG/Brasil,Cartao de Credito,Entregue
TRX0002243,PED001179,2025-02-09,CLI00456,Carregador Turbo,Acessorios,"R$ 101,82",1,Porto Alegre/RS/Brasil,Cartao de Credito,Entregue
TRX0002244,PED001179,2025-02-09,CLI00456,Jogo de Panelas,Casa,"R$ 421,03",2,Porto Alegre/RS/Brasil,Cartao de Credito,entregue
TRX0002245,PED001179,2025-02-09,CLI00456,Tablet 10,Eletronicos,1322.96,1,Porto Alegre/RS/Brasil,Cartao de Credito,Entregue
TRX0002246,PED001180,2025-02-02,CLI00196,Livro SQL Essencial,Livros,"R$ 78,42",2,Uberlandia/MG/Brasil,Boleto,Entregue
TRX0002247,PED001180,02/02/2025,CLI00196,Livro Dados em Acao,Livros,93.02,1,Uberlandia/MG/Brasil,Boleto,Entregue
TRX0002248,PED001181,2025-02-12,CLI00577,Jaqueta Corta Vento,moda,"273,28",2,Rio de Janeiro/RJ/Brasil,Pix,Entregue
TRX0002249,PED001181,2025-02-12,CLI00577,Tablet 10,Eletronicos,"R$ 1.331,18",2,Rio de Janeiro/RJ/Brasil,Pix,Entregue
TRX0002250,PED001182,2025-02-03,CLI00061,Halteres 10kg,Esporte,"R$ 181,67",1,Fortaleza/CE/Brasil,Pix,entregue
TRX0002251,PED001182,2025-02-03,CLI00061,Vestido Midi,Moda,222.23,1,Fortaleza/CE/Brasil,Pix,Entregue
TRX0002252,PED001183,2025-02-13,CLI00314,Luminaria de Mesa,Casa,142.06,1,Sao Paulo/SP/Brasil,Cartao de Debito,Entregue
TRX0002253,PED001183,13/02/2025,CLI00314,Camiseta Dry Fit,Esporte,"R$ 84,17",1,Sao Paulo/SP/Brasil,Cartao de Debito,Entregue
TRX0002254,PED001184,2025-02-11,CLI00389,Camiseta Dry Fit,esporte,82.36,3,Sao Paulo/SP/Brasil,Boleto,Processando
TRX0002255,PED001184,11/02/2025,CLI00389,Notebook Ultrafino,Eletronicos,"R$ 3.425,51",2,Sao Paulo/SP/Brasil,Boleto,Processando
TRX0002256,PED001185,09-02-2025,CLI00196,Camiseta Dry Fit,Esporte,"84,47",1,Uberlandia/MG/Brasil,Pix,Entregue
TRX0002257,PED001185,2025-02-09,CLI00196,Smart TV 50,Eletronicos,"2.751,98",3,Uberlandia/MG/Brasil,Pix,Entregue
TRX0002258,PED001186,07/02/2025,CLI00512,Mochila para Notebook,Acessorios,192.57,1,Rio de Janeiro/RJ/Brasil,Cartao de Credito,Devolvido
TRX0002259,PED001186,07/02/2025,CLI00512,Calca Jeans Reta,Moda,201.99,1,Rio de Janeiro/RJ/Brasil,Cartao de Credito,Devolvido
TRX0002260,PED001186,2025-02-07,CLI00512,Capa para Smartphone,Acessorios,51.98,1,Rio de Janeiro/RJ/Brasil,Cartao de Credito,Devolvido
TRX0002261,PED001187,2025-02-05,CLI00638,Vestido Midi,Moda,217.07,1,Salvador/BA/Brasil,Cartao de Credito,entregue
TRX0002262,PED001187,05/02/2025,CLI00638,Notebook Gamer,Eletronicos,"R$ 5.252,06",1,Salvador/BA/Brasil,Cartao de Credito,Entregue
TRX0002263,PED001187,2025-02-05,CLI00638,Smartphone X200,Eletronicos,"R$ 2.301,76",2,Salvador/BA/Brasil,Cartao de Credito,Entregue
TRX0002264,PED001188,17/02/2025,CLI00542,Camiseta Dry Fit,Esporte,81.56,1,Curitiba/PR/Brasil,Pix,Entregue
TRX0002265,PED001189,2025-02-20,CLI00594,Smartphone X200,Eletronicos,2194.01,-2,Niteroi/RJ/Brasil,Pix,Entregue
TRX0002266,PED001190,17-02-2025,CLI00134,Hub USB-C,Acessorios,"136,09",0,Porto Alegre/RS/Brasil,Cartao de Credito,entregue
TRX0002267,PED001191,2025-02-15,CLI00547,Tenis Corrida Leve,Esporte,"R$ 353,83",2,Sao Paulo/SP/Brasil,Boleto,Entregue
TRX0002268,PED001191,2025-02-15,CLI00547,Camiseta Dry Fit,ESPORTE,"R$ 78,15",3,Sao Paulo/SP/Brasil,Boleto,Entregue
TRX0002269,PED001192,2025-02-20,CLI00181,Mouse Sem Fio,Acessorios,"R$ 95,93",1,Curitiba/PR/Brasil,Cartao de Credito,Cancelado
TRX0002270,PED001193,14-02-2025,CLI00301,Liquidificador Potente,Casa,"213,40",1,Sao Paulo/SP/Brasil,Cartao de Debito,entregue
TRX0002271,PED001194,2025-02-02,CLI00097,Camiseta Dry Fit,Esporte,81.66,1,Campinas/SP/Brasil,Pix,Devolvido
TRX0002272,PED001194,2025-02-02,CLI00097,Halteres 10kg,Esporte,185.96,3,Campinas/SP/Brasil,Pix,Devolvido
TRX0002273,PED001194,02/02/2025,CLI00097,Mochila para Notebook,Acessorios,"176,29",1,Campinas/SP/Brasil,Pix,Devolvido
TRX0002274,PED001195,2025-02-17,CLI00389,Smart TV 50,Eletronicos,2482.18,1,Sao Paulo/SP/Brasil,Cartao de Debito,Enviado
TRX0004563,PED002436,26-10-2025,CLI00160,Hub USB-C,Acessorios,130.36,2,Brasilia/DF/Brasil,Cartao de Credito,Entregue
TRX0002275,PED001196,2025-02-14,CLI00512,Halteres 10kg,Esporte,"R$ 184,72",1,Rio de Janeiro/RJ/Brasil,Pix,Entregue
TRX0002276,PED001196,14-02-2025,CLI00512,Livro Historia do Brasil,Livros,"R$ 66,67",1,Rio de Janeiro/RJ/Brasil,Pix,Entregue
TRX0002277,PED001196,2025-02-14,CLI00512,Notebook Gamer,Eletronicos,5024.42,3,Rio de Janeiro/RJ/Brasil,Pix,Entregue
TRX0002278,PED001196,2025-02-14,CLI00512,Livro SQL Essencial,LIVROS,83.70,2,Rio de Janeiro/RJ/Brasil,Pix,Entregue
TRX0002279,PED001196,2025-02-14,CLI00512,Tapete de Yoga,esporte,"R$ 147,88",1,Rio de Janeiro/RJ/Brasil,Pix,Entregue
TRX0002280,PED001197,2025-02-20,CLI00462,Jogo de Panelas,Casa,"414,36",1,Goiania/GO/Brasil,Cartao de Credito,Entregue
TRX0002281,PED001198,17/02/2025,CLI00572,Headset Gamer,Acessorios,"R$ 264,76",1,Recife/PE/Brasil,Pix,entregue
TRX0002282,PED001199,2025-02-04,CLI00291,Monitor 27,Eletrônicos,"R$ 1.093,85",1,Rio de Janeiro/RJ/Brasil,Boleto,Entregue
TRX0002283,PED001199,04/02/2025,CLI00291,Aspirador Robo,Casa,1692.58,2,Rio de Janeiro/RJ/Brasil,Boleto,Entregue
TRX0002284,PED001199,2025-02-04,CLI00291,Tablet 10,Eletronicos,"R$ 1.240,07",1,Rio de Janeiro/RJ/Brasil,Boleto,Entregue
TRX0002285,PED001199,2025-02-04,CLI00291,Hub USB-C,Acessorios,"R$ 129,95",1,Rio de Janeiro/RJ/Brasil,Boleto,Entregue
TRX0002286,PED001200,01/02/2025,CLI00251,Cafeteira Eletrica,Casa,"278,50",1,Recife/PE/Brasil,Pix,Enviado
TRX0002287,PED001201,2025-02-23,CLI00317,Tapete de Yoga,esporte,"R$ 144,14",1,Salvador/BA/Brasil,Cartao de Credito,Entregue
TRX0002288,PED001202,2025-02-04,CLI00461,Hub USB-C,Acessórios,"R$ 123,59",1,Porto Alegre/RS/Brasil,Pix,Entregue
TRX0002289,PED001203,2025-02-02,CLI00062,Luminaria de Mesa,casa,149.51,1,Curitiba/PR/Brasil,Boleto,Entregue
TRX0002290,PED001203,2025-02-02,CLI00062,Smartphone X200,Eletronicos,"R$ 2.143,09",1,Curitiba/PR/Brasil,Boleto,Entregue
TRX0002291,PED001204,06/02/2025,CLI00564,Monitor 27,Eletronicos,"R$ 1.192,27",4,Belo Horizonte/MG/Brasil,Cartao de Credito,Devolvido
TRX0002292,PED001204,06/02/2025,CLI00564,Tablet 10,Eletronicos,"R$ 1.233,53",1,Belo Horizonte/MG/Brasil,Cartao de Credito,Devolvido
TRX0002293,PED001205,2025-02-07,CLI00029,Cafeteira Eletrica,Casa,"R$ 282,85",1,Campinas/SP/Brasil,Boleto,Entregue
TRX0002294,PED001205,2025-02-07,CLI00029,Liquidificador Potente,Casa,225.00,1,Campinas/SP/Brasil,Boleto,Entregue
TRX0002295,PED001206,17/02/2025,CLI00133,Vestido Midi,Moda,"215,76",1,Sao Paulo/SP/Brasil,Cartao de Credito,Entregue
TRX0002296,PED001207,04/02/2025,CLI00126,Teclado Mecanico,Acessorios,"R$ 369,14",1,Curitiba/PR/Brasil,Cartao de Debito,Entregue
TRX0002297,PED001207,04/02/2025,CLI00126,Halteres 10kg,Esporte,189.87,1,Curitiba/PR/Brasil,Cartao de Debito,Entregue
TRX0002298,PED001208,2025-02-04,CLI00433,Capa para Smartphone,Acessorios,50.03,1,Uberlandia/MG/Brasil,Pix,Entregue
TRX0002299,PED001208,04-02-2025,CLI00433,Mouse Sem Fio,Acessorios,"R$ 93,70",4,Uberlandia/MG/Brasil,Pix,Entregue
TRX0002300,PED001208,2025-02-04,CLI00433,Notebook Gamer,Eletronicos,"R$ 4.878,02",1,Uberlandia/MG/Brasil,Pix,Entregue
TRX0002301,PED001208,04/02/2025,CLI00433,Liquidificador Potente,Casa,235.09,1,Uberlandia/MG/Brasil,Pix,Entregue
TRX0002302,PED001209,27/02/2025,CLI00500,Hub USB-C,Acessorios,"130,69",2,Recife/PE/Brasil,Boleto,Entregue
TRX0002303,PED001209,27-02-2025,CLI00500,Smartphone X200,Eletronicos,2235.05,1,Recife/PE/Brasil,Boleto,Entregue
TRX0002304,PED001209,27-02-2025,CLI00500,Capa para Smartphone,Acessorios,51.08,1,Recife/PE/Brasil,Boleto,Entregue
TRX0002305,PED001209,2025-02-27,CLI00500,Headset Gamer,Acessorios,276.11,1,Recife/PE/Brasil,Boleto,Entregue
TRX0002306,PED001209,2025-02-27,CLI00500,Halteres 10kg,ESPORTE,202.82,1,Recife/PE/Brasil,Boleto,Entregue
TRX0002307,PED001210,2025-02-18,CLI00523,Mouse Sem Fio,Acessorios,"R$ 90,86",1,Porto Alegre/RS/Brasil,Pix,Entregue
TRX0002308,PED001210,18/02/2025,CLI00523,Hub USB-C,Acessorios,"133,28",2,Porto Alegre/RS/Brasil,Pix,Entregue
TRX0002309,PED001210,2025-02-18,CLI00523,Monitor 27,Eletronicos,"R$ 1.201,28",2,Porto Alegre/RS/Brasil,Pix,Entregue
TRX0002310,PED001210,18-02-2025,CLI00523,Luminaria de Mesa,Casa,"R$ 139,16",1,Porto Alegre/RS/Brasil,Pix,Entregue
TRX0002311,PED001211,13/02/2025,CLI00658,Camiseta Dry Fit,Esporte,85.96,2,Goiania/GO/Brasil,Pix,Cancelado
TRX0002312,PED001212,2025-02-12,CLI00117,Hub USB-C,ACESSORIOS,"R$ 1.354,98",1,Curitiba/PR/Brasil,Pix,Enviado
TRX0002313,PED001212,12-02-2025,CLI00117,Livro Historia do Brasil,Livros,73.68,-1,Curitiba/PR/Brasil,Pix,Enviado
TRX0002314,PED001212,2025-02-12,CLI00117,Capa para Smartphone,Acessorios,53.18,2,Curitiba/PR/Brasil,Pix,Enviado
TRX0002315,PED001212,12/02/2025,CLI00117,Luminaria de Mesa,CASA,"R$ 141,36",1,Curitiba/PR/Brasil,Pix,ENVIADO
TRX0002316,PED001212,2025-02-12,CLI00117,Camiseta Dry Fit,ESPORTE,"R$ 82,25",2,Curitiba/PR/Brasil,Pix,Enviado
TRX0002317,PED001213,2025-02-07,CLI00547,Monitor 27,Eletronicos,1230.27,1,Sao Paulo/SP/Brasil,Pix,Entregue
TRX0002318,PED001214,2025-02-06,CLI00392,Monitor 27,Eletronicos,"R$ 1.140,01",1,Florianopolis/SC/Brasil,Cartao de Credito,Enviado
TRX0002319,PED001215,2025-02-13,CLI00462,Cafeteira Eletrica,Casa,"R$ 284,65",1,Goiania/GO/Brasil,Cartao de Credito,Entregue
TRX0002320,PED001215,2025-02-13,CLI00462,Liquidificador Potente,Casa,"R$ 233,38",1,Goiania/GO/Brasil,Cartao de Credito,Entregue
TRX0002321,PED001216,2025-02-21,CLI00290,Tapete de Yoga,Esporte,"R$ 148,73",-1,Campinas/SP/Brasil,Cartao de Credito,Entregue
TRX0002322,PED001217,2025-02-09,CLI00538,Jogo de Panelas,Casa,"R$ 413,94",2,Sao Paulo/SP/Brasil,Pix,Enviado
TRX0002323,PED001217,2025-02-09,CLI00538,Teclado Mecanico,Acessorios,"347,59",1,Sao Paulo/SP/Brasil,Pix,Enviado
TRX0002324,PED001218,28/02/2025,CLI00346,Hub USB-C,Acessorios,137.50,1,Santos/SP/Brasil,Cartao de Debito,ENTREGUE
TRX0002325,PED001219,2025-02-21,CLI00244,Jogo de Panelas,Casa,"401,46",1,Florianopolis/SC/Brasil,Boleto,Entregue
TRX0002326,PED001220,2025-02-09,CLI00013,Halteres 10kg,ESPORTE,"183,09",1,Fortaleza/CE/Brasil,Cartao de Credito,Entregue
TRX0002327,PED001220,09/02/2025,CLI00013,Smart TV 50,Eletronicos,2676.50,1,Fortaleza/CE/Brasil,Cartao de Credito,Entregue
TRX0002328,PED001220,09-02-2025,CLI00013,Tablet 10,Eletronicos,"1.357,92",2,Fortaleza/CE/Brasil,Cartao de Credito,entregue
TRX0002329,PED001221,03-02-2025,CLI00638,Mouse Sem Fio,Acessorios,96.80,1,Salvador/BA/Brasil,Cartao de Credito,Cancelado
TRX0002330,PED001221,2025-02-03,CLI00638,Mochila para Notebook,Acessorios,191.12,1,Salvador/BA/Brasil,Cartao de Credito,Cancelado
TRX0002331,PED001222,2025-02-15,CLI00097,Mochila para Notebook,Acessorios,186.77,1,Campinas/SP/Brasil,Cartao de Credito,Enviado
TRX0002332,PED001223,2025-02-02,CLI00148,Aspirador Robo,Casa,"R$ 1.528,96",1,Fortaleza/CE/Brasil,Boleto,Entregue
TRX0002333,PED001223,2025-02-02,CLI00148,Notebook Gamer,Eletrônicos,4992.28,2,Fortaleza/CE/Brasil,Boleto,Entregue
TRX0002334,PED001223,2025-02-02,CLI00148,Hub USB-C,Acessorios,"131,29",1,Fortaleza/CE/Brasil,Boleto,Entregue
TRX0002335,PED001224,2025-02-25,CLI00542,Calca Jeans Reta,Moda,"200,06",2,Curitiba/PR/Brasil,Cartao de Credito,Entregue
TRX0002336,PED001225,2025-02-03,CLI00360,Capa para Smartphone,acessorios,50.22,1,Belo Horizonte/MG/Brasil,Cartao de Debito,Entregue
TRX0002337,PED001226,2025-02-16,CLI00652,Garrafa Termica,Esporte,"R$ 115,67",1,Fortaleza/CE/Brasil,Cartao de Credito,Entregue
TRX0002338,PED001227,04/02/2025,CLI00369,Calca Jeans Reta,Moda,200.59,2,Uberlandia/MG/Brasil,Cartao de Credito,Entregue
TRX0002339,PED001228,00/00/0000,CLI00462,Mouse Sem Fio,Acessorios,"95,77",1,Goiania/GO/Brasil,Cartao de Credito,Enviado
TRX0002340,PED001229,06/02/2025,CLI00521,Tablet 10,Eletronicos,"R$ 1.354,48",2,Uberlandia/MG/Brasil,Boleto,Entregue
TRX0002341,PED001229,06/02/2025,CLI00521,Garrafa Termica,esporte,"125,48",4,Uberlandia/MG/Brasil,Boleto,Entregue
TRX0002342,PED001229,2025-02-06,CLI00521,Headset Gamer,Acessorios,"R$ 249,87",2,Uberlandia/MG/Brasil,Boleto,Entregue
TRX0002343,PED001229,2025-02-06,CLI00521,Jaqueta Corta Vento,Moda,"R$ 266,13",3,Uberlandia/MG/Brasil,Boleto,Entregue
TRX0002344,PED001230,04-02-2025,CLI00009,Teclado Mecanico,Acessorios,"R$ 351,54",1,Goiania/GO/Brasil,Pix,Entregue
TRX0002345,PED001230,04-02-2025,CLI00009,Camisa Social Slim,Moda,165.70,1,Goiania/GO/Brasil,Pix,entregue
TRX0002346,PED001230,04/02/2025,CLI00009,Vestido Midi,Moda,"R$ 227,74",2,Goiania/GO/Brasil,Pix,Entregue
TRX0002347,PED001230,04/02/2025,CLI00009,Calca Jeans Reta,Moda,"183,03",3,Goiania/GO/Brasil,Pix,Entregue
TRX0002348,PED001231,2025-02-05,CLI00681,Capa para Smartphone,Acessorios,"52,86",1,Rio de Janeiro/RJ/Brasil,Pix,Entregue
TRX0002349,PED001232,2025-02-06,CLI00622,Livro Historia do Brasil,Livros,"67,00",1,Campinas/SP/Brasil,Cartao de Credito,Entregue
TRX0002350,PED001232,2025-02-06,CLI00622,Livro SQL Essencial,LIVROS,"R$ 81,22",1,Campinas/SP/Brasil,Cartao de Credito,Entregue
TRX0002351,PED001233,2025-02-13,CLI00233,Aspirador Robo,CASA,"R$ 1.594,99",1,Sao Paulo/SP/Brasil,Pix,Entregue
TRX0002352,PED001234,11-02-2025,CLI00643,Luminaria de Mesa,CASA,"R$ 141,85",1,Sao Paulo/SP/Brasil,Cartao de Credito,Devolvido
TRX0002353,PED001235,2025-02-16,CLI00320,Carregador Turbo,Acessorios,"106,33",2,Brasilia/DF/Brasil,Pix,Entregue
TRX0002354,PED001235,2025-02-16,CLI00320,Halteres 10kg,ESPORTE,"193,31",1,Brasilia/DF/Brasil,Pix,Entregue
TRX0002355,PED001235,16-02-2025,CLI00320,Livro SQL Essencial,Livros,"76,56",1,Brasilia/DF/Brasil,Pix,Entregue
TRX0002356,PED001236,2025-02-11,CLI00547,Jaqueta Corta Vento,Moda,276.10,2,Sao Paulo/SP/Brasil,Cartao de Credito,Cancelado
TRX0002357,PED001236,2025-02-11,CLI00547,Jogo de Panelas,Casa,"R$ 423,45",1,Sao Paulo/SP/Brasil,Cartao de Credito,Cancelado
TRX0002358,PED001237,23/02/2025,CLI00421,Notebook Gamer,Eletronicos,"4.959,37",1,Porto Alegre/RS/Brasil,Cartao de Debito,entregue
TRX0002359,PED001238,2025-02-02,CLI00199,Livro Dados em Acao,LIVROS,89.77,1,Brasilia/DF/Brasil,Pix,Entregue
TRX0002360,PED001238,02/02/2025,CLI00199,Teclado Mecanico,Acessorios,"R$ 334,42",1,Brasilia/DF/Brasil,Pix,Entregue
TRX0002361,PED001238,2025-02-02,CLI00199,Vestido Midi,moda,"219,45",2,Brasilia/DF/Brasil,Pix,Entregue
TRX0002362,PED001239,2025-02-16,CLI00421,Livro SQL Essencial,livros,"R$ 83,83",1,Porto Alegre/RS/Brasil,Cartao de Credito,Enviado
TRX0002363,PED001240,2025-02-06,CLI00462,Jaqueta Corta Vento,Moda,265.41,2,Goiania/GO/Brasil,Cartao de Credito,Entregue
TRX0002364,PED001240,2025-02-06,CLI00462,Jogo de Panelas,Casa,"401,46",3,Goiania/GO/Brasil,Cartao de Credito,Entregue
TRX0002365,PED001240,2025-02-06,CLI00462,Tablet 10,Eletronicos,"1.232,67",1,Goiania/GO/Brasil,Cartao de Credito,Entregue
TRX0002366,PED001241,2025-02-03,CLI00543,Aspirador Robo,Casa,1679.67,1,Rio de Janeiro/RJ/Brasil,Cartao de Credito,Entregue
TRX0002367,PED001242,05/02/2025,CLI00536,Tapete de Yoga,Esporte,"148,32",1,Florianopolis/SC/Brasil,Boleto,Entregue
TRX0002368,PED001242,2025-02-05,CLI00536,Teclado Mecanico,acessorios,"R$ 363,58",2,Florianopolis/SC/Brasil,Boleto,Entregue
TRX0002369,PED001243,08/02/2025,CLI00270,Tablet 10,Eletronicos,1228.88,-1,Fortaleza/CE/Brasil,Cartao de Credito,Entregue
TRX0002370,PED001244,2025-02-26,CLI00126,Tablet 10,Eletronicos,"1.350,77",1,Curitiba/PR/Brasil,Cartao de Credito,Devolvido
TRX0002371,PED001244,2025-02-26,CLI00126,Jogo de Panelas,Casa,"R$ 380,47",1,Curitiba/PR/Brasil,Cartao de Credito,devolvido
TRX0002372,PED001244,26/02/2025,CLI00126,Cafeteira Eletrica,Casa,302.82,1,Curitiba/PR/Brasil,Cartao de Credito,Devolvido
TRX0002373,PED001244,2025-02-26,CLI00126,Tapete de Yoga,Esporte,157.30,-2,Curitiba/PR/Brasil,Cartao de Credito,Devolvido
TRX0002374,PED001245,2025-02-16,CLI00184,Garrafa Termica,Esporte,117.81,1,Belo Horizonte/MG/Brasil,Boleto,Entregue
TRX0002375,PED001245,2025-02-16,CLI00184,Mouse Sem Fio,Acessorios,"R$ 92,06",1,Belo Horizonte/MG/Brasil,Boleto,Entregue
TRX0002376,PED001246,03-02-2025,CLI00329,Luminaria de Mesa,Casa,"146,20",2,Recife/PE/Brasil,Cartao de Debito,Entregue
TRX0002377,PED001246,03-02-2025,CLI00329,Cafeteira Eletrica,Casa,"R$ 289,85",1,Recife/PE/Brasil,Cartao de Debito,Entregue
TRX0002378,PED001247,2025-02-18,CLI00662,Tapete de Yoga,Esporte,"R$ 156,01",3,Recife/PE/Brasil,Cartao de Credito,Entregue
TRX0002379,PED001247,2025-02-18,CLI00662,Garrafa Termica,Esporte,121.17,4,Recife/PE/Brasil,Cartao de Credito,Entregue
TRX0002380,PED001248,2025-02-12,CLI00519,Tapete de Yoga,Esporte,155.64,2,Brasilia/DF/Brasil,Pix,Cancelado
TRX0002381,PED001248,2025-02-12,CLI00519,Halteres 10kg,Esporte,182.18,1,Brasilia/DF/Brasil,Pix,Cancelado
TRX0002382,PED001248,2025-02-12,CLI00519,Garrafa Termica,Esporte,120.77,1,Brasilia/DF/Brasil,Pix,Cancelado
TRX0002383,PED001249,2025-02-23,CLI00426,Monitor 27,Eletronicos,"1.104,43",1,Rio de Janeiro/RJ/Brasil,Cartao de Credito,Entregue
TRX0002384,PED001250,2025-02-13,CLI00394,Hub USB-C,Acessorios,"129,93",2,Sao Paulo/SP/Brasil,Cartao de Debito,Entregue
TRX0002385,PED001250,2025-02-13,CLI00394,Carregador Turbo,Acessorios,"R$ 105,22",2,Sao Paulo/SP/Brasil,Cartao de Debito,Entregue
TRX0002386,PED001251,03-02-2025,CLI00320,Livro Dados em Acao,Livros,"R$ 89,92",1,Brasilia/DF/Brasil,Pix,Processando
TRX0002387,PED001251,03/02/2025,CLI00320,Carregador Turbo,Acessórios,"R$ 95,67",3,Brasilia/DF/Brasil,Pix,Processando
TRX0002388,PED001251,03-02-2025,CLI00320,Hub USB-C,ACESSORIOS,125.89,1,Brasilia/DF/Brasil,Pix,Processando
TRX0002389,PED001251,2025-02-03,CLI00320,Mochila para Notebook,Acessorios,"R$ 186,41",1,Brasilia/DF/Brasil,Pix,processando
TRX0002390,PED001252,2025-02-20,CLI00652,Camisa Social Slim,moda,152.13,1,Fortaleza/CE/Brasil,Cartao de Credito,Entregue
TRX0002391,PED001252,2025-02-20,CLI00652,Jaqueta Corta Vento,Moda,265.04,1,Fortaleza/CE/Brasil,Cartao de Credito,Entregue
TRX0002392,PED001252,2025-02-20,CLI00652,Halteres 10kg,Esporte,189.16,1,Fortaleza/CE/Brasil,Cartao de Credito,Entregue
TRX0002393,PED001252,2025-02-20,CLI00652,Hub USB-C,Acessórios,"129,79",1,Fortaleza/CE/Brasil,Cartao de Credito,Entregue
TRX0002394,PED001253,2025-02-17,CLI00647,Smartphone X200,Eletronicos,2172.30,1,Recife/PE/Brasil,Cartao de Credito,Entregue
TRX0002395,PED001254,26/02/2025,CLI00012,Livro Historia do Brasil,Livros,73.38,2,Sao Paulo/SP/Brasil,Cartao de Credito,Entregue
,PED001255,15-02-2025,CLI00412,Luminaria de Mesa,Casa,135.87,2,Sao Paulo/SP/Brasil,Cartao de Credito,Entregue
TRX0002397,PED001255,15/02/2025,CLI00412,Aspirador Robo,Casa,"1.597,11",1,Sao Paulo/SP/Brasil,Cartao de Credito,Entregue
TRX0002398,PED001256,2025-02-02,CLI00334,Hub USB-C,Acessorios,"R$ 136,74",1,Campinas/SP/Brasil,Cartao de Credito,Entregue
TRX0002399,PED001257,2025-02-13,CLI00413,Garrafa Termica,Esporte,"R$ 125,13",1,Rio de Janeiro/RJ/Brasil,Cartao de Credito,Entregue
TRX0002400,PED001258,12-02-2025,CLI00523,Mochila para Notebook,Acessorios,"R$ 185,73",1,Porto Alegre/RS/Brasil,Boleto,Entregue
TRX0002401,PED001259,11/02/2025,CLI00449,Mochila para Notebook,Acessórios,"189,65",2,Rio de Janeiro/RJ/Brasil,Cartao de Credito,Entregue
TRX0002402,PED001260,2025-02-08,CLI00236,Tablet 10,Eletronicos,"R$ 1.337,54",1,Sao Paulo/SP/Brasil,Boleto,Processando
TRX0002403,PED001260,2025-02-08,CLI00236,Aspirador Robo,Casa,"R$ 1.547,61",1,Sao Paulo/SP/Brasil,Boleto,Processando
TRX0002404,PED001261,2025-02-13,CLI00542,Monitor 27,Eletronicos,"1.194,23",1,Curitiba/PR/Brasil,Cartao de Credito,Entregue
TRX0002405,PED001262,2025-02-15,CLI00173,Teclado Mecanico,Acessorios,"R$ 371,64",1,Sao Paulo/SP/Brasil,Pix,entregue
TRX0002406,PED001262,15/02/2025,CLI00173,Jaqueta Corta Vento,moda,"274,29",1,Sao Paulo/SP/Brasil,Pix,Entregue
TRX0002407,PED001262,2025-02-15,CLI00173,Livro Historia do Brasil,Livros,"R$ 74,87",1,Sao Paulo/SP/Brasil,Pix,Entregue
TRX0002408,PED001263,07-02-2025,CLI00531,Camisa Social Slim,Moda,"157,25",1,Salvador/BA/Brasil,Cartao de Credito,Entregue
TRX0002409,PED001263,2025-02-07,CLI00531,Tenis Corrida Leve,Esporte,"R$ 323,17",1,Salvador/BA/Brasil,Cartao de Credito,entregue
TRX0002410,PED001264,17/02/2025,CLI00351,Camisa Social Slim,moda,"154,81",2,Sao Paulo/SP/Brasil,Boleto,Entregue
TRX0002411,PED001264,2025-02-17,CLI00351,Notebook Ultrafino,Eletrônicos,3363.10,2,Sao Paulo/SP/Brasil,Boleto,Entregue
TRX0002412,PED001265,2025-02-25,CLI00305,Liquidificador Potente,Casa,"209,03",2,Campinas/SP/Brasil,Boleto,Entregue
TRX0002413,PED001266,14-02-2025,CLI00324,Smart TV 50,Eletronicos,2770.24,1,Niteroi/RJ/Brasil,Cartao de Credito,Entregue
TRX0002414,PED001267,01-02-2025,CLI00170,Tablet 10,Eletronicos,"1.341,24",2,Belo Horizonte/MG/Brasil,Cartao de Credito,Entregue
TRX0002415,PED001268,2025-02-23,CLI00012,Livro SQL Essencial,Livros,"R$ 79,62",3,Sao Paulo/SP/Brasil,Pix,Entregue
TRX0002416,PED001269,2025-02-06,,Smartphone X200,Eletronicos,"2.100,40",1,Salvador/BA/Brasil,Cartao de Credito,Entregue
TRX0002417,PED001269,2025-02-06,CLI00603,Carregador Turbo,Acessorios,"R$ 102,69",1,Salvador/BA/Brasil,Cartao de Credito,Entregue
TRX0002418,PED001270,12-02-2025,CLI00582,Calca Jeans Reta,Moda,"R$ 180,10",1,Belo Horizonte/MG/Brasil,Pix,Entregue
TRX0002419,PED001271,2025-02-03,CLI00413,Cafeteira Eletrica,Casa,"R$ 276,50",4,Rio de Janeiro/RJ/Brasil,Cartao de Credito,Entregue
TRX0002420,PED001271,2025-02-03,CLI00413,Liquidificador Potente,Casa,235.24,1,Rio de Janeiro/RJ/Brasil,Cartao de Credito,Entregue
TRX0002421,PED001272,2025-02-04,CLI00520,Notebook Gamer,Eletronicos,"5.205,91",1,Belo Horizonte/MG/Brasil,Boleto,Entregue
TRX0002422,PED001273,14/02/2025,CLI00164,Cafeteira Eletrica,CASA,"R$ 303,93",1,Curitiba/PR/Brasil,Cartao de Credito,Entregue
TRX0003353,PED001779,2025-06-26,CLI00547,Headset Gamer,Acessorios,"269,03",1,Sao Paulo/SP/Brasil,Pix,Entregue
TRX0002423,PED001274,17/02/2025,CLI00547,Aspirador Robo,Casa,1688.65,1,Sao Paulo/SP/Brasil,Boleto,Entregue
TRX0002424,PED001275,2025-02-28,CLI00203,Livro SQL Essencial,Livros,"78,90",0,Campinas/SP/Brasil,Cartao de Credito,Entregue
TRX0002425,PED001275,2025-02-28,CLI00203,Luminaria de Mesa,Casa,"R$ 141,23",1,Campinas/SP/Brasil,Cartao de Credito,Entregue
TRX0002426,PED001275,28/02/2025,CLI00203,Hub USB-C,Acessorios,"132,14",1,Campinas/SP/Brasil,Cartao de Credito,Entregue
TRX0002427,PED001275,28/02/2025,CLI00203,Jogo de Panelas,Casa,412.95,1,Campinas/SP/Brasil,Cartao de Credito,Entregue
TRX0002428,PED001275,2025-02-28,CLI00203,Camiseta Dry Fit,Esporte,"R$ 82,88",1,Campinas/SP/Brasil,Cartao de Credito,Entregue
TRX0002429,PED001276,16/02/2025,CLI00061,Camisa Social Slim,Moda,160.47,1,Fortaleza/CE/Brasil,Pix,Entregue
TRX0002430,PED001276,16/02/2025,CLI00061,Notebook Gamer,Eletronicos,4814.88,1,Fortaleza/CE/Brasil,Pix,Entregue
TRX0002431,PED001277,06-02-2025,CLI00449,Mochila para Notebook,Acessorios,"R$ 174,57",1,Rio de Janeiro/RJ/Brasil,Cartao de Credito,Entregue
TRX0002432,PED001278,2025-02-16,CLI00437,Headset Gamer,Acessorios,278.85,1,Santos/SP/Brasil,Pix,Cancelado
TRX0002433,PED001279,19-02-2025,CLI00438,Mochila para Notebook,Acessorios,"R$ 171,61",1,Sao Paulo/SP/Brasil,Cartao de Credito,Enviado
TRX0002434,PED001280,04/02/2025,CLI00686,Mochila para Notebook,acessorios,"R$ 185,56",1,Santos/SP/Brasil,Pix,Entregue
TRX0002435,PED001281,2025-02-02,CLI00462,Carregador Turbo,Acessorios,100.40,1,Goiania/GO/Brasil,Pix,Entregue
TRX0002436,PED001281,2025-02-02,CLI00462,Livro Dados em Acao,Livros,94.15,1,Goiania/GO/Brasil,Pix,Entregue
TRX0002437,PED001282,2025-02-19,CLI00265,Aspirador Robo,Casa,"R$ 1.596,52",1,Campinas/SP/Brasil,Cartao de Credito,entregue
TRX0002438,PED001283,2025-02-07,CLI00047,Capa para Smartphone,Acessorios,"R$ 47,77",1,Salvador/BA/Brasil,Cartao de Debito,Entregue
TRX0002439,PED001284,08/02/2025,CLI00623,Aspirador Robo,Casa,"1.653,66",2,Curitiba/PR/Brasil,Cartao de Credito,Entregue
TRX0002440,PED001285,2025-02-25,CLI00521,Teclado Mecanico,Acessórios,334.00,1,Uberlandia/MG/Brasil,Pix,Entregue
TRX0002441,PED001285,2025-02-25,CLI00521,Carregador Turbo,Acessorios,"R$ 102,54",1,Uberlandia/MG/Brasil,Pix,Entregue
TRX0002442,PED001286,01/02/2025,CLI00512,Tenis Corrida Leve,Esporte,"344,97",1,Rio de Janeiro/RJ/Brasil,Boleto,Entregue
TRX0002443,PED001286,01/02/2025,CLI00512,Garrafa Termica,Esporte,"115,59",1,Rio de Janeiro/RJ/Brasil,Boleto,ENTREGUE
TRX0002444,PED001287,17/02/2025,CLI00547,Vestido Midi,Moda,"R$ 222,47",1,Sao Paulo/SP/Brasil,Boleto,Entregue
TRX0002445,PED001288,2025-02-27,CLI00480,Jogo de Panelas,Casa,413.92,0,Porto Alegre/RS/Brasil,Cartao de Credito,Entregue
TRX0002446,PED001289,2025-02-04,CLI00512,Notebook Gamer,Eletronicos,"R$ 5.123,84",1,Rio de Janeiro/RJ/Brasil,Boleto,Cancelado
TRX0002447,PED001290,2025-02-12,CLI00486,Cafeteira Eletrica,Casa,"R$ 297,91",1,Rio de Janeiro/RJ/Brasil,Pix,Devolvido
TRX0002448,PED001291,04-02-2025,CLI00572,Vestido Midi,Moda,"211,53",1,Recife/PE/Brasil,Cartao de Credito,Entregue
TRX0002449,PED001292,20/02/2025,CLI00164,Carregador Turbo,Acessorios,"95,94",1,Curitiba/PR/Brasil,Pix,Entregue
TRX0002450,PED001293,2025-02-19,CLI00173,Aspirador Robo,Casa,1635.46,1,Sao Paulo/SP/Brasil,Boleto,Entregue
TRX0002451,PED001294,12/02/2025,CLI00421,Tenis Corrida Leve,Esporte,"330,10",1,Porto Alegre/RS/Brasil,Pix,Entregue
TRX0002452,PED001295,2025-02-23,CLI00384,Jaqueta Corta Vento,Moda,266.93,1,Niteroi/RJ/Brasil,Cartao de Credito,Cancelado
TRX0002453,PED001295,2025-02-23,CLI00384,Cafeteira Eletrica,Casa,283.73,2,Niteroi/RJ/Brasil,Cartao de Credito,Cancelado
TRX0002454,PED001295,2025-02-23,CLI00384,Livro Dados em Acao,livros,"95,00",1,Niteroi/RJ/Brasil,Cartao de Credito,Cancelado
TRX0002455,PED001295,2025-02-23,CLI00384,Camisa Social Slim,Moda,"157,27",1,Niteroi/RJ/Brasil,Cartao de Credito,Cancelado
TRX0002456,PED001295,2025-02-23,CLI00384,Livro SQL Essencial,Livros,79.22,1,Niteroi/RJ/Brasil,Cartao de Credito,Cancelado
TRX0002457,PED001296,2025-02-21,CLI00461,Hub USB-C,Acessorios,"R$ 124,76",2,Porto Alegre/RS/Brasil,Pix,Entregue
TRX0002458,PED001296,21/02/2025,CLI00461,Livro Dados em Acao,Livros,"R$ 84,80",1,Porto Alegre/RS/Brasil,Pix,entregue
TRX0002459,PED001297,2025-02-21,CLI00531,Garrafa Termica,Esporte,113.41,-1,Salvador/BA/Brasil,Boleto,Entregue
TRX0002460,PED001298,2025-02-26,CLI00577,Tenis Corrida Leve,Esporte,341.05,1,Rio de Janeiro/RJ/Brasil,Cartao de Debito,Entregue
TRX0002461,PED001298,2025-02-26,CLI00577,Tapete de Yoga,Esporte,"R$ 141,82",2,Rio de Janeiro/RJ/Brasil,Cartao de Debito,Entregue
TRX0002462,PED001298,2025-02-26,CLI00577,Hub USB-C,Acessorios,130.06,1,Rio de Janeiro/RJ/Brasil,Cartao de Debito,Entregue
TRX0002463,PED001298,2025-02-26,CLI00577,Headset Gamer,ACESSORIOS,258.55,1,Rio de Janeiro/RJ/Brasil,Cartao de Debito,Entregue
TRX0002464,PED001299,13/03/2025,CLI00557,Calca Jeans Reta,Moda,189.59,1,Sao Paulo/SP/Brasil,Boleto,Devolvido
TRX0002465,PED001299,13-03-2025,CLI00557,Livro Dados em Acao,Livros,86.66,2,Sao Paulo/SP/Brasil,Boleto,Devolvido
TRX0002466,PED001300,12-03-2025,CLI00251,Livro Dados em Acao,LIVROS,"R$ 87,41",-1,Recife/PE/Brasil,Cartao de Credito,Devolvido
TRX0002467,PED001300,12/03/2025,CLI00251,Tenis Corrida Leve,ESPORTE,"R$ 330,95",1,Recife/PE/Brasil,Cartao de Credito,Devolvido
TRX0002468,PED001300,12-03-2025,CLI00251,Hub USB-C,Acessorios,"R$ 134,44",1,Recife/PE/Brasil,Cartao de Credito,Devolvido
TRX0002469,PED001300,12/03/2025,CLI00251,Camiseta Dry Fit,Esporte,"77,24",3,Recife/PE/Brasil,Cartao de Credito,DEVOLVIDO
TRX0002470,PED001300,2025-03-12,CLI00251,Mouse Sem Fio,Acessorios,93.50,2,Recife/PE/Brasil,Cartao de Credito,DEVOLVIDO
TRX0002471,PED001301,2025-03-25,CLI00681,Livro SQL Essencial,Livros,82.99,2,Rio de Janeiro/RJ/Brasil,Cartao de Credito,Entregue
TRX0002472,PED001302,2025-03-04,CLI00173,Tablet 10,Eletronicos,"1.346,30",1,Sao Paulo/SP/Brasil,Cartao de Credito,Processando
TRX0002473,PED001303,30-03-2025,CLI00515,Tenis Corrida Leve,Esporte,"R$ 314,65",2,Campinas/SP/Brasil,Pix,Entregue
TRX0002474,PED001304,07-03-2025,CLI00179,Notebook Ultrafino,Eletronicos,3278.45,1,Sao Paulo/SP/Brasil,Cartao de Credito,Entregue
TRX0002475,PED001305,2025-03-13,CLI00519,Jaqueta Corta Vento,Moda,"267,48",1,Brasilia/DF/Brasil,Cartao de Debito,Entregue
TRX0002476,PED001306,24/03/2025,CLI00541,Calca Jeans Reta,Moda,"183,54",1,Sao Paulo/SP/Brasil,Cartao de Credito,Entregue
TRX0002477,PED001307,2025-03-17,CLI00047,Tablet 10,Eletronicos,"1.368,52",3,Salvador/BA/Brasil,Pix,Entregue
TRX0002478,PED001307,17-03-2025,CLI00047,Tenis Corrida Leve,Esporte,"322,32",1,Salvador/BA/Brasil,Pix,Entregue
TRX0002479,PED001308,15/03/2025,CLI00480,Smart TV 50,Eletronicos,R$ ???,2,Porto Alegre/RS/Brasil,Cartao de Credito,Entregue
TRX0002480,PED001308,2025-03-15,CLI00480,Tablet 10,Eletronicos,"R$ 1.390,14",1,Porto Alegre/RS/Brasil,Cartao de Credito,Entregue
TRX0002481,PED001309,24/03/2025,,Livro Dados em Acao,Livros,93.03,1,Campinas/SP/Brasil,Cartao de Credito,Entregue
TRX0002482,PED001310,2025-03-14,CLI00100,Headset Gamer,Acessorios,249.18,2,Brasilia/DF/Brasil,Boleto,Entregue
TRX0002483,PED001311,21-03-2025,CLI00301,Livro Historia do Brasil,Livros,68.86,2,Sao Paulo/SP/Brasil,Cartao de Debito,ENTREGUE
TRX0002484,PED001312,22/03/2025,CLI00448,Carregador Turbo,Acessorios,100.42,1,Florianopolis/SC/Brasil,Cartao de Credito,Processando
TRX0002485,PED001313,15-03-2025,CLI00305,Tablet 10,Eletronicos,1304.66,1,Campinas/SP/Brasil,Pix,Entregue
TRX0002486,PED001314,24/03/2025,CLI00338,Mochila para Notebook,Acessorios,191.00,1,Belo Horizonte/MG/Brasil,Pix,Entregue
TRX0002487,PED001315,13-03-2025,CLI00169,Cafeteira Eletrica,CASA,"R$ 297,75",2,Porto Alegre/RS/Brasil,Pix,Entregue
TRX0002488,PED001315,00/00/0000,CLI00169,Liquidificador Potente,Casa,"R$ 229,85",2,Porto Alegre/RS/Brasil,Pix,Entregue
,PED001316,24/03/2025,CLI00125,Carregador Turbo,Acessorios,"R$ 100,09",1,Sao Paulo/SP/Brasil,Pix,Entregue
TRX0002490,PED001317,21-03-2025,CLI00097,Mochila para Notebook,Acessorios,"R$ 192,93",1,Campinas/SP/Brasil,Pix,Entregue
TRX0002491,PED001317,2025-03-21,CLI00097,Jogo de Panelas,Casa,427.47,1,Campinas/SP/Brasil,Pix,Entregue
TRX0002492,PED001318,sem data,CLI00389,Livro Dados em Acao,livros,"R$ 94,79",2,Sao Paulo/SP/Brasil,Cartao de Credito,Entregue
TRX0002493,PED001319,2025-03-27,CLI00662,Carregador Turbo,Acessorios,96.83,1,Recife/PE/Brasil,Pix,Entregue
TRX0002494,PED001319,2025-03-27,CLI00662,Calca Jeans Reta,MODA,180.65,2,Recife/PE/Brasil,Pix,Entregue
TRX0002495,PED001320,2025-03-19,CLI00427,Carregador Turbo,Acessorios,"R$ 102,51",1,Rio de Janeiro/RJ/Brasil,Cartao de Credito,Entregue
TRX0002496,PED001321,2025-03-17,CLI00556,Livro Historia do Brasil,LIVROS,"R$ 70,39",2,Sao Paulo/SP/Brasil,Boleto,Entregue
TRX0002497,PED001321,17-03-2025,CLI00556,Vestido Midi,Moda,"217,06",1,Sao Paulo/SP/Brasil,Boleto,Entregue
TRX0002498,PED001321,2025-03-17,CLI00556,Jaqueta Corta Vento,MODA,"R$ 268,44",1,Sao Paulo/SP/Brasil,Boleto,Entregue
TRX0002499,PED001322,28-03-2025,CLI00521,Luminaria de Mesa,Casa,"R$ 137,26",1,Uberlandia/MG/Brasil,Pix,Entregue
TRX0002500,PED001322,28/03/2025,CLI00521,Aspirador Robo,Casa,1695.22,1,Uberlandia/MG/Brasil,Pix,Entregue
TRX0002501,PED001322,2025-03-28,CLI00521,Cafeteira Eletrica,Casa,"302,36",1,Uberlandia/MG/Brasil,Pix,Entregue
TRX0002502,PED001322,2025-03-28,CLI00521,Notebook Ultrafino,Eletronicos,3480.06,1,Uberlandia/MG/Brasil,Pix,Entregue
TRX0002503,PED001323,2025-03-08,CLI00582,Garrafa Termica,Esporte,119.26,1,Belo Horizonte/MG/Brasil,Pix,Entregue
TRX0002504,PED001323,2025-03-08,CLI00582,Luminaria de Mesa,Casa,"R$ 134,55",1,Belo Horizonte/MG/Brasil,Pix,Entregue
TRX0002505,PED001324,2025-03-29,,Liquidificador Potente,Casa,"228,31",1,Sao Paulo/SP/Brasil,Cartao de Credito,Entregue
TRX0002506,PED001324,29-03-2025,CLI00645,Calca Jeans Reta,Moda,"190,37",1,Sao Paulo/SP/Brasil,Cartao de Credito,Entregue
TRX0002507,PED001324,2025-03-29,CLI00645,Luminaria de Mesa,Casa,133.40,1,Sao Paulo/SP/Brasil,Cartao de Credito,Entregue
TRX0002508,PED001324,2025-03-29,CLI00645,Smart TV 50,Eletronicos,"R$ 2.573,96",2,Sao Paulo/SP/Brasil,Cartao de Credito,Entregue
TRX0002509,PED001325,21/03/2025,CLI00413,Livro SQL Essencial,Livros,"79,15",1,Rio de Janeiro/RJ/Brasil,Cartao de Credito,Entregue
TRX0002510,PED001325,2025-03-21,CLI00413,Headset Gamer,Acessorios,277.28,1,Rio de Janeiro/RJ/Brasil,Cartao de Credito,Entregue
TRX0002511,PED001326,16-03-2025,CLI00500,Mouse Sem Fio,Acessorios,"88,71",1,Recife/PE/Brasil,Cartao de Credito,Entregue
TRX0002512,PED001326,2025-03-16,CLI00500,Smart TV 50,Eletronicos,"R$ 2.669,48",2,Recife/PE/Brasil,Cartao de Credito,ENTREGUE
TRX0002513,PED001327,2025-03-25,CLI00652,Halteres 10kg,Esporte,"R$ 199,05",1,Fortaleza/CE/Brasil,Cartao de Credito,Cancelado
TRX0002514,PED001327,2025-03-25,CLI00652,Cafeteira Eletrica,Casa,304.57,1,Fortaleza/CE/Brasil,Cartao de Credito,CANCELADO
TRX0002515,PED001327,25-03-2025,CLI00652,Mochila para Notebook,Acessorios,"185,52",2,Fortaleza/CE/Brasil,Cartao de Credito,Cancelado
TRX0002516,PED001327,2025-03-25,CLI00652,Carregador Turbo,Acessorios,103.45,1,Fortaleza/CE/Brasil,Cartao de Credito,Cancelado
TRX0002517,PED001328,2025-03-24,,Capa para Smartphone,acessorios,49.87,1,Belo Horizonte/MG/Brasil,Pix,Entregue
TRX0002518,PED001328,24-03-2025,CLI00567,Hub USB-C,acessorios,"129,69",1,Belo Horizonte/MG/Brasil,Pix,Entregue
TRX0002519,PED001329,2025-03-14,CLI00048,Notebook Gamer,Eletronicos,"R$ 5.152,39",1,Salvador/BA/Brasil,Pix,Entregue
TRX0002520,PED001329,14/03/2025,CLI00048,Headset Gamer,Acessorios,"R$ 259,71",1,Salvador/BA/Brasil,Pix,Entregue
TRX0002521,PED001329,14/03/2025,CLI00048,Livro SQL Essencial,Livros,"R$ 78,59",2,Salvador/BA/Brasil,Pix,Entregue
TRX0002522,PED001329,2025-03-14,CLI00048,Mochila para Notebook,Acessorios,190.26,2,Salvador/BA/Brasil,Pix,Entregue
TRX0002523,PED001330,2025-03-16,CLI00486,Luminaria de Mesa,Casa,147.72,1,Rio de Janeiro/RJ/Brasil,Cartao de Credito,Entregue
TRX0002524,PED001330,16-03-2025,CLI00486,Jaqueta Corta Vento,Moda,"R$ 274,92",2,Rio de Janeiro/RJ/Brasil,Cartao de Credito,Entregue
TRX0002525,PED001331,2025-03-07,CLI00064,Luminaria de Mesa,CASA,"137,53",1,Sao Paulo/SP/Brasil,Boleto,Entregue
TRX0002526,PED001332,2025-03-10,CLI00421,Garrafa Termica,Esporte,123.98,1,Porto Alegre/RS/Brasil,Cartao de Debito,Processando
TRX0002527,PED001332,2025-03-10,CLI00421,Camiseta Dry Fit,Esporte,"R$ 77,05",1,Porto Alegre/RS/Brasil,Cartao de Debito,Processando
TRX0002528,PED001332,10/03/2025,CLI00421,Mouse Sem Fio,Acessorios,93.57,1,Porto Alegre/RS/Brasil,Cartao de Debito,Processando
TRX0002529,PED001332,2025-03-10,CLI00421,Calca Jeans Reta,Moda,"R$ 187,14",2,Porto Alegre/RS/Brasil,Cartao de Debito,Processando
TRX0002530,PED001332,2025-03-10,CLI00421,Livro SQL Essencial,Livros,"75,94",1,Porto Alegre/RS/Brasil,Cartao de Debito,Processando
TRX0002531,PED001333,22/03/2025,CLI00361,Headset Gamer,Acessorios,264.51,1,Santos/SP/Brasil,Cartao de Debito,Entregue
TRX0002532,PED001334,2025-03-02,CLI00564,Cafeteira Eletrica,casa,305.80,1,Belo Horizonte/MG/Brasil,Cartao de Credito,Entregue
TRX0002533,PED001335,2025-03-27,CLI00305,Livro SQL Essencial,LIVROS,"76,28",1,Campinas/SP/Brasil,Cartao de Credito,Entregue
TRX0002534,PED001336,2025-03-31,CLI00059,Livro Dados em Acao,Livros,92.90,1,Santos/SP/Brasil,Cartao de Debito,Entregue
TRX0002535,PED001337,2025-03-22,CLI00355,,Acessorios,89.80,2,Sao Paulo/SP/Brasil,Cartao de Debito,Devolvido
TRX0002536,PED001338,2025-03-14,CLI00366,Mouse Sem Fio,acessorios,92.71,1,Porto Alegre/RS/Brasil,Cartao de Credito,Entregue
TRX0002537,PED001339,2025-03-19,CLI00699,Halteres 10kg,Esporte,"203,64",3,Santos/SP/Brasil,Cartao de Debito,Entregue
TRX0002538,PED001340,2025-03-26,CLI00451,Calca Jeans Reta,Moda,182.43,2,Curitiba/PR/Brasil,Cartao de Credito,Entregue
TRX0002539,PED001340,26/03/2025,CLI00451,Cafeteira Eletrica,Casa,"R$ 306,12",2,Curitiba/PR/Brasil,Cartao de Credito,Entregue
TRX0002540,PED001341,2025-03-27,CLI00374,Capa para Smartphone,Acessorios,"48,35",1,Rio de Janeiro/RJ/Brasil,Boleto,Entregue
TRX0002541,PED001341,2025-03-27,CLI00374,Halteres 10kg,Esporte,188.42,1,Rio de Janeiro/RJ/Brasil,Boleto,ENTREGUE
TRX0002542,PED001341,27-03-2025,CLI00374,Garrafa Termica,Esporte,115.03,1,Rio de Janeiro/RJ/Brasil,Boleto,Entregue
TRX0002543,PED001341,27-03-2025,CLI00374,Jaqueta Corta Vento,Moda,"267,23",2,Rio de Janeiro/RJ/Brasil,Boleto,Entregue
TRX0002544,PED001342,11-03-2025,CLI00421,Capa para Smartphone,Acessorios,"R$ 47,85",1,Porto Alegre/RS/Brasil,Pix,Devolvido
TRX0002545,PED001342,2025-03-11,CLI00421,Notebook Ultrafino,Eletronicos,3611.72,1,Porto Alegre/RS/Brasil,Pix,devolvido
TRX0002546,PED001342,11-03-2025,CLI00421,Tapete de Yoga,Esporte,"R$ 160,22",1,Porto Alegre/RS/Brasil,Pix,Devolvido
TRX0002547,PED001343,2025-03-14,CLI00196,Camisa Social Slim,Moda,171.71,2,Uberlandia/MG/Brasil,Pix,Entregue
TRX0002548,PED001344,2025-03-25,CLI00486,Carregador Turbo,ACESSORIOS,"97,91",2,Rio de Janeiro/RJ/Brasil,Cartao de Credito,Entregue
TRX0002549,PED001345,2025-03-14,CLI00179,Teclado Mecanico,Acessorios,"R$ 351,14",2,Sao Paulo/SP/Brasil,Boleto,Devolvido
TRX0002550,PED001346,28-03-2025,CLI00302,Headset Gamer,Acessorios,"R$ 265,78",1,Campinas/SP/Brasil,Pix,Devolvido
TRX0002551,PED001346,2025-03-28,,Monitor 27,Eletronicos,"R$ 1.215,69",1,Campinas/SP/Brasil,Pix,devolvido
TRX0002552,PED001347,29/03/2025,CLI00449,Mouse Sem Fio,Acessorios,91.04,1,Rio de Janeiro/RJ/Brasil,Cartao de Debito,Enviado
TRX0002553,PED001348,2025-03-05,CLI00358,Tapete de Yoga,Esporte,"R$ 142,70",1,Rio de Janeiro/RJ/Brasil,Cartao de Credito,Devolvido
TRX0002554,PED001348,05-03-2025,CLI00358,Halteres 10kg,Esporte,202.26,2,Rio de Janeiro/RJ/Brasil,Cartao de Credito,Devolvido
TRX0002555,PED001349,2025-03-24,CLI00025,Carregador Turbo,Acessorios,"R$ 105,37",1,Porto Alegre/RS/Brasil,Cartao de Credito,Entregue
TRX0002556,PED001349,2025-03-24,CLI00025,Garrafa Termica,Esporte,124.98,1,Porto Alegre/RS/Brasil,Cartao de Credito,Entregue
TRX0002557,PED001350,09-03-2025,CLI00286,Monitor 27,Eletronicos,1114.20,2,Curitiba/PR/Brasil,Pix,Enviado
TRX0002558,PED001351,2025-03-11,CLI00188,Notebook Ultrafino,Eletronicos,"R$ 3.420,03",3,Curitiba/PR/Brasil,Cartao de Debito,Entregue
TRX0002559,PED001351,11/03/2025,CLI00188,Liquidificador Potente,Casa,"R$ 234,31",1,Curitiba/PR/Brasil,Cartao de Debito,ENTREGUE
TRX0002560,PED001351,11-03-2025,CLI00188,Mouse Sem Fio,Acessorios,"R$ 92,25",1,Curitiba/PR/Brasil,Cartao de Debito,Entregue
TRX0002561,PED001351,2025-03-11,CLI00188,Luminaria de Mesa,Casa,"R$ 143,44",1,Curitiba/PR/Brasil,Cartao de Debito,Entregue
TRX0002562,PED001352,2025-03-03,CLI00366,Livro Dados em Acao,Livros,"R$ 90,85",1,Porto Alegre/RS/Brasil,Cartao de Credito,ENTREGUE
,PED001353,13/03/2025,CLI00582,Headset Gamer,Acessorios,"264,61",2,Belo Horizonte/MG/Brasil,Pix,Entregue
TRX0002564,PED001353,2025-03-13,CLI00582,Capa para Smartphone,Acessórios,"R$ 52,72",1,Belo Horizonte/MG/Brasil,Pix,Entregue
TRX0002565,PED001354,2025-03-26,CLI00196,Tenis Corrida Leve,Esporte,342.39,2,Uberlandia/MG/Brasil,Pix,Enviado
TRX0002566,PED001355,2025-03-16,CLI00088,Jaqueta Corta Vento,moda,279.37,2,Porto Alegre/RS/Brasil,Cartao de Credito,Processando
TRX0002567,PED001356,2025-03-29,CLI00233,Tenis Corrida Leve,Esporte,346.55,1,Sao Paulo/SP/Brasil,Pix,Entregue
TRX0002568,PED001356,2025-03-29,CLI00233,Camiseta Dry Fit,Esporte,80.44,3,Sao Paulo/SP/Brasil,Pix,Entregue
TRX0002569,PED001357,23-03-2025,CLI00642,Teclado Mecanico,acessorios,"R$ 365,49",1,Curitiba/PR/Brasil,Cartao de Credito,Entregue
TRX0002570,PED001357,2025-03-23,CLI00642,Calca Jeans Reta,Moda,196.02,2,Curitiba/PR/Brasil,Cartao de Credito,Entregue
TRX0002571,PED001358,2025-03-21,CLI00194,Halteres 10kg,Esporte,"R$ 192,86",3,Fortaleza/CE/Brasil,Cartao de Credito,Entregue
TRX0002572,PED001358,21/03/2025,CLI00194,Mochila para Notebook,acessorios,"183,36",1,Fortaleza/CE/Brasil,Cartao de Credito,Entregue
TRX0002573,PED001359,2025-03-15,CLI00337,Mouse Sem Fio,Acessórios,"R$ 95,09",1,Rio de Janeiro/RJ/Brasil,Pix,ENTREGUE
TRX0002574,PED001360,17/03/2025,CLI00081,Mouse Sem Fio,Acessorios,94.71,1,Sao Paulo/SP/Brasil,Cartao de Credito,Devolvido
TRX0002575,PED001360,17/03/2025,CLI00081,Liquidificador Potente,Casa,218.83,3,Sao Paulo/SP/Brasil,Cartao de Credito,DEVOLVIDO
TRX0002576,PED001361,13-03-2025,CLI00449,Tenis Corrida Leve,esporte,"334,94",1,Rio de Janeiro/RJ/Brasil,Cartao de Credito,Entregue
TRX0002577,PED001362,2025-03-10,CLI00355,Smart TV 50,Eletronicos,2494.10,1,Sao Paulo/SP/Brasil,Cartao de Credito,Entregue
TRX0002578,PED001362,10-03-2025,CLI00355,Calca Jeans Reta,MODA,188.57,1,Sao Paulo/SP/Brasil,Cartao de Credito,Entregue
TRX0002579,PED001363,23-03-2025,CLI00484,Jogo de Panelas,Casa,399.44,2,Rio de Janeiro/RJ/Brasil,Pix,ENTREGUE
TRX0002580,PED001363,2025-03-23,CLI00484,Livro Historia do Brasil,Livros,75.01,1,Rio de Janeiro/RJ/Brasil,Pix,entregue
TRX0002581,PED001363,23-03-2025,CLI00484,Halteres 10kg,Esporte,"R$ 189,35",1,Rio de Janeiro/RJ/Brasil,Pix,Entregue
TRX0002582,PED001364,2025-03-21,CLI00305,Livro Historia do Brasil,Livros,72.04,1,Campinas/SP/Brasil,Cartao de Credito,Entregue
TRX0002583,PED001364,2025-03-21,CLI00305,Livro Dados em Acao,LIVROS,"R$ 89,14",1,Campinas/SP/Brasil,Cartao de Credito,Entregue
TRX0002584,PED001365,11/03/2025,CLI00140,Cafeteira Eletrica,Casa,283.08,1,Rio de Janeiro/RJ/Brasil,Cartao de Credito,Entregue
TRX0002585,PED001365,2025-03-11,CLI00140,Monitor 27,eletronicos,"R$ 1.203,63",1,Rio de Janeiro/RJ/Brasil,Cartao de Credito,Entregue
TRX0002586,PED001366,03/03/2025,CLI00146,Cafeteira Eletrica,Casa,"287,27",2,Uberlandia/MG/Brasil,Pix,Entregue
TRX0002587,PED001367,2025-03-15,CLI00539,Carregador Turbo,Acessorios,101.41,1,Rio de Janeiro/RJ/Brasil,Pix,Cancelado
TRX0002588,PED001368,2025-03-23,CLI00140,Hub USB-C,Acessorios,"123,10",2,Rio de Janeiro/RJ/Brasil,Pix,Devolvido
TRX0002589,PED001369,2025-03-23,CLI00186,Capa para Smartphone,acessorios,53.35,4,Uberlandia/MG/Brasil,Cartao de Debito,Entregue
TRX0002590,PED001369,23/03/2025,CLI00186,Garrafa Termica,Esporte,117.04,1,Uberlandia/MG/Brasil,Cartao de Debito,Entregue
TRX0002591,PED001370,2025-03-20,CLI00004,Monitor 27,Eletronicos,"1.234,54",1,Sao Paulo/SP/Brasil,Cartao de Credito,Entregue
TRX0002592,PED001371,08-03-2025,CLI00645,Teclado Mecanico,Acessorios,"372,09",2,Sao Paulo/SP/Brasil,Boleto,Entregue
TRX0002593,PED001372,11/03/2025,CLI00047,Luminaria de Mesa,Casa,"R$ 136,87",2,Salvador/BA/Brasil,Cartao de Debito,Entregue
TRX0002594,PED001372,2025-03-11,CLI00047,Livro Historia do Brasil,Livros,"R$ 69,13",2,Salvador/BA/Brasil,Cartao de Debito,Entregue
TRX0002595,PED001373,2025-03-10,CLI00491,Livro Historia do Brasil,Livros,69.99,2,Sao Paulo/SP/Brasil,Pix,Entregue
TRX0002596,PED001374,2025-03-10,CLI00389,Cafeteira Eletrica,Casa,277.37,1,Sao Paulo/SP/Brasil,Boleto,Entregue
,PED001375,2025-03-09,CLI00462,Tapete de Yoga,Esporte,"R$ 151,72",2,Goiania/GO/Brasil,Cartao de Credito,Entregue
TRX0002598,PED001376,2025-03-11,CLI00179,Tapete de Yoga,Esporte,150.10,1,Sao Paulo/SP/Brasil,Pix,Entregue
TRX0002599,PED001377,2025-03-18,CLI00355,Aspirador Robo,Casa,1577.31,2,Sao Paulo/SP/Brasil,Cartao de Credito,Devolvido
TRX0002600,PED001378,2025-03-17,CLI00162,Garrafa Termica,Esporte,"126,67",3,Campinas/SP/Brasil,Pix,Cancelado
TRX0002601,PED001379,2025-03-14,CLI00519,Notebook Gamer,Eletronicos,"R$ 4.738,67",1,Brasilia/DF/Brasil,Pix,Entregue
TRX0002602,PED001379,14/03/2025,CLI00519,Headset Gamer,Acessorios,"262,52",1,Brasilia/DF/Brasil,Pix,Entregue
TRX0002603,PED001380,2025-03-25,CLI00665,Capa para Smartphone,Acessorios,"R$ 48,28",1,Niteroi/RJ/Brasil,Cartao de Credito,ENTREGUE
TRX0002604,PED001380,2025-03-25,CLI00665,Notebook Gamer,Eletronicos,"4.713,13",2,Niteroi/RJ/Brasil,Cartao de Credito,Entregue
TRX0002605,PED001380,25-03-2025,CLI00665,Jaqueta Corta Vento,MODA,"R$ 264,09",2,Niteroi/RJ/Brasil,Cartao de Credito,Entregue
TRX0002606,PED001380,25-03-2025,CLI00665,Cafeteira Eletrica,Casa,"286,90",1,Niteroi/RJ/Brasil,Cartao de Credito,ENTREGUE
TRX0002607,PED001381,2025-03-09,CLI00186,Camisa Social Slim,Moda,157.00,1,Uberlandia/MG/Brasil,Pix,Entregue
TRX0002608,PED001382,2025-03-03,CLI00510,Livro Historia do Brasil,LIVROS,"74,58",1,Curitiba/PR/Brasil,Cartao de Credito,Entregue
TRX0002609,PED001382,2025-03-03,CLI00510,Livro SQL Essencial,Livros,"R$ 84,34",1,Curitiba/PR/Brasil,Cartao de Credito,Entregue
TRX0002610,PED001383,15/03/2025,CLI00341,Livro Historia do Brasil,Livros,"70,87",1,Sao Paulo/SP/Brasil,Boleto,Entregue
TRX0002611,PED001383,15/03/2025,CLI00341,Tablet 10,Eletronicos,"1.308,32",1,Sao Paulo/SP/Brasil,Boleto,Entregue
TRX0002612,PED001384,2025-03-13,CLI00489,Halteres 10kg,Esporte,181.49,1,Uberlandia/MG/Brasil,Cartao de Credito,Entregue
TRX0002613,PED001385,2025-03-30,CLI00435,Teclado Mecanico,Acessorios,"R$ 364,01",1,Salvador/BA/Brasil,Cartao de Debito,Cancelado
TRX0002614,PED001385,2025-03-30,CLI00435,Livro Historia do Brasil,Livros,"R$ 69,85",2,Salvador/BA/Brasil,Cartao de Debito,Cancelado
TRX0002615,PED001385,2025-03-30,CLI00435,Camisa Social Slim,MODA,"157,09",1,Salvador/BA/Brasil,Cartao de Debito,Cancelado
TRX0002616,PED001386,2025-03-22,CLI00520,Liquidificador Potente,Casa,227.69,1,Belo Horizonte/MG/Brasil,Cartao de Credito,Enviado
TRX0002617,PED001386,22-03-2025,CLI00520,Jogo de Panelas,Casa,"427,92",2,Belo Horizonte/MG/Brasil,Cartao de Credito,Enviado
TRX0002618,PED001387,2025-03-28,CLI00480,Tenis Corrida Leve,Esporte,349.80,1,Porto Alegre/RS/Brasil,Pix,Entregue
TRX0002619,PED001387,2025-03-28,CLI00480,Livro Historia do Brasil,Livros,"R$ 66,98",2,Porto Alegre/RS/Brasil,Pix,Entregue
TRX0002620,PED001387,28-03-2025,CLI00480,Livro Dados em Acao,Livros,"R$ 85,22",1,Porto Alegre/RS/Brasil,Pix,Entregue
TRX0002621,PED001387,2025-03-28,CLI00480,Garrafa Termica,Esporte,"R$ 114,57",1,Porto Alegre/RS/Brasil,Pix,entregue
TRX0002622,PED001388,28-03-2025,CLI00672,Livro Historia do Brasil,Livros,71.51,4,Curitiba/PR/Brasil,Cartao de Debito,ENTREGUE
TRX0002623,PED001388,28/03/2025,CLI00672,Hub USB-C,Acessorios,137.56,1,Curitiba/PR/Brasil,Cartao de Debito,Entregue
TRX0002624,PED001389,2025-03-01,CLI00014,Mochila para Notebook,Acessorios,"R$ 173,17",2,Curitiba/PR/Brasil,Pix,Entregue
TRX0002625,PED001389,2025-03-01,CLI00014,Luminaria de Mesa,Casa,"R$ 138,59",1,Curitiba/PR/Brasil,Pix,Entregue
TRX0002626,PED001390,2025-03-28,CLI00305,Livro Historia do Brasil,Livros,72.57,2,Campinas/SP/Brasil,Boleto,Entregue
TRX0002627,PED001390,2025-03-28,CLI00305,Jogo de Panelas,Casa,"R$ 405,01",1,Campinas/SP/Brasil,Boleto,Entregue
,PED001391,2025-03-13,CLI00447,Camiseta Dry Fit,Esporte,"R$ 80,70",1,Sao Paulo/SP/Brasil,Cartao de Credito,Entregue
TRX0002629,PED001391,2025-03-13,CLI00447,Mouse Sem Fio,Acessorios,"R$ 88,43",1,Sao Paulo/SP/Brasil,Cartao de Credito,Entregue
TRX0002630,PED001392,2025-03-20,CLI00560,Camisa Social Slim,Moda,152.28,2,Curitiba/PR/Brasil,Cartao de Credito,Entregue
TRX0002631,PED001393,25-03-2025,CLI00461,Tenis Corrida Leve,Esporte,315.17,1,Porto Alegre/RS/Brasil,Pix,CANCELADO
TRX0002632,PED001393,25-03-2025,CLI00461,Garrafa Termica,Esporte,"120,67",1,Porto Alegre/RS/Brasil,Pix,Cancelado
TRX0002633,PED001394,30/03/2025,CLI00250,Cafeteira Eletrica,Casa,"R$ 307,07",3,Sao Paulo/SP/Brasil,Cartao de Credito,Cancelado
TRX0002634,PED001394,2025-03-30,CLI00250,Liquidificador Potente,casa,"R$ 227,18",1,Sao Paulo/SP/Brasil,Cartao de Credito,Cancelado
TRX0002635,PED001394,2025-03-30,CLI00250,Camisa Social Slim,Moda,"R$ 167,14",0,Sao Paulo/SP/Brasil,Cartao de Credito,Cancelado
TRX0002636,PED001394,2025-03-30,CLI00250,Carregador Turbo,Acessorios,105.19,2,Sao Paulo/SP/Brasil,Cartao de Credito,CANCELADO
TRX0002637,PED001395,09/03/2025,CLI00512,Mouse Sem Fio,Acessorios,"R$ 94,73",1,Rio de Janeiro/RJ/Brasil,Cartao de Debito,Entregue
TRX0002638,PED001396,26-03-2025,CLI00617,Camiseta Dry Fit,Esporte,"R$ 83,51",1,Recife/PE/Brasil,Cartao de Credito,Entregue
TRX0002639,PED001396,2025-03-26,CLI00617,Notebook Gamer,Eletronicos,"R$ 4.795,98",1,Recife/PE/Brasil,Cartao de Credito,Entregue
TRX0002640,PED001396,2025-03-26,CLI00617,Notebook Ultrafino,Eletronicos,3593.42,2,Recife/PE/Brasil,Cartao de Credito,Entregue
TRX0002641,PED001396,26-03-2025,CLI00617,Mouse Sem Fio,Acessorios,"R$ 89,77",4,Recife/PE/Brasil,Cartao de Credito,Entregue
TRX0002642,PED001397,15/03/2025,CLI00070,Jaqueta Corta Vento,Moda,277.28,1,Sao Paulo/SP/Brasil,Boleto,Enviado
TRX0002643,PED001397,15-03-2025,CLI00070,Tapete de Yoga,Esporte,"R$ 157,93",1,Sao Paulo/SP/Brasil,Boleto,Enviado
TRX0002644,PED001397,15/03/2025,CLI00070,,Acessorios,"R$ 272,48",1,Sao Paulo/SP/Brasil,Boleto,Enviado
TRX0002645,PED001398,2025-03-21,CLI00631,Calca Jeans Reta,Moda,192.04,1,Campinas/SP/Brasil,Boleto,Entregue
TRX0002646,PED001398,2025-03-21,CLI00631,Teclado Mecanico,Acessorios,"349,73",1,Campinas/SP/Brasil,Boleto,Entregue
TRX0002647,PED001399,29-03-2025,CLI00660,Camiseta Dry Fit,Esporte,"R$ 85,41",1,Niteroi/RJ/Brasil,Boleto,Entregue
TRX0002648,PED001399,2025-03-29,CLI00660,Smart TV 50,Eletronicos,"R$ 2.505,25",1,Niteroi/RJ/Brasil,Boleto,Entregue
TRX0002649,PED001400,16/03/2025,CLI00577,Tenis Corrida Leve,Esporte,"R$ 351,31",1,Rio de Janeiro/RJ/Brasil,Boleto,Entregue
TRX0002650,PED001401,2025-03-30,CLI00169,Tapete de Yoga,Esporte,"144,95",1,Porto Alegre/RS/Brasil,Boleto,Entregue
TRX0002651,PED001401,2025-03-30,CLI00169,Halteres 10kg,Esporte,"R$ 196,33",2,Porto Alegre/RS/Brasil,Boleto,Entregue
TRX0002652,PED001402,07/03/2025,CLI00282,Monitor 27,Eletronicos,"1.154,81",1,Belo Horizonte/MG/Brasil,Cartao de Debito,Entregue
TRX0002653,PED001402,07/03/2025,CLI00282,Camisa Social Slim,Moda,"R$ 165,24",1,Belo Horizonte/MG/Brasil,Cartao de Debito,Entregue
TRX0002654,PED001403,2025-03-07,CLI00179,Jaqueta Corta Vento,moda,276.20,1,Sao Paulo/SP/Brasil,Pix,Entregue
TRX0002655,PED001404,2025-03-09,CLI00300,Hub USB-C,Acessorios,130.38,1,Brasilia/DF/Brasil,Pix,entregue
TRX0002656,PED001404,09/03/2025,CLI00300,Headset Gamer,Acessorios,257.58,1,Brasilia/DF/Brasil,Pix,Entregue
TRX0002657,PED001404,2025-03-09,CLI00300,Tenis Corrida Leve,Esporte,322.41,1,Brasilia/DF/Brasil,Pix,Entregue
TRX0002658,PED001404,2025-03-09,CLI00300,Jaqueta Corta Vento,Moda,1743.19,1,Brasilia/DF/Brasil,Pix,Entregue
TRX0002659,PED001405,2025-03-15,CLI00486,Garrafa Termica,Esporte,"R$ 124,52",2,Rio de Janeiro/RJ/Brasil,Cartao de Credito,Cancelado
TRX0002660,PED001405,2025-03-15,CLI00486,Capa para Smartphone,Acessorios,"R$ 50,56",3,Rio de Janeiro/RJ/Brasil,Cartao de Credito,Cancelado
TRX0002661,PED001406,2025-03-26,CLI00483,Capa para Smartphone,Acessorios,50.23,2,Recife/PE/Brasil,Cartao de Credito,Cancelado
TRX0002662,PED001406,26-03-2025,CLI00483,Monitor 27,Eletronicos,"R$ 1.132,01",1,Recife/PE/Brasil,Cartao de Credito,Cancelado
TRX0002663,PED001406,2025-03-26,CLI00483,Tapete de Yoga,Esporte,"143,78",1,Recife/PE/Brasil,Cartao de Credito,Cancelado
TRX0002664,PED001406,26/03/2025,CLI00483,Camiseta Dry Fit,Esporte,79.53,1,Recife/PE/Brasil,Cartao de Credito,Cancelado
TRX0002665,PED001407,05/03/2025,CLI00090,Jogo de Panelas,Casa,"R$ 391,85",1,Rio de Janeiro/RJ/Brasil,Cartao de Credito,Entregue
TRX0002666,PED001408,2025-03-27,CLI00425,Tenis Corrida Leve,Esporte,"352,98",3,Sao Paulo/SP/Brasil,Cartao de Credito,entregue
TRX0002667,PED001409,2025-03-19,CLI00596,Tapete de Yoga,Esporte,"R$ 150,51",1,Rio de Janeiro/RJ/Brasil,Pix,Entregue
TRX0002668,PED001410,2025-03-10,CLI00351,Jogo de Panelas,Casa,"R$ 379,62",1,Sao Paulo/SP/Brasil,Pix,Entregue
TRX0002669,PED001411,2025-03-07,CLI00699,Camiseta Dry Fit,Esporte,"83,22",1,Santos/SP/Brasil,Cartao de Debito,Entregue
TRX0002670,PED001411,07/03/2025,CLI00699,Mouse Sem Fio,Acessorios,93.85,1,Santos/SP/Brasil,Cartao de Debito,Entregue
TRX0002671,PED001411,2025-03-07,CLI00699,Luminaria de Mesa,Casa,147.68,3,Santos/SP/Brasil,Cartao de Debito,Entregue
TRX0002672,PED001411,07/03/2025,CLI00699,Notebook Ultrafino,Eletrônicos,3373.38,1,Santos/SP/Brasil,Cartao de Debito,entregue
TRX0002673,PED001412,08/03/2025,CLI00615,Tablet 10,Eletronicos,"1.238,02",4,Campinas/SP/Brasil,Cartao de Credito,entregue
TRX0002674,PED001412,08/03/2025,CLI00615,Camiseta Dry Fit,Esporte,"R$ 77,04",1,Campinas/SP/Brasil,Cartao de Credito,Entregue
TRX0002675,PED001412,2025-03-08,CLI00615,Calca Jeans Reta,Moda,180.89,2,Campinas/SP/Brasil,Cartao de Credito,Entregue
TRX0002676,PED001412,2025-03-08,CLI00615,Livro Historia do Brasil,Livros,"66,43",1,Campinas/SP/Brasil,Cartao de Credito,Entregue
TRX0002677,PED001413,12/03/2025,CLI00515,Hub USB-C,acessorios,"125,93",1,Campinas/SP/Brasil,Pix,entregue
TRX0002678,PED001414,27-03-2025,CLI00126,Camiseta Dry Fit,Esporte,"R$ 82,46",4,Curitiba/PR/Brasil,Cartao de Debito,Entregue
TRX0002679,PED001415,20/03/2025,CLI00134,Hub USB-C,Acessorios,"126,37",4,Porto Alegre/RS/Brasil,Cartao de Credito,Entregue
TRX0002680,PED001415,20-03-2025,CLI00134,Camiseta Dry Fit,Esporte,"R$ 78,52",3,Porto Alegre/RS/Brasil,Cartao de Credito,Entregue
TRX0002681,PED001416,2025-03-25,CLI00322,Notebook Ultrafino,Eletronicos,"R$ 3.346,21",1,Curitiba/PR/Brasil,Cartao de Credito,Entregue
TRX0002682,PED001417,10-03-2025,CLI00204,Hub USB-C,Acessorios,139.23,2,Niteroi/RJ/Brasil,Pix,Entregue
TRX0002683,PED001417,10-03-2025,CLI00204,Headset Gamer,Acessorios,279.16,1,Niteroi/RJ/Brasil,Pix,Entregue
TRX0002684,PED001417,10/03/2025,CLI00204,Jogo de Panelas,Casa,"R$ 393,96",2,Niteroi/RJ/Brasil,Pix,Entregue
TRX0002685,PED001418,16/03/2025,CLI00450,Camiseta Dry Fit,Esporte,"85,54",1,Sao Paulo/SP/Brasil,Pix,Entregue
TRX0002686,PED001418,,CLI00450,Garrafa Termica,Esporte,127.55,1,Sao Paulo/SP/Brasil,Pix,Entregue
TRX0002687,PED001418,16/03/2025,CLI00450,Cafeteira Eletrica,CASA,300.26,1,Sao Paulo/SP/Brasil,Pix,Entregue
TRX0002688,PED001418,2025-03-16,CLI00450,Liquidificador Potente,casa,"209,09",1,Sao Paulo/SP/Brasil,Pix,Entregue
TRX0002689,PED001419,2025-03-20,CLI00172,Luminaria de Mesa,CASA,133.89,1,Fortaleza/CE/Brasil,Cartao de Credito,Entregue
TRX0002690,PED001419,31/02/2025,CLI00172,Notebook Gamer,Eletronicos,5162.37,2,Fortaleza/CE/Brasil,Cartao de Credito,Entregue
TRX0002691,PED001419,2025-03-20,CLI00172,Aspirador Robo,casa,"1.535,59",2,Fortaleza/CE/Brasil,Cartao de Credito,Entregue
TRX0002692,PED001419,20-03-2025,CLI00172,Monitor 27,Eletronicos,"R$ 1.098,96",2,Fortaleza/CE/Brasil,Cartao de Credito,Entregue
TRX0002693,PED001420,09/03/2025,CLI00563,Capa para Smartphone,Acessorios,"50,13",2,Porto Alegre/RS/Brasil,Pix,Entregue
,PED001421,30/03/2025,CLI00029,Liquidificador Potente,Casa,"R$ 212,27",1,Campinas/SP/Brasil,Pix,Entregue
TRX0002695,PED001421,30/03/2025,CLI00029,Carregador Turbo,Acessorios,104.06,3,Campinas/SP/Brasil,Pix,Entregue
TRX0002696,PED001422,2025-03-07,CLI00539,Vestido Midi,Moda,"R$ 215,71",1,Rio de Janeiro/RJ/Brasil,Boleto,Entregue
TRX0002697,PED001423,05/03/2025,CLI00070,Vestido Midi,Moda,"R$ 211,69",1,Sao Paulo/SP/Brasil,Cartao de Credito,Cancelado
TRX0002698,PED001424,12/03/2025,CLI00114,Liquidificador Potente,Casa,"R$ 230,41",1,Curitiba/PR/Brasil,Cartao de Credito,Entregue
TRX0002699,PED001425,2025-03-20,CLI00014,Mouse Sem Fio,Acessorios,"93,04",2,Curitiba/PR/Brasil,Pix,Entregue
TRX0002700,PED001426,2025-03-15,CLI00097,Tenis Corrida Leve,Esporte,"R$ 327,62",1,Campinas/SP/Brasil,Cartao de Credito,Entregue
TRX0002701,PED001427,2025-03-23,CLI00629,Livro SQL Essencial,livros,"R$ 77,95",1,Rio de Janeiro/RJ/Brasil,Pix,Enviado
TRX0002702,PED001428,2025-03-24,CLI00666,Garrafa Termica,ESPORTE,"116,47",3,Sao Paulo/SP/Brasil,Boleto,Enviado
TRX0002703,PED001428,2025-03-24,CLI00666,Tenis Corrida Leve,Esporte,312.82,4,Sao Paulo/SP/Brasil,Boleto,enviado
TRX0002704,PED001429,15-03-2025,CLI00001,Halteres 10kg,Esporte,"R$ 195,03",1,Recife/PE/Brasil,Cartao de Credito,Devolvido
TRX0002705,PED001429,15-03-2025,CLI00001,Mochila para Notebook,Acessorios,174.51,1,Recife/PE/Brasil,Cartao de Credito,Devolvido
TRX0002706,PED001430,2025-03-29,CLI00474,Headset Gamer,Acessorios,"279,48",1,Curitiba/PR/Brasil,Cartao de Debito,Entregue
TRX0002707,PED001430,2025-03-29,CLI00474,Livro Historia do Brasil,Livros,"70,11",1,Curitiba/PR/Brasil,Cartao de Debito,ENTREGUE
TRX0002708,PED001430,29-03-2025,,Smartphone X200,Eletronicos,"2.286,15",2,Curitiba/PR/Brasil,Cartao de Debito,Entregue
TRX0002709,PED001430,,CLI00474,Hub USB-C,Acessorios,126.89,1,Curitiba/PR/Brasil,Cartao de Debito,entregue
TRX0002710,PED001431,19/03/2025,CLI00521,Cafeteira Eletrica,Casa,"311,25",2,Uberlandia/MG/Brasil,Pix,Entregue
TRX0002711,PED001431,2025-03-19,CLI00521,Livro Dados em Acao,Livros,96.02,1,Uberlandia/MG/Brasil,Pix,entregue
TRX0002712,PED001431,19/03/2025,CLI00521,Liquidificador Potente,Casa,210.99,1,Uberlandia/MG/Brasil,Pix,Entregue
TRX0002713,PED001432,12-03-2025,CLI00491,Calca Jeans Reta,Moda,"R$ 182,32",1,Sao Paulo/SP/Brasil,Cartao de Credito,Entregue
TRX0002714,PED001433,2025-03-06,CLI00603,Smart TV 50,Eletrônicos,"R$ 2.517,41",1,Salvador/BA/Brasil,Pix,Devolvido
TRX0002715,PED001433,2025-03-06,CLI00603,Mochila para Notebook,acessorios,"R$ 193,28",1,Salvador/BA/Brasil,Pix,Devolvido
TRX0002716,PED001433,06/03/2025,CLI00603,Aspirador Robo,casa,"R$ 1.584,47",2,Salvador/BA/Brasil,Pix,Devolvido
TRX0002717,PED001434,2025-03-08,CLI00064,Tapete de Yoga,Esporte,153.74,1,Sao Paulo/SP/Brasil,Cartao de Credito,Entregue
TRX0002718,PED001435,2025-03-24,CLI00011,Jaqueta Corta Vento,MODA,276.39,1,Sao Paulo/SP/Brasil,Boleto,Entregue
TRX0002719,PED001436,2025-03-29,CLI00577,Aspirador Robo,CASA,"R$ 1.523,60",1,Rio de Janeiro/RJ/Brasil,Cartao de Credito,Entregue
TRX0002720,PED001436,2025-03-29,CLI00577,Camiseta Dry Fit,Esporte,80.07,1,Rio de Janeiro/RJ/Brasil,Cartao de Credito,entregue
TRX0002721,PED001436,2025-03-29,CLI00577,Halteres 10kg,Esporte,186.61,1,Rio de Janeiro/RJ/Brasil,Cartao de Credito,Entregue
TRX0002722,PED001436,2025-03-29,CLI00577,Vestido Midi,Moda,228.12,1,Rio de Janeiro/RJ/Brasil,Cartao de Credito,Entregue
TRX0002723,PED001436,2025-03-29,CLI00577,Smartphone X200,Eletronicos,"R$ 2.320,07",2,Rio de Janeiro/RJ/Brasil,Cartao de Credito,Entregue
TRX0002724,PED001437,2025-03-24,CLI00242,Mochila para Notebook,Acessorios,"R$ 177,87",2,Sao Paulo/SP/Brasil,Cartao de Credito,Entregue
TRX0002725,PED001437,24/03/2025,CLI00242,Tapete de Yoga,Esporte,"R$ 142,60",1,Sao Paulo/SP/Brasil,Cartao de Credito,Entregue
TRX0002726,PED001438,2025-03-16,CLI00064,Luminaria de Mesa,Casa,"R$ 148,66",3,Sao Paulo/SP/Brasil,Boleto,Entregue
TRX0002727,PED001438,2025-03-16,CLI00064,Hub USB-C,Acessorios,"R$ 128,57",2,Sao Paulo/SP/Brasil,Boleto,Entregue
TRX0002728,PED001439,2025-03-04,CLI00514,Livro Dados em Acao,Livros,91.15,1,Campinas/SP/Brasil,Boleto,Entregue
TRX0002729,PED001440,2025-03-06,CLI00425,Aspirador Robo,Casa,1696.00,1,Sao Paulo/SP/Brasil,Pix,Entregue
TRX0002730,PED001440,06/03/2025,CLI00425,Smart TV 50,Eletronicos,"R$ 2.524,36",2,Sao Paulo/SP/Brasil,Pix,Entregue
TRX0002731,PED001441,14-03-2025,CLI00126,Smart TV 50,Eletronicos,"2.705,85",1,Curitiba/PR/Brasil,Cartao de Debito,Enviado
TRX0002732,PED001441,2025-03-14,CLI00126,Notebook Gamer,eletronicos,"R$ 4.759,80",1,Curitiba/PR/Brasil,Cartao de Debito,Enviado
TRX0002733,PED001441,14/03/2025,CLI00126,Capa para Smartphone,Acessorios,53.13,1,Curitiba/PR/Brasil,Cartao de Debito,Enviado
TRX0002734,PED001441,2025-03-14,CLI00126,Liquidificador Potente,casa,"223,84",1,Curitiba/PR/Brasil,Cartao de Debito,Enviado
TRX0002735,PED001442,2025-03-25,CLI00577,Monitor 27,ELETRONICOS,"1.095,36",2,Rio de Janeiro/RJ/Brasil,Pix,Entregue
TRX0002736,PED001442,2025-03-25,CLI00577,Calca Jeans Reta,Moda,191.41,1,Rio de Janeiro/RJ/Brasil,Pix,Entregue
TRX0002737,PED001442,2025-03-25,CLI00577,Garrafa Termica,Esporte,115.02,1,Rio de Janeiro/RJ/Brasil,Pix,Entregue
TRX0002738,PED001443,02/03/2025,CLI00515,Luminaria de Mesa,Casa,142.66,1,Campinas/SP/Brasil,Cartao de Credito,Devolvido
TRX0002739,PED001443,2025-03-02,CLI00515,Camisa Social Slim,Moda,"R$ 156,27",1,Campinas/SP/Brasil,Cartao de Credito,Devolvido
TRX0002740,PED001444,2025-03-15,CLI00163,Vestido Midi,Moda,"230,41",1,Sao Paulo/SP/Brasil,Pix,Entregue
TRX0002741,PED001444,2025-03-15,CLI00163,Tapete de Yoga,Esporte,"152,84",1,Sao Paulo/SP/Brasil,Pix,Entregue
TRX0002742,PED001445,2025-03-14,CLI00083,Cafeteira Eletrica,casa,"R$ 303,21",1,Campinas/SP/Brasil,Pix,Entregue
TRX0002743,PED001446,04-03-2025,CLI00417,Jaqueta Corta Vento,Moda,"R$ 266,38",4,Sao Paulo/SP/Brasil,Cartao de Credito,Cancelado
TRX0002744,PED001446,04/03/2025,CLI00417,Notebook Ultrafino,Eletronicos,3724.56,2,Sao Paulo/SP/Brasil,Cartao de Credito,Cancelado
TRX0002745,PED001447,30/03/2025,CLI00305,Camiseta Dry Fit,Esporte,"R$ 82,19",1,Campinas/SP/Brasil,Cartao de Credito,Entregue
TRX0002746,PED001448,2025-04-25,CLI00067,Liquidificador Potente,Casa,"217,50",1,Brasilia/DF/Brasil,Cartao de Credito,Processando
TRX0002747,PED001449,2025-04-24,CLI00244,Teclado Mecanico,Acessorios,338.85,3,Florianopolis/SC/Brasil,Cartao de Credito,Entregue
TRX0002748,PED001450,2025-04-15,CLI00360,Livro Historia do Brasil,Livros,"R$ 73,40",1,Belo Horizonte/MG/Brasil,Pix,Devolvido
TRX0002749,PED001451,20-04-2025,CLI00370,Camisa Social Slim,Moda,"168,81",2,Uberlandia/MG/Brasil,Pix,Entregue
TRX0002750,PED001451,2025-04-20,CLI00370,Camiseta Dry Fit,Esporte,"77,98",1,Uberlandia/MG/Brasil,Pix,Entregue
TRX0002751,PED001451,2025-04-20,CLI00370,Notebook Ultrafino,Eletronicos,"R$ 3.281,06",1,Uberlandia/MG/Brasil,Pix,Entregue
TRX0002752,PED001452,07/04/2025,CLI00187,,ELETRONICOS,12637.86,1,Brasilia/DF/Brasil,Cartao de Credito,Entregue
TRX0002753,PED001452,07/04/2025,CLI00187,Notebook Ultrafino,Eletronicos,3301.28,1,Brasilia/DF/Brasil,Cartao de Credito,Entregue
TRX0002754,PED001453,2025-04-22,CLI00500,Smartphone X200,Eletronicos,2336.31,2,Recife/PE/Brasil,Pix,Entregue
TRX0002755,PED001453,2025-04-22,CLI00500,Capa para Smartphone,Acessorios,49.54,1,Recife/PE/Brasil,Pix,Entregue
TRX0002756,PED001453,22-04-2025,CLI00500,Smart TV 50,Eletronicos,"R$ 2.580,97",1,Recife/PE/Brasil,Pix,Entregue
TRX0002757,PED001454,19-04-2025,CLI00055,Garrafa Termica,Esporte,"R$ 119,64",1,Recife/PE/Brasil,Cartao de Credito,Entregue
TRX0002758,PED001454,19-04-2025,CLI00055,Mochila para Notebook,Acessorios,176.03,3,Recife/PE/Brasil,Cartao de Credito,Entregue
TRX0002759,PED001455,13/04/2025,CLI00669,Tapete de Yoga,Esporte,"R$ 154,41",1,Salvador/BA/Brasil,Cartao de Credito,Entregue
TRX0002760,PED001455,13/04/2025,CLI00669,Garrafa Termica,esporte,"R$ 119,66",1,Salvador/BA/Brasil,Cartao de Credito,Entregue
TRX0002761,PED001456,30/04/2025,CLI00615,Tapete de Yoga,Esporte,"159,81",2,Campinas/SP/Brasil,Cartao de Credito,Entregue
TRX0002762,PED001456,2025-04-30,CLI00615,Luminaria de Mesa,Casa,"R$ 143,76",1,Campinas/SP/Brasil,Cartao de Credito,entregue
TRX0002763,PED001457,2025-04-09,CLI00499,Aspirador Robo,CASA,"R$ 1.687,22",1,Porto Alegre/RS/Brasil,Pix,Entregue
TRX0002764,PED001457,09/04/2025,CLI00499,Smartphone X200,eletronicos,"R$ 2.143,33",2,Porto Alegre/RS/Brasil,Pix,Entregue
TRX0002765,PED001458,27-04-2025,CLI00537,Livro SQL Essencial,Livros,"R$ 79,95",1,Uberlandia/MG/Brasil,Pix,Entregue
TRX0002766,PED001459,18/04/2025,CLI00537,Mochila para Notebook,Acessorios,"R$ 186,42",1,Uberlandia/MG/Brasil,Cartao de Credito,entregue
TRX0002767,PED001460,2025-04-06,CLI00036,Tenis Corrida Leve,Esporte,"R$ 329,75",1,Uberlandia/MG/Brasil,Pix,Entregue
TRX0002768,PED001461,2025-04-05,CLI00303,Tenis Corrida Leve,Esporte,"R$ 321,54",3,Goiania/GO/Brasil,Cartao de Credito,Enviado
TRX0002769,PED001462,18/04/2025,CLI00058,Aspirador Robo,Casa,"R$ 1.552,48",3,Florianopolis/SC/Brasil,Boleto,Devolvido
TRX0002770,PED001463,2025-04-21,CLI00212,Cafeteira Eletrica,CASA,292.35,1,Curitiba/PR/Brasil,Pix,Entregue
TRX0002771,PED001463,2025-04-21,CLI00212,Liquidificador Potente,Casa,"217,87",1,Curitiba/PR/Brasil,Pix,Entregue
TRX0002772,PED001463,2025-04-21,CLI00212,Jogo de Panelas,Casa,"396,74",2,Curitiba/PR/Brasil,Pix,Entregue
TRX0002773,PED001464,2025-04-13,CLI00377,Jaqueta Corta Vento,MODA,"R$ 276,26",1,Rio de Janeiro/RJ/Brasil,Pix,Entregue
TRX0002774,PED001464,2025-04-13,CLI00377,Tenis Corrida Leve,ESPORTE,338.07,1,Rio de Janeiro/RJ/Brasil,Pix,Entregue
TRX0002775,PED001464,13/04/2025,CLI00377,Mouse Sem Fio,Acessorios,96.93,1,Rio de Janeiro/RJ/Brasil,Pix,Entregue
TRX0002776,PED001464,2025-04-13,CLI00377,Vestido Midi,Moda,"R$ 223,94",4,Rio de Janeiro/RJ/Brasil,Pix,Entregue
TRX0002777,PED001465,01-04-2025,CLI00180,Tablet 10,Eletronicos,1266.34,1,Belo Horizonte/MG/Brasil,Cartao de Credito,Entregue
TRX0002778,PED001466,2025-04-13,CLI00097,Liquidificador Potente,Casa,229.82,2,Campinas/SP/Brasil,Boleto,Entregue
TRX0002779,PED001467,2025-04-01,CLI00121,Carregador Turbo,Acessorios,"105,62",2,Uberlandia/MG/Brasil,Cartao de Credito,Enviado
TRX0002780,PED001467,2025-04-01,CLI00121,Vestido Midi,Moda,"R$ 232,22",3,Uberlandia/MG/Brasil,Cartao de Credito,Enviado
TRX0002781,PED001468,07-04-2025,CLI00121,Garrafa Termica,Esporte,"R$ 114,86",1,Uberlandia/MG/Brasil,Pix,Entregue
TRX0002782,PED001468,2025-04-07,CLI00121,Monitor 27,Eletronicos,"1.147,69",1,Uberlandia/MG/Brasil,Pix,Entregue
TRX0002783,PED001469,2025-04-01,CLI00009,Mouse Sem Fio,Acessorios,"R$ 90,70",2,Goiania/GO/Brasil,Cartao de Debito,Entregue
TRX0002784,PED001469,01/04/2025,CLI00009,Notebook Gamer,Eletrônicos,"R$ 5.017,98",1,Goiania/GO/Brasil,Cartao de Debito,Entregue
TRX0002785,PED001470,2025-04-06,CLI00301,Garrafa Termica,Esporte,"R$ 119,55",1,Sao Paulo/SP/Brasil,Cartao de Credito,Cancelado
TRX0002786,PED001471,26/04/2025,CLI00153,Vestido Midi,MODA,"R$ 210,65",1,Belo Horizonte/MG/Brasil,Cartao de Credito,ENTREGUE
TRX0002787,PED001471,2025-04-26,CLI00153,Camiseta Dry Fit,Esporte,"R$ 82,05",1,Belo Horizonte/MG/Brasil,Cartao de Credito,entregue
TRX0002788,PED001471,2025-04-26,CLI00153,Tenis Corrida Leve,Esporte,"R$ 344,39",1,Belo Horizonte/MG/Brasil,Cartao de Credito,Entregue
TRX0002789,PED001471,26/04/2025,CLI00153,Liquidificador Potente,casa,"R$ 230,34",1,Belo Horizonte/MG/Brasil,Cartao de Credito,Entregue
TRX0002790,PED001472,05-04-2025,CLI00512,Smartphone X200,Eletronicos,2296.10,1,Rio de Janeiro/RJ/Brasil,Cartao de Credito,Processando
TRX0002791,PED001472,2025-04-05,CLI00512,Vestido Midi,Moda,234.67,1,Rio de Janeiro/RJ/Brasil,Cartao de Credito,Processando
TRX0002792,PED001473,05-04-2025,CLI00547,Livro Historia do Brasil,Livros,"71,22",2,Sao Paulo/SP/Brasil,Pix,Entregue
TRX0002793,PED001474,01-04-2025,CLI00191,Tablet 10,Eletronicos,"R$ 1.304,93",1,Sao Paulo/SP/Brasil,Boleto,Entregue
TRX0002794,PED001475,21/04/2025,CLI00449,Camiseta Dry Fit,Esporte,"R$ 80,55",2,Rio de Janeiro/RJ/Brasil,Cartao de Debito,Entregue
TRX0002795,PED001476,02/04/2025,CLI00191,Calca Jeans Reta,Moda,"199,32",1,Sao Paulo/SP/Brasil,Cartao de Debito,Processando
TRX0002796,PED001476,2025-04-02,CLI00191,Camisa Social Slim,Moda,"155,79",1,Sao Paulo/SP/Brasil,Cartao de Debito,Processando
TRX0002797,PED001476,02/04/2025,CLI00191,Livro Historia do Brasil,LIVROS,69.03,1,Sao Paulo/SP/Brasil,Cartao de Debito,PROCESSANDO
TRX0002798,PED001477,27/04/2025,CLI00244,Halteres 10kg,Esporte,"R$ 195,77",1,Florianopolis/SC/Brasil,Cartao de Credito,Entregue
TRX0002799,PED001477,2025-04-27,CLI00244,Luminaria de Mesa,Casa,142.83,1,Florianopolis/SC/Brasil,Cartao de Credito,Entregue
TRX0002800,PED001477,2025-04-27,CLI00244,Notebook Gamer,ELETRONICOS,"5.179,53",2,Florianopolis/SC/Brasil,Cartao de Credito,ENTREGUE
TRX0002801,PED001478,16-04-2025,CLI00337,Garrafa Termica,Esporte,"R$ 128,04",1,Rio de Janeiro/RJ/Brasil,Pix,Cancelado
TRX0002802,PED001479,2025-04-21,CLI00590,Tenis Corrida Leve,Esporte,352.16,1,Fortaleza/CE/Brasil,Cartao de Debito,Entregue
TRX0002803,PED001479,2025-04-21,CLI00590,Livro SQL Essencial,Livros,78.18,2,Fortaleza/CE/Brasil,Cartao de Debito,Entregue
TRX0002804,PED001480,09-04-2025,CLI00136,Hub USB-C,Acessorios,"124,62",3,Curitiba/PR/Brasil,Cartao de Credito,Entregue
TRX0002805,PED001481,15-04-2025,CLI00048,Aspirador Robo,Casa,1650.11,1,Salvador/BA/Brasil,Boleto,Entregue
TRX0002806,PED001482,05/04/2025,CLI00329,Teclado Mecanico,Acessorios,354.98,2,Recife/PE/Brasil,Cartao de Credito,Entregue
TRX0002807,PED001483,2025-04-13,CLI00185,Jogo de Panelas,CASA,420.22,2,Rio de Janeiro/RJ/Brasil,Pix,Entregue
TRX0002808,PED001483,13/04/2025,CLI00185,Camiseta Dry Fit,Esporte,"R$ 77,03",1,Rio de Janeiro/RJ/Brasil,Pix,Entregue
TRX0002809,PED001483,2025-04-13,CLI00185,Jaqueta Corta Vento,Moda,"282,32",1,Rio de Janeiro/RJ/Brasil,Pix,Entregue
TRX0002810,PED001483,2025-04-13,CLI00185,Mochila para Notebook,Acessorios,"183,04",1,Rio de Janeiro/RJ/Brasil,Pix,Entregue
TRX0002811,PED001483,2025-04-13,CLI00185,Cafeteira Eletrica,casa,309.96,4,Rio de Janeiro/RJ/Brasil,Pix,Entregue
TRX0002812,PED001484,08-04-2025,CLI00058,Monitor 27,Eletronicos,"1.171,65",1,Florianopolis/SC/Brasil,Cartao de Debito,Entregue
TRX0002813,PED001484,2025-04-08,CLI00058,Teclado Mecanico,ACESSORIOS,"R$ 338,16",1,Florianopolis/SC/Brasil,Cartao de Debito,Entregue
TRX0002814,PED001485,2025-04-20,CLI00305,Liquidificador Potente,Casa,"R$ 215,61",1,Campinas/SP/Brasil,Cartao de Debito,Enviado
TRX0002815,PED001486,21-04-2025,CLI00064,Luminaria de Mesa,Casa,144.09,1,Sao Paulo/SP/Brasil,Cartao de Credito,entregue
TRX0002816,PED001486,21-04-2025,CLI00064,Tapete de Yoga,Esporte,142.79,2,Sao Paulo/SP/Brasil,Cartao de Credito,Entregue
TRX0002817,PED001486,21-04-2025,CLI00064,Monitor 27,Eletronicos,"R$ 1.208,99",3,Sao Paulo/SP/Brasil,Cartao de Credito,Entregue
TRX0002818,PED001487,03-04-2025,CLI00305,Livro SQL Essencial,Livros,"82,51",1,Campinas/SP/Brasil,Pix,Enviado
TRX0002819,PED001488,01-04-2025,,Garrafa Termica,Esporte,"R$ 125,72",2,Belo Horizonte/MG/Brasil,Cartao de Debito,enviado
TRX0002820,PED001488,2025-04-01,CLI00605,Teclado Mecanico,Acessorios,"359,95",2,Belo Horizonte/MG/Brasil,Cartao de Debito,Enviado
TRX0002821,PED001488,01-04-2025,CLI00605,Cafeteira Eletrica,Casa,"R$ 303,15",1,Belo Horizonte/MG/Brasil,Cartao de Debito,Enviado
TRX0002822,PED001489,2025-04-28,CLI00381,Camiseta Dry Fit,Esporte,80.11,1,Campinas/SP/Brasil,Cartao de Debito,Entregue
TRX0002823,PED001489,2025-04-28,CLI00381,Garrafa Termica,ESPORTE,"R$ 113,35",2,Campinas/SP/Brasil,Cartao de Debito,Entregue
TRX0002824,PED001490,10/04/2025,CLI00605,Liquidificador Potente,casa,235.90,2,Belo Horizonte/MG/Brasil,Pix,Entregue
TRX0002825,PED001490,10/04/2025,CLI00605,Vestido Midi,Moda,221.06,1,Belo Horizonte/MG/Brasil,Pix,Entregue
TRX0002826,PED001491,02/04/2025,CLI00427,Halteres 10kg,ESPORTE,"R$ 193,23",1,Rio de Janeiro/RJ/Brasil,Boleto,Entregue
TRX0002827,PED001492,2025-04-05,CLI00480,Notebook Ultrafino,Eletronicos,3342.84,1,Porto Alegre/RS/Brasil,Pix,Entregue
TRX0002828,PED001493,2025-04-02,CLI00596,Cafeteira Eletrica,Casa,"293,00",3,Rio de Janeiro/RJ/Brasil,Cartao de Debito,Entregue
TRX0002829,PED001493,02-04-2025,CLI00596,Liquidificador Potente,Casa,218.45,3,Rio de Janeiro/RJ/Brasil,Cartao de Debito,Entregue
TRX0002830,PED001494,30/04/2025,CLI00304,Jogo de Panelas,Casa,"R$ 423,48",1,Salvador/BA/Brasil,Cartao de Credito,Entregue
TRX0002831,PED001494,2025-04-30,CLI00304,Halteres 10kg,esporte,"181,75",2,Salvador/BA/Brasil,Cartao de Credito,Entregue
TRX0002832,PED001494,2025-04-30,CLI00304,Jaqueta Corta Vento,Moda,"R$ 288,90",1,Salvador/BA/Brasil,Cartao de Credito,Entregue
TRX0002833,PED001495,30/04/2025,CLI00011,Capa para Smartphone,Acessorios,52.25,1,Sao Paulo/SP/Brasil,Cartao de Debito,Entregue
TRX0002834,PED001496,2025-04-04,CLI00272,Livro SQL Essencial,LIVROS,81.23,1,Campinas/SP/Brasil,Boleto,Entregue
TRX0002835,PED001496,2025-04-04,CLI00272,Luminaria de Mesa,Casa,"149,57",1,Campinas/SP/Brasil,Boleto,Entregue
TRX0002836,PED001497,18/04/2025,CLI00305,Livro Historia do Brasil,Livros,"R$ 70,59",3,Campinas/SP/Brasil,Pix,Entregue
TRX0002837,PED001497,18/04/2025,CLI00305,Jaqueta Corta Vento,Moda,"258,94",1,Campinas/SP/Brasil,Pix,Entregue
TRX0002838,PED001498,21-04-2025,CLI00611,Cafeteira Eletrica,Casa,278.24,1,Sao Paulo/SP/Brasil,Cartao de Debito,Processando
TRX0002839,PED001498,21-04-2025,CLI00611,Tenis Corrida Leve,Esporte,349.26,2,Sao Paulo/SP/Brasil,Cartao de Debito,Processando
TRX0002840,PED001498,21/04/2025,CLI00611,Livro Dados em Acao,Livros,"R$ 86,64",2,Sao Paulo/SP/Brasil,Cartao de Debito,PROCESSANDO
TRX0002841,PED001498,2025-04-21,CLI00611,Liquidificador Potente,Casa,"R$ 218,26",1,Sao Paulo/SP/Brasil,Cartao de Debito,Processando
TRX0002842,PED001499,2025-04-03,CLI00123,Vestido Midi,Moda,"211,31",1,Porto Alegre/RS/Brasil,Pix,Entregue
TRX0002843,PED001500,2025-04-08,CLI00185,Vestido Midi,Moda,"R$ 208,41",1,Rio de Janeiro/RJ/Brasil,Cartao de Credito,Entregue
TRX0002844,PED001500,2025-04-08,CLI00185,Headset Gamer,Acessórios,247.24,1,Rio de Janeiro/RJ/Brasil,Cartao de Credito,Entregue
TRX0002845,PED001501,06-04-2025,CLI00411,Notebook Ultrafino,Eletronicos,3322.59,1,Sao Paulo/SP/Brasil,Cartao de Credito,Devolvido
TRX0002846,PED001501,2025-04-06,CLI00411,Jaqueta Corta Vento,Moda,266.89,1,Sao Paulo/SP/Brasil,Cartao de Credito,Devolvido
TRX0002847,PED001501,06/04/2025,CLI00411,Notebook Gamer,Eletronicos,"4.978,22",1,Sao Paulo/SP/Brasil,Cartao de Credito,Devolvido
TRX0002848,PED001502,2025-04-21,CLI00475,Notebook Ultrafino,Eletronicos,"R$ 3.317,51",2,Florianopolis/SC/Brasil,Pix,Entregue
TRX0002849,PED001502,21-04-2025,CLI00475,Mochila para Notebook,Acessorios,"R$ 176,62",1,Florianopolis/SC/Brasil,Pix,Entregue
TRX0002850,PED001502,21/04/2025,CLI00475,Hub USB-C,ACESSORIOS,"R$ 123,01",1,Florianopolis/SC/Brasil,Pix,Entregue
TRX0002851,PED001503,2025-04-29,CLI00129,Carregador Turbo,Acessorios,99.95,1,Florianopolis/SC/Brasil,Cartao de Credito,Processando
,PED001503,2025-04-29,CLI00129,Livro Dados em Acao,livros,"94,04",1,Florianopolis/SC/Brasil,Cartao de Credito,Processando
TRX0002853,PED001503,29/04/2025,CLI00129,Livro Historia do Brasil,Livros,"R$ 71,07",1,Florianopolis/SC/Brasil,Cartao de Credito,Processando
TRX0002854,PED001504,,CLI00004,Mouse Sem Fio,ACESSORIOS,87.98,1,Sao Paulo/SP/Brasil,Cartao de Credito,Entregue
TRX0002855,PED001505,03/04/2025,CLI00480,Halteres 10kg,ESPORTE,"R$ 196,25",1,Porto Alegre/RS/Brasil,Pix,Entregue
TRX0002856,PED001506,14-04-2025,CLI00311,Aspirador Robo,Casa,1680.03,1,Sao Paulo/SP/Brasil,Pix,Entregue
TRX0002857,PED001507,15/04/2025,CLI00346,Camiseta Dry Fit,Esporte,"85,59",1,Santos/SP/Brasil,Cartao de Credito,Entregue
TRX0002858,PED001507,2025-04-15,CLI00346,Notebook Ultrafino,Eletronicos,"3.691,70",2,Santos/SP/Brasil,Cartao de Credito,Entregue
TRX0002859,PED001507,2025-04-15,CLI00346,Aspirador Robo,Casa,"R$ 1.524,33",3,Santos/SP/Brasil,Cartao de Credito,Entregue
TRX0002860,PED001508,14-04-2025,CLI00481,Capa para Smartphone,Acessorios,51.61,1,Curitiba/PR/Brasil,Cartao de Debito,Entregue
TRX0002358,PED001237,23/02/2025,CLI00421,Notebook Gamer,Eletronicos,"4.959,37",1,Porto Alegre/RS/Brasil,Cartao de Debito,entregue
TRX0002861,PED001509,27/04/2025,CLI00317,Aspirador Robo,Casa,"1.580,16",3,Salvador/BA/Brasil,Pix,entregue
TRX0002862,PED001509,27/04/2025,CLI00317,Mouse Sem Fio,Acessorios,"R$ 93,64",1,Salvador/BA/Brasil,Pix,Entregue
TRX0002863,PED001510,06-04-2025,CLI00270,Tablet 10,ELETRONICOS,1272.83,1,Fortaleza/CE/Brasil,Cartao de Credito,Entregue
TRX0002864,PED001511,06-04-2025,CLI00531,Jogo de Panelas,CASA,424.41,1,Salvador/BA/Brasil,Pix,Enviado
TRX0002865,PED001512,2025-04-20,CLI00251,Hub USB-C,Acessorios,"R$ 135,41",1,Recife/PE/Brasil,Cartao de Debito,Processando
TRX0002866,PED001513,2025-04-24,CLI00196,Luminaria de Mesa,Casa,"R$ 146,97",2,Uberlandia/MG/Brasil,Boleto,Devolvido
TRX0002867,PED001513,2025-04-24,,Calca Jeans Reta,Moda,"R$ 192,36",1,Uberlandia/MG/Brasil,Boleto,Devolvido
TRX0002868,PED001514,21/04/2025,CLI00185,Calca Jeans Reta,Moda,182.27,1,Rio de Janeiro/RJ/Brasil,Cartao de Credito,Enviado
TRX0002869,PED001515,2025-04-27,CLI00309,Capa para Smartphone,Acessorios,53.78,1,Recife/PE/Brasil,Pix,Entregue
TRX0002870,PED001516,2025-04-08,CLI00480,Camisa Social Slim,Moda,"163,46",1,Porto Alegre/RS/Brasil,Cartao de Credito,Entregue
TRX0002871,PED001517,10/04/2025,CLI00510,Carregador Turbo,Acessorios,"102,15",1,Curitiba/PR/Brasil,Pix,Entregue
TRX0002872,PED001517,10/04/2025,CLI00510,Calca Jeans Reta,Moda,"R$ 195,15",1,Curitiba/PR/Brasil,Pix,Entregue
,PED001518,12-04-2025,CLI00215,Notebook Gamer,Eletronicos,"4.701,57",1,Porto Alegre/RS/Brasil,Pix,Entregue
TRX0002874,PED001519,21/04/2025,CLI00244,Smart TV 50,Eletrônicos,"R$ 2.531,58",-1,Florianopolis/SC/Brasil,Cartao de Credito,ENTREGUE
TRX0002875,PED001520,27/04/2025,CLI00345,Notebook Gamer,Eletronicos,5260.88,2,Santos/SP/Brasil,Pix,Entregue
TRX0002876,PED001520,2025-04-27,CLI00345,Smart TV 50,Eletronicos,"R$ 2.522,85",1,Santos/SP/Brasil,Pix,Entregue
TRX0002877,PED001520,2025-04-27,CLI00345,Mochila para Notebook,Acessorios,"185,92",2,Santos/SP/Brasil,Pix,Entregue
TRX0002878,PED001520,2025-04-27,CLI00345,Aspirador Robo,CASA,1573.38,4,Santos/SP/Brasil,Pix,Entregue
TRX0002879,PED001521,2025-04-26,CLI00305,Tablet 10,Eletronicos,"R$ 1.373,59",1,Campinas/SP/Brasil,Cartao de Debito,Entregue
TRX0002880,PED001521,26/04/2025,CLI00305,Capa para Smartphone,Acessorios,"52,88",2,Campinas/SP/Brasil,Cartao de Debito,Entregue
TRX0002881,PED001522,13/04/2025,CLI00011,Halteres 10kg,esporte,190.67,1,Sao Paulo/SP/Brasil,Cartao de Credito,Enviado
TRX0002882,PED001522,2025-04-13,CLI00011,Smartphone X200,Eletronicos,"2.138,46",1,Sao Paulo/SP/Brasil,Cartao de Credito,Enviado
TRX0002883,PED001523,2025-04-01,CLI00381,Mochila para Notebook,Acessorios,"R$ 173,99",1,Campinas/SP/Brasil,Boleto,Entregue
TRX0002884,PED001524,2025-04-09,CLI00658,Capa para Smartphone,Acessorios,"53,10",2,Goiania/GO/Brasil,Cartao de Credito,Entregue
TRX0002885,PED001525,02-04-2025,CLI00512,Mouse Sem Fio,Acessorios,86.19,2,Rio de Janeiro/RJ/Brasil,Pix,Entregue
TRX0002886,PED001526,2025-04-08,CLI00509,Tapete de Yoga,Esporte,148.15,1,Brasilia/DF/Brasil,Cartao de Credito,Cancelado
TRX0002887,PED001527,2025-04-24,CLI00474,Smartphone X200,Eletronicos,"2.154,91",1,Curitiba/PR/Brasil,Pix,Entregue
TRX0002888,PED001528,2025-04-04,CLI00097,Camisa Social Slim,Moda,"R$ 153,40",2,Campinas/SP/Brasil,Cartao de Credito,Entregue
TRX0002889,PED001529,2025-04-11,CLI00149,Jogo de Panelas,casa,"R$ 428,62",1,Curitiba/PR/Brasil,Cartao de Credito,Entregue
TRX0002890,PED001530,2025-04-08,CLI00181,Halteres 10kg,Esporte,"186,14",2,Curitiba/PR/Brasil,Cartao de Debito,Entregue
TRX0002891,PED001531,03-04-2025,CLI00426,Headset Gamer,Acessorios,"247,41",1,Rio de Janeiro/RJ/Brasil,Cartao de Credito,Cancelado
TRX0002892,PED001531,2025-04-03,CLI00426,Camiseta Dry Fit,esporte,"80,92",1,Rio de Janeiro/RJ/Brasil,Cartao de Credito,Cancelado
TRX0002893,PED001531,2025-04-03,CLI00426,Hub USB-C,acessorios,"R$ 135,89",1,Rio de Janeiro/RJ/Brasil,Cartao de Credito,Cancelado
TRX0002894,PED001532,02/04/2025,CLI00009,Tenis Corrida Leve,Esporte,322.49,3,Goiania/GO/Brasil,Pix,Entregue
TRX0002895,PED001532,2025-04-02,CLI00009,Headset Gamer,Acessorios,274.22,1,Goiania/GO/Brasil,Pix,Entregue
TRX0002896,PED001533,2025-04-12,CLI00542,Vestido Midi,Moda,235.50,2,Curitiba/PR/Brasil,Boleto,Entregue
TRX0002897,PED001533,2025-04-12,CLI00542,Tenis Corrida Leve,ESPORTE,317.71,1,Curitiba/PR/Brasil,Boleto,Entregue
TRX0002898,PED001534,2025-04-19,CLI00647,Monitor 27,Eletronicos,"R$ 1.138,91",1,Recife/PE/Brasil,Cartao de Credito,entregue
TRX0002899,PED001535,03-04-2025,CLI00341,Tapete de Yoga,Esporte,147.95,2,Sao Paulo/SP/Brasil,Cartao de Credito,Entregue
TRX0002900,PED001535,03/04/2025,CLI00341,Garrafa Termica,Esporte,"115,59",1,Sao Paulo/SP/Brasil,Cartao de Credito,Entregue
TRX0002901,PED001535,03-04-2025,CLI00341,Headset Gamer,Acessorios,"R$ 251,67",1,Sao Paulo/SP/Brasil,Cartao de Credito,ENTREGUE
TRX0002902,PED001536,06/04/2025,CLI00121,Capa para Smartphone,ACESSORIOS,"R$ 51,24",3,Uberlandia/MG/Brasil,Cartao de Credito,Entregue
TRX0002903,PED001537,2025-04-13,CLI00512,Luminaria de Mesa,Casa,150.12,1,Rio de Janeiro/RJ/Brasil,Cartao de Credito,Entregue
TRX0002904,PED001538,08-04-2025,CLI00553,Teclado Mecanico,Acessorios,366.08,1,Sao Paulo/SP/Brasil,Cartao de Credito,Entregue
TRX0002905,PED001539,2025-04-23,CLI00188,Aspirador Robo,Casa,1690.85,1,Curitiba/PR/Brasil,Pix,entregue
TRX0002906,PED001539,2025-04-23,CLI00188,Livro Dados em Acao,LIVROS,"R$ 85,49",2,Curitiba/PR/Brasil,Pix,entregue
TRX0002907,PED001539,2025-04-23,CLI00188,Mochila para Notebook,Acessorios,"R$ 170,98",1,Curitiba/PR/Brasil,Pix,Entregue
TRX0002908,PED001540,2025-04-10,CLI00191,Mochila para Notebook,Acessorios,"174,38",2,Sao Paulo/SP/Brasil,Cartao de Credito,Processando
TRX0002909,PED001540,2025-04-10,CLI00191,Camisa Social Slim,Moda,152.78,1,Sao Paulo/SP/Brasil,Cartao de Credito,Processando
TRX0002910,PED001540,2025-04-10,CLI00191,Jogo de Panelas,casa,"R$ 388,80",2,Sao Paulo/SP/Brasil,Cartao de Credito,Processando
TRX0002911,PED001541,11/04/2025,CLI00360,Vestido Midi,Moda,"R$ 209,95",2,Belo Horizonte/MG/Brasil,Cartao de Credito,Entregue
TRX0002912,PED001541,2025-04-11,CLI00360,Tenis Corrida Leve,Esporte,"324,52",1,Belo Horizonte/MG/Brasil,Cartao de Credito,Entregue
TRX0002913,PED001541,2025-04-11,CLI00360,Camiseta Dry Fit,Esporte,"R$ 75,96",1,Belo Horizonte/MG/Brasil,Cartao de Credito,Entregue
TRX0002914,PED001542,2025-04-26,CLI00695,Livro Historia do Brasil,Livros,"71,59",1,Sao Paulo/SP/Brasil,Cartao de Credito,Entregue
TRX0002915,PED001543,2025-04-04,CLI00595,Halteres 10kg,Esporte,"182,45",2,Curitiba/PR/Brasil,Cartao de Credito,Entregue
TRX0002916,PED001544,2025-04-25,CLI00541,Mochila para Notebook,Acessorios,"181,39",1,Sao Paulo/SP/Brasil,Cartao de Debito,Entregue
TRX0002917,PED001544,2025-04-25,CLI00541,Camiseta Dry Fit,Esporte,"R$ 81,78",1,Sao Paulo/SP/Brasil,Cartao de Debito,Entregue
TRX0002918,PED001544,2025-04-25,CLI00541,Headset Gamer,Acessorios,"277,52",1,Sao Paulo/SP/Brasil,Cartao de Debito,Entregue
TRX0002919,PED001545,2025-04-04,CLI00547,Tenis Corrida Leve,esporte,347.39,1,Sao Paulo/SP/Brasil,Pix,Entregue
TRX0002920,PED001545,04-04-2025,CLI00547,Camisa Social Slim,Moda,168.19,1,Sao Paulo/SP/Brasil,Pix,Entregue
TRX0002921,PED001546,2025-04-19,CLI00305,Camisa Social Slim,Moda,"162,08",1,Campinas/SP/Brasil,Pix,Entregue
TRX0002922,PED001547,05/04/2025,CLI00251,Mochila para Notebook,Acessorios,"R$ 174,26",3,Recife/PE/Brasil,Cartao de Credito,Cancelado
TRX0002923,PED001547,2025-04-05,CLI00251,Livro SQL Essencial,Livros,"75,36",1,Recife/PE/Brasil,Cartao de Credito,cancelado
TRX0002924,PED001548,2025-04-06,CLI00305,Garrafa Termica,Esporte,"127,07",1,Campinas/SP/Brasil,Cartao de Credito,Entregue
TRX0002925,PED001549,21/04/2025,CLI00097,Jogo de Panelas,casa,382.97,1,Campinas/SP/Brasil,Pix,Entregue
TRX0002926,PED001550,2025-04-03,CLI00302,Carregador Turbo,Acessorios,"101,94",2,Campinas/SP/Brasil,Cartao de Credito,Entregue
TRX0002927,PED001550,03/04/2025,CLI00302,Headset Gamer,Acessorios,"R$ 269,76",2,Campinas/SP/Brasil,Cartao de Credito,entregue
TRX0002928,PED001550,2025-04-03,CLI00302,Camisa Social Slim,Moda,"R$ 157,34",1,Campinas/SP/Brasil,Cartao de Credito,Entregue
TRX0002929,PED001551,2025-04-17,CLI00169,Aspirador Robo,Casa,1636.17,3,Porto Alegre/RS/Brasil,Cartao de Debito,Entregue
TRX0002930,PED001552,29/04/2025,CLI00126,Livro Dados em Acao,Livros,89.45,1,Curitiba/PR/Brasil,Cartao de Credito,Entregue
TRX0002931,PED001553,02/04/2025,CLI00363,Camiseta Dry Fit,Esporte,"82,78",1,Florianopolis/SC/Brasil,Cartao de Credito,Cancelado
TRX0002932,PED001553,02/04/2025,CLI00363,Camisa Social Slim,Moda,"171,68",1,Florianopolis/SC/Brasil,Cartao de Credito,Cancelado
TRX0002933,PED001554,16-04-2025,CLI00491,Tablet 10,Eletronicos,"1.345,84",1,Sao Paulo/SP/Brasil,Pix,Entregue
TRX0002934,PED001554,2025-04-16,CLI00491,Mouse Sem Fio,Acessórios,"R$ 94,62",1,Sao Paulo/SP/Brasil,Pix,Entregue
TRX0002935,PED001555,2025-04-14,CLI00355,,Esporte,125.52,1,Sao Paulo/SP/Brasil,Cartao de Credito,Entregue
TRX0002936,PED001556,20/04/2025,CLI00137,Calca Jeans Reta,Moda,199.62,1,Brasilia/DF/Brasil,Cartao de Credito,Processando
TRX0002937,PED001557,2025-04-23,CLI00450,Carregador Turbo,Acessorios,95.61,1,Sao Paulo/SP/Brasil,Cartao de Credito,Entregue
TRX0002938,PED001558,2025-04-25,CLI00547,Camiseta Dry Fit,Esporte,76.92,1,Sao Paulo/SP/Brasil,Boleto,Enviado
TRX0002939,PED001559,2025-04-12,CLI00594,Luminaria de Mesa,Casa,"R$ 135,77",1,Niteroi/RJ/Brasil,Boleto,Entregue
TRX0002940,PED001560,2025-04-10,CLI00146,Camisa Social Slim,Moda,156.18,2,Uberlandia/MG/Brasil,Cartao de Credito,Entregue
TRX0002941,PED001560,2025-04-10,CLI00146,Liquidificador Potente,Casa,213.54,1,Uberlandia/MG/Brasil,Cartao de Credito,Entregue
TRX0002942,PED001561,2025-04-15,CLI00560,Livro Historia do Brasil,Livros,66.80,1,Curitiba/PR/Brasil,Cartao de Credito,Entregue
TRX0002943,PED001561,15/04/2025,CLI00560,Smartphone X200,Eletronicos,"2.371,96",1,Curitiba/PR/Brasil,Cartao de Credito,ENTREGUE
TRX0002944,PED001561,15-04-2025,CLI00560,Livro Dados em Acao,Livros,"90,25",3,Curitiba/PR/Brasil,Cartao de Credito,Entregue
TRX0002945,PED001562,16/04/2025,CLI00574,Carregador Turbo,Acessorios,"96,53",1,Uberlandia/MG/Brasil,Pix,Devolvido
TRX0002946,PED001563,2025-04-10,CLI00427,Monitor 27,Eletronicos,1121.79,2,Rio de Janeiro/RJ/Brasil,Cartao de Credito,Entregue
TRX0002947,PED001564,25/04/2025,CLI00011,Cafeteira Eletrica,Casa,308.07,1,Sao Paulo/SP/Brasil,Cartao de Credito,Entregue
TRX0002948,PED001564,2025-04-25,CLI00011,Liquidificador Potente,Casa,218.53,2,Sao Paulo/SP/Brasil,Cartao de Credito,Entregue
TRX0002949,PED001565,2025-04-05,CLI00491,Aspirador Robo,Casa,"1.575,93",1,Sao Paulo/SP/Brasil,Pix,Processando
TRX0002950,PED001566,2025-04-12,CLI00134,Hub USB-C,Acessorios,124.71,1,Porto Alegre/RS/Brasil,Pix,Entregue
TRX0002951,PED001566,12/04/2025,CLI00134,Monitor 27,Eletronicos,1102.72,4,Porto Alegre/RS/Brasil,Pix,Entregue
TRX0002952,PED001566,2025-04-12,CLI00134,Smart TV 50,Eletrônicos,2561.48,1,Porto Alegre/RS/Brasil,Pix,Entregue
TRX0002953,PED001567,2025-04-05,CLI00283,Calca Jeans Reta,Moda,"184,31",2,Sao Paulo/SP/Brasil,Pix,Entregue
TRX0002954,PED001567,05/04/2025,CLI00283,Notebook Gamer,Eletronicos,"5.021,33",-2,Sao Paulo/SP/Brasil,Pix,Entregue
TRX0002955,PED001568,2025-04-29,CLI00421,Livro Historia do Brasil,Livros,69.30,1,Porto Alegre/RS/Brasil,Cartao de Credito,Entregue
TRX0002956,PED001569,22/04/2025,CLI00404,Smart TV 50,Eletronicos,"R$ 2.504,82",3,Rio de Janeiro/RJ/Brasil,Cartao de Credito,Entregue
TRX0002957,PED001569,2025-04-22,CLI00404,Garrafa Termica,Esporte,"R$ 127,60",1,Rio de Janeiro/RJ/Brasil,Cartao de Credito,Entregue
TRX0005298,PED002812,2025-11-12,CLI00577,Livro Dados em Acao,Livros,"R$ 88,04",2,Rio de Janeiro/RJ/Brasil,Pix,Entregue
TRX0002958,PED001570,2025-04-10,CLI00480,Luminaria de Mesa,Casa,143.37,1,Porto Alegre/RS/Brasil,Pix,Entregue
TRX0002959,PED001570,2025-04-10,CLI00480,Camiseta Dry Fit,Esporte,"R$ 78,40",1,Porto Alegre/RS/Brasil,Pix,Entregue
TRX0002960,PED001570,2025-04-10,CLI00480,Hub USB-C,ACESSORIOS,"R$ 138,18",1,Porto Alegre/RS/Brasil,Pix,Entregue
TRX0002961,PED001571,2025-04-15,CLI00394,Liquidificador Potente,Casa,234.96,2,Sao Paulo/SP/Brasil,Cartao de Credito,Entregue
TRX0002962,PED001572,2025-04-03,CLI00303,Livro Dados em Acao,Livros,87.34,1,Goiania/GO/Brasil,Cartao de Credito,Entregue
TRX0002963,PED001572,2025-04-03,CLI00303,Camiseta Dry Fit,Esporte,"R$ 84,00",1,Goiania/GO/Brasil,Cartao de Credito,Entregue
TRX0004919,PED002618,2025-10-30,CLI00421,Aspirador Robo,Casa,"R$ 1.633,57",1,Porto Alegre/RS/Brasil,Cartao de Credito,Cancelado
TRX0002964,PED001573,2025-04-20,CLI00643,Calca Jeans Reta,Moda,"R$ 197,38",1,Sao Paulo/SP/Brasil,Cartao de Credito,Entregue
TRX0002965,PED001573,2025-04-20,CLI00643,Livro Dados em Acao,Livros,"90,76",2,Sao Paulo/SP/Brasil,Cartao de Credito,Entregue
TRX0002966,PED001573,2025-04-20,CLI00643,Capa para Smartphone,Acessorios,"R$ 47,63",3,Sao Paulo/SP/Brasil,Cartao de Credito,Entregue
TRX0002967,PED001574,27/04/2025,CLI00449,Cafeteira Eletrica,Casa,282.09,1,Rio de Janeiro/RJ/Brasil,Cartao de Credito,Entregue
TRX0002968,PED001575,2025-04-21,CLI00646,Halteres 10kg,Esporte,203.94,1,Sao Paulo/SP/Brasil,Cartao de Credito,Entregue
TRX0002969,PED001576,2025-04-25,CLI00126,Halteres 10kg,esporte,189.32,1,Curitiba/PR/Brasil,Cartao de Credito,Entregue
TRX0002970,PED001577,2025-04-17,CLI00421,Tapete de Yoga,Esporte,155.37,3,Porto Alegre/RS/Brasil,Cartao de Debito,Cancelado
TRX0002971,PED001578,2025-04-29,CLI00500,Tablet 10,Eletronicos,"1.253,51",1,Recife/PE/Brasil,Pix,Entregue
TRX0002972,PED001578,2025-04-29,CLI00500,Calca Jeans Reta,Moda,"185,83",1,Recife/PE/Brasil,Pix,Entregue
TRX0002973,PED001578,2025-04-29,CLI00500,Aspirador Robo,CASA,"R$ 1.616,62",1,Recife/PE/Brasil,Pix,Entregue
TRX0002974,PED001579,08-04-2025,CLI00461,Jaqueta Corta Vento,Moda,276.11,2,Porto Alegre/RS/Brasil,Boleto,ENTREGUE
TRX0002975,PED001580,2025-04-13,CLI00432,Garrafa Termica,Esporte,"R$ 127,30",3,Campinas/SP/Brasil,Cartao de Debito,Entregue
TRX0002976,PED001580,2025-04-13,CLI00432,Mochila para Notebook,Acessorios,"R$ 183,71",2,Campinas/SP/Brasil,Cartao de Debito,Entregue
TRX0002977,PED001580,2025-04-13,CLI00432,Capa para Smartphone,Acessórios,"R$ 52,73",1,Campinas/SP/Brasil,Cartao de Debito,Entregue
TRX0002978,PED001580,2025-04-13,CLI00432,Livro Historia do Brasil,Livros,71.31,2,Campinas/SP/Brasil,Cartao de Debito,Entregue
TRX0002979,PED001581,2025-04-30,CLI00558,Jogo de Panelas,Casa,393.26,1,Sao Paulo/SP/Brasil,Pix,Entregue
TRX0002980,PED001582,2025-04-08,CLI00482,Headset Gamer,Acessorios,"249,05",1,Fortaleza/CE/Brasil,Pix,Entregue
TRX0002981,PED001582,2025-04-08,CLI00482,Jaqueta Corta Vento,Moda,"280,16",2,Fortaleza/CE/Brasil,Pix,Entregue
TRX0002982,PED001582,08-04-2025,CLI00482,Aspirador Robo,Casa,"1.565,89",1,Fortaleza/CE/Brasil,Pix,Entregue
TRX0002983,PED001583,16-04-2025,CLI00390,Tablet 10,Eletronicos,"R$ 1.344,16",2,Rio de Janeiro/RJ/Brasil,Pix,Entregue
TRX0002984,PED001584,2025-04-25,CLI00025,Camiseta Dry Fit,Esporte,"79,23",1,Porto Alegre/RS/Brasil,Pix,Entregue
TRX0002985,PED001584,25/04/2025,CLI00025,Garrafa Termica,Esporte,120.85,3,Porto Alegre/RS/Brasil,Pix,Entregue
TRX0002986,PED001584,2025-04-25,CLI00025,Vestido Midi,Moda,233.25,2,Porto Alegre/RS/Brasil,Pix,Entregue
TRX0002987,PED001585,16/04/2025,CLI00004,Luminaria de Mesa,Casa,"R$ 149,84",1,Sao Paulo/SP/Brasil,Pix,Entregue
TRX0002988,PED001585,2025-04-16,CLI00004,Tenis Corrida Leve,esporte,"340,76",2,Sao Paulo/SP/Brasil,Pix,Entregue
TRX0002989,PED001585,,CLI00004,Jaqueta Corta Vento,Moda,259.77,1,Sao Paulo/SP/Brasil,Pix,Entregue
TRX0002990,PED001586,2025-04-23,CLI00541,Tablet 10,Eletronicos,"R$ 1.353,66",1,Sao Paulo/SP/Brasil,Cartao de Credito,Entregue
TRX0002991,PED001586,2025-04-23,CLI00541,Livro Dados em Acao,LIVROS,"R$ 90,01",2,Sao Paulo/SP/Brasil,Cartao de Credito,Entregue
TRX0002992,PED001587,2025-04-14,CLI00423,Carregador Turbo,Acessorios,"R$ 100,58",1,Recife/PE/Brasil,Pix,Entregue
TRX0002993,PED001588,2025-04-26,CLI00038,Carregador Turbo,Acessorios,"105,09",1,Campinas/SP/Brasil,Cartao de Credito,Entregue
TRX0002994,PED001588,26-04-2025,CLI00038,Hub USB-C,Acessorios,"124,51",1,Campinas/SP/Brasil,Cartao de Credito,Entregue
TRX0002995,PED001589,22/04/2025,CLI00191,Liquidificador Potente,casa,"R$ 234,21",1,Sao Paulo/SP/Brasil,Pix,entregue
TRX0002996,PED001590,2025-04-21,CLI00369,Livro Historia do Brasil,Livros,72.38,2,Uberlandia/MG/Brasil,Pix,Entregue
TRX0002997,PED001591,16-04-2025,CLI00251,Tablet 10,Eletronicos,"1.228,09",1,Recife/PE/Brasil,Cartao de Credito,Processando
TRX0002998,PED001591,16-04-2025,CLI00251,Jaqueta Corta Vento,Moda,"R$ 277,83",1,Recife/PE/Brasil,Cartao de Credito,Processando
TRX0002999,PED001591,2025-04-16,CLI00251,Headset Gamer,Acessórios,254.94,1,Recife/PE/Brasil,Cartao de Credito,Processando
TRX0003000,PED001591,16/04/2025,CLI00251,Camiseta Dry Fit,Esporte,78.99,1,Recife/PE/Brasil,Cartao de Credito,Processando
TRX0003001,PED001592,2025-04-27,CLI00392,Luminaria de Mesa,Casa,147.28,1,Florianopolis/SC/Brasil,Cartao de Debito,Enviado
TRX0003002,PED001592,2025-04-27,CLI00392,Cafeteira Eletrica,Casa,"R$ 310,98",1,Florianopolis/SC/Brasil,Cartao de Debito,Enviado
TRX0003003,PED001592,2025-04-27,CLI00392,Tapete de Yoga,Esporte,"R$ 154,65",1,Florianopolis/SC/Brasil,Cartao de Debito,Enviado
TRX0003004,PED001593,22-04-2025,CLI00652,Livro Historia do Brasil,Livros,"74,90",1,Fortaleza/CE/Brasil,Cartao de Credito,Entregue
TRX0003005,PED001593,2025-04-22,CLI00652,Cafeteira Eletrica,Casa,297.18,0,Fortaleza/CE/Brasil,Cartao de Credito,Entregue
TRX0003006,PED001593,22-04-2025,CLI00652,Notebook Gamer,Eletronicos,"R$ 5.232,18",4,Fortaleza/CE/Brasil,Cartao de Credito,Entregue
TRX0003007,PED001594,2025-04-30,CLI00381,Luminaria de Mesa,Casa,145.34,2,Campinas/SP/Brasil,Cartao de Debito,Cancelado
TRX0003008,PED001594,30/04/2025,CLI00381,Smartphone X200,Eletronicos,"2.153,74",1,Campinas/SP/Brasil,Cartao de Debito,Cancelado
TRX0003009,PED001595,2025-04-19,CLI00169,Notebook Gamer,Eletronicos,"5.165,00",1,Porto Alegre/RS/Brasil,Cartao de Credito,Devolvido
TRX0003010,PED001595,2025-04-19,CLI00169,Camisa Social Slim,MODA,156.31,2,Porto Alegre/RS/Brasil,Cartao de Credito,Devolvido
TRX0003011,PED001596,2025-04-13,CLI00149,Liquidificador Potente,Casa,"222,12",1,Curitiba/PR/Brasil,Cartao de Credito,Entregue
TRX0003012,PED001596,2025-04-13,CLI00149,Aspirador Robo,Casa,1559.26,1,Curitiba/PR/Brasil,Cartao de Credito,Entregue
TRX0003013,PED001597,06-04-2025,CLI00422,Carregador Turbo,Acessorios,"R$ 105,73",2,Salvador/BA/Brasil,Cartao de Credito,Entregue
TRX0003014,PED001597,2025-04-06,CLI00422,Luminaria de Mesa,Casa,"R$ 147,64",1,Salvador/BA/Brasil,Cartao de Credito,Entregue
TRX0003015,PED001598,2025-04-07,CLI00194,Jaqueta Corta Vento,Moda,"R$ 277,91",1,Fortaleza/CE/Brasil,Cartao de Credito,Entregue
TRX0003016,PED001598,07/04/2025,CLI00194,Teclado Mecanico,Acessorios,"R$ 355,18",1,Fortaleza/CE/Brasil,Cartao de Credito,Entregue
TRX0003017,PED001598,2025-04-07,CLI00194,Livro SQL Essencial,Livros,"76,23",1,Fortaleza/CE/Brasil,Cartao de Credito,Entregue
TRX0003018,PED001598,2025-04-07,CLI00194,Headset Gamer,Acessorios,"255,95",3,Fortaleza/CE/Brasil,Cartao de Credito,Entregue
TRX0003019,PED001599,2025-04-14,CLI00188,Halteres 10kg,Esporte,"R$ 189,15",3,Curitiba/PR/Brasil,Pix,entregue
TRX0003020,PED001600,08/04/2025,CLI00088,Cafeteira Eletrica,Casa,297.35,2,Porto Alegre/RS/Brasil,Cartao de Credito,Entregue
TRX0003021,PED001600,2025-04-08,CLI00088,Liquidificador Potente,Casa,"212,87",1,Porto Alegre/RS/Brasil,Cartao de Credito,Entregue
TRX0003022,PED001601,2025-04-11,CLI00512,Headset Gamer,Acessorios,"R$ 265,18",1,Rio de Janeiro/RJ/Brasil,Boleto,Devolvido
TRX0003023,PED001601,2025-04-11,CLI00512,Notebook Gamer,Eletronicos,4736.02,1,Rio de Janeiro/RJ/Brasil,Boleto,Devolvido
TRX0003024,PED001602,06-04-2025,CLI00148,Mouse Sem Fio,Acessorios,"94,40",1,Fortaleza/CE/Brasil,Boleto,Entregue
TRX0003025,PED001602,2025-04-06,CLI00148,Halteres 10kg,Esporte,"R$ 180,40",1,Fortaleza/CE/Brasil,Boleto,Entregue
TRX0003026,PED001602,2025-04-06,CLI00148,Mochila para Notebook,Acessorios,"R$ 177,30",3,Fortaleza/CE/Brasil,Boleto,entregue
TRX0003027,PED001602,06-04-2025,CLI00148,Cafeteira Eletrica,Casa,307.14,1,Fortaleza/CE/Brasil,Boleto,entregue
TRX0003028,PED001603,2025-05-20,CLI00013,Livro Historia do Brasil,LIVROS,"R$ 68,84",1,Fortaleza/CE/Brasil,Cartao de Debito,Devolvido
TRX0003029,PED001604,2025-05-07,CLI00279,Mouse Sem Fio,Acessorios,90.91,1,Sao Paulo/SP/Brasil,Pix,Devolvido
TRX0003030,PED001605,2025-05-06,CLI00295,Headset Gamer,Acessorios,264.88,2,Niteroi/RJ/Brasil,Pix,Entregue
TRX0003031,PED001606,2025-05-07,CLI00088,Calca Jeans Reta,moda,190.80,2,Porto Alegre/RS/Brasil,Cartao de Credito,Entregue
TRX0003032,PED001607,20/05/2025,CLI00194,Livro SQL Essencial,Livros,"R$ 78,78",2,Fortaleza/CE/Brasil,Cartao de Credito,Entregue
TRX0003033,PED001607,20-05-2025,CLI00194,Smart TV 50,Eletronicos,"R$ 2.553,88",1,Fortaleza/CE/Brasil,Cartao de Credito,Entregue
TRX0003034,PED001608,12/05/2025,CLI00413,Halteres 10kg,Esporte,"186,66",1,Rio de Janeiro/RJ/Brasil,Pix,Entregue
TRX0003035,PED001609,2025-05-08,CLI00544,Smartphone X200,Eletronicos,"2.367,11",1,Rio de Janeiro/RJ/Brasil,Cartao de Credito,Entregue
TRX0003036,PED001609,2025-05-08,CLI00544,Teclado Mecanico,Acessorios,"R$ 332,80",1,Rio de Janeiro/RJ/Brasil,Cartao de Credito,Entregue
TRX0003037,PED001609,08/05/2025,CLI00544,Capa para Smartphone,Acessorios,"51,30",2,Rio de Janeiro/RJ/Brasil,Cartao de Credito,Entregue
TRX0003038,PED001610,,CLI00203,Teclado Mecanico,Acessorios,"R$ 343,07",1,Campinas/SP/Brasil,Cartao de Credito,Entregue
TRX0003039,PED001610,2025-05-24,CLI00203,Liquidificador Potente,Casa,236.20,1,Campinas/SP/Brasil,Cartao de Credito,Entregue
TRX0003040,PED001611,09/05/2025,CLI00649,Halteres 10kg,Esporte,"193,96",1,Curitiba/PR/Brasil,Pix,entregue
TRX0003041,PED001612,23/05/2025,CLI00232,Monitor 27,Eletronicos,"1.181,27",3,Sao Paulo/SP/Brasil,Cartao de Debito,Entregue
TRX0003042,PED001612,2025-05-23,CLI00232,Jaqueta Corta Vento,moda,"R$ 261,90",1,Sao Paulo/SP/Brasil,Cartao de Debito,Entregue
TRX0003043,PED001613,2025-05-11,CLI00222,Camiseta Dry Fit,Esporte,78.58,1,Belo Horizonte/MG/Brasil,Cartao de Credito,Entregue
TRX0003044,PED001613,2025-05-11,CLI00222,Hub USB-C,Acessorios,126.91,1,Belo Horizonte/MG/Brasil,Cartao de Credito,Entregue
TRX0003045,PED001614,06/05/2025,CLI00453,Mouse Sem Fio,Acessorios,"90,20",1,Recife/PE/Brasil,Pix,Entregue
TRX0003046,PED001615,2025-05-05,CLI00652,Calca Jeans Reta,Moda,196.77,1,Fortaleza/CE/Brasil,Pix,Entregue
TRX0003047,PED001615,05/05/2025,CLI00652,Jogo de Panelas,Casa,421.26,1,Fortaleza/CE/Brasil,Pix,Entregue
TRX0003048,PED001615,2025-05-05,CLI00652,Jaqueta Corta Vento,Moda,285.77,2,Fortaleza/CE/Brasil,Pix,ENTREGUE
TRX0003049,PED001616,05/05/2025,CLI00435,Livro SQL Essencial,Livros,"R$ 83,60",3,Salvador/BA/Brasil,Pix,Entregue
TRX0003050,PED001617,02-05-2025,CLI00346,Cafeteira Eletrica,Casa,304.51,2,Santos/SP/Brasil,Boleto,Entregue
TRX0003051,PED001618,01-05-2025,CLI00301,Mochila para Notebook,Acessorios,"174,20",1,Sao Paulo/SP/Brasil,Cartao de Credito,Cancelado
TRX0003052,PED001618,2025-05-01,CLI00301,Liquidificador Potente,Casa,215.87,1,Sao Paulo/SP/Brasil,Cartao de Credito,Cancelado
TRX0003053,PED001618,2025-05-01,CLI00301,Headset Gamer,Acessórios,"247,22",1,Sao Paulo/SP/Brasil,Cartao de Credito,Cancelado
TRX0003054,PED001619,05/05/2025,CLI00126,Livro Dados em Acao,Livros,85.11,3,Curitiba/PR/Brasil,Cartao de Credito,Entregue
TRX0003055,PED001620,2025-05-21,CLI00539,Monitor 27,Eletronicos,"R$ 1.205,73",2,Rio de Janeiro/RJ/Brasil,Boleto,Processando
TRX0003056,PED001621,18-05-2025,CLI00482,Mochila para Notebook,Acessorios,184.97,1,Fortaleza/CE/Brasil,Cartao de Debito,Enviado
TRX0003057,PED001621,2025-05-18,CLI00482,Vestido Midi,Moda,"R$ 221,74",1,Fortaleza/CE/Brasil,Cartao de Debito,Enviado
TRX0003058,PED001621,2025-05-18,CLI00482,Tapete de Yoga,Esporte,"R$ 153,99",2,Fortaleza/CE/Brasil,Cartao de Debito,Enviado
TRX0003059,PED001622,2025-05-21,CLI00577,Hub USB-C,Acessorios,124.52,1,Rio de Janeiro/RJ/Brasil,Pix,Entregue
TRX0003060,PED001622,2025-05-21,CLI00577,Livro Dados em Acao,Livros,"R$ 87,25",1,Rio de Janeiro/RJ/Brasil,Pix,Entregue
,PED001623,15/05/2025,CLI00480,Livro SQL Essencial,Livros,"R$ 82,65",2,Porto Alegre/RS/Brasil,Cartao de Credito,Entregue
TRX0003062,PED001623,2025-05-15,CLI00480,Hub USB-C,Acessorios,"127,13",2,Porto Alegre/RS/Brasil,Cartao de Credito,Entregue
TRX0003063,PED001624,2025-05-21,CLI00491,Tapete de Yoga,Esporte,158.67,2,Sao Paulo/SP/Brasil,Boleto,Entregue
TRX0003064,PED001625,2025-05-05,CLI00361,Vestido Midi,Moda,217.40,1,Santos/SP/Brasil,Cartao de Credito,Enviado
TRX0003065,PED001625,05/05/2025,CLI00361,Camisa Social Slim,Moda,"R$ 156,17",1,Santos/SP/Brasil,Cartao de Credito,Enviado
TRX0003066,PED001626,2025-05-10,CLI00605,Monitor 27,Eletronicos,"R$ 1.138,66",1,Belo Horizonte/MG/Brasil,Boleto,Processando
TRX0003067,PED001627,18-05-2025,CLI00421,Jaqueta Corta Vento,Moda,"R$ 259,29",1,Porto Alegre/RS/Brasil,Pix,Entregue
TRX0003068,PED001628,2025-05-14,CLI00500,Calca Jeans Reta,Moda,"190,73",2,Recife/PE/Brasil,Cartao de Credito,Entregue
TRX0003069,PED001628,2025-05-14,CLI00500,Mouse Sem Fio,Acessorios,"89,15",1,Recife/PE/Brasil,Cartao de Credito,Entregue
TRX0003070,PED001629,2025-05-08,CLI00011,Garrafa Termica,Esporte,"121,41",2,Sao Paulo/SP/Brasil,Pix,Entregue
TRX0003071,PED001629,08/05/2025,CLI00011,Tapete de Yoga,Esporte,146.27,1,Sao Paulo/SP/Brasil,Pix,ENTREGUE
TRX0000730,PED000392,16/09/2024,CLI00569,Liquidificador Potente,Casa,"R$ 222,57",1,Campinas/SP/Brasil,Boleto,entregue
TRX0003072,PED001629,2025-05-08,CLI00011,Livro SQL Essencial,Livros,"82,50",1,Sao Paulo/SP/Brasil,Pix,Entregue
TRX0003073,PED001630,2025-05-05,CLI00577,Jogo de Panelas,Casa,"418,91",1,Rio de Janeiro/RJ/Brasil,Cartao de Credito,Entregue
TRX0003074,PED001630,05/05/2025,CLI00577,Luminaria de Mesa,Casa,146.09,1,Rio de Janeiro/RJ/Brasil,Cartao de Credito,Entregue
TRX0003075,PED001631,2025-05-16,CLI00305,Mouse Sem Fio,Acessorios,"R$ 95,98",3,Campinas/SP/Brasil,Boleto,ENTREGUE
TRX0003076,PED001631,16/05/2025,CLI00305,Livro SQL Essencial,Livros,"83,08",1,Campinas/SP/Brasil,Boleto,Entregue
TRX0003077,PED001632,,CLI00486,Headset Gamer,Acessorios,"R$ 258,99",1,Rio de Janeiro/RJ/Brasil,Cartao de Credito,Entregue
TRX0003078,PED001632,2025-05-02,CLI00486,Cafeteira Eletrica,Casa,"307,55",1,Rio de Janeiro/RJ/Brasil,Cartao de Credito,Entregue
TRX0003079,PED001633,2025-05-14,CLI00370,Aspirador Robo,Casa,1604.49,1,Uberlandia/MG/Brasil,Cartao de Credito,Extraviado
TRX0003080,PED001633,2025-05-14,CLI00370,Garrafa Termica,Esporte,120.98,1,Uberlandia/MG/Brasil,Cartao de Credito,Enviado
TRX0000483,PED000265,2024-08-04,CLI00341,Hub USB-C,Acessorios,"R$ 133,68",3,Sao Paulo/SP/Brasil,Cartao de Credito,CANCELADO
TRX0003081,PED001633,14/05/2025,CLI00370,Livro SQL Essencial,Livros,"R$ 75,14",1,Uberlandia/MG/Brasil,Cartao de Credito,ENVIADO
TRX0003082,PED001634,2025-05-28,CLI00480,Camiseta Dry Fit,Esporte,78.99,1,Porto Alegre/RS/Brasil,Pix,Entregue
TRX0003083,PED001634,2025-05-28,CLI00480,Jaqueta Corta Vento,moda,R$ ???,1,Porto Alegre/RS/Brasil,Pix,Entregue
TRX0003084,PED001635,2025-05-14,CLI00508,Headset Gamer,Acessorios,"R$ 277,21",2,Sao Paulo/SP/Brasil,Pix,Entregue
TRX0003085,PED001635,2025-05-14,CLI00508,Carregador Turbo,ACESSORIOS,"R$ 106,92",3,Sao Paulo/SP/Brasil,Pix,Entregue
TRX0003086,PED001635,2025-05-14,CLI00508,Capa para Smartphone,Acessorios,"50,04",1,Sao Paulo/SP/Brasil,Pix,Entregue
TRX0003087,PED001636,2025-05-03,CLI00278,Tapete de Yoga,Esporte,156.94,1,Rio de Janeiro/RJ/Brasil,Cartao de Credito,Devolvido
TRX0003088,PED001636,2025-05-03,CLI00278,Garrafa Termica,Esporte,"122,02",2,Rio de Janeiro/RJ/Brasil,Cartao de Credito,devolvido
TRX0003089,PED001637,2025-05-07,CLI00645,Livro Dados em Acao,Livros,"R$ 95,71",1,Sao Paulo/SP/Brasil,Cartao de Credito,Entregue
TRX0003090,PED001637,2025-05-07,CLI00645,Halteres 10kg,Esporte,186.03,1,Sao Paulo/SP/Brasil,Cartao de Credito,Entregue
TRX0003091,PED001637,2025-05-07,CLI00645,Camiseta Dry Fit,Esporte,"79,72",1,Sao Paulo/SP/Brasil,Cartao de Credito,Entregue
TRX0003092,PED001638,2025-05-07,CLI00270,Notebook Ultrafino,Eletronicos,3652.26,1,Fortaleza/CE/Brasil,Cartao de Credito,Cancelado
TRX0003093,PED001638,2025-05-07,CLI00270,Mouse Sem Fio,Acessorios,"93,83",1,Fortaleza/CE/Brasil,Cartao de Credito,CANCELADO
TRX0003094,PED001638,2025-05-07,CLI00270,Hub USB-C,Acessorios,"R$ 123,23",1,Fortaleza/CE/Brasil,Cartao de Credito,Cancelado
TRX0003095,PED001638,07/05/2025,CLI00270,Jaqueta Corta Vento,Moda,270.61,1,Fortaleza/CE/Brasil,Cartao de Credito,Cancelado
TRX0003096,PED001639,2025-05-27,CLI00120,Carregador Turbo,Acessorios,"R$ 106,44",2,Belo Horizonte/MG/Brasil,Cartao de Credito,enviado
TRX0003097,PED001640,2025-05-06,CLI00037,Liquidificador Potente,Casa,223.50,3,Sao Paulo/SP/Brasil,Cartao de Credito,Processando
TRX0003098,PED001640,06/05/2025,CLI00037,Smart TV 50,Eletronicos,2735.45,1,Sao Paulo/SP/Brasil,Cartao de Credito,Processando
TRX0003099,PED001641,18/05/2025,CLI00143,Calca Jeans Reta,Moda,"182,38",1,Porto Alegre/RS/Brasil,Pix,Entregue
TRX0003100,PED001642,2025-05-07,CLI00164,Livro Dados em Acao,Livros,"87,81",1,Curitiba/PR/Brasil,Pix,Entregue
TRX0003101,PED001642,2025-05-07,CLI00164,,Moda,225.66,1,Curitiba/PR/Brasil,Pix,Entregue
TRX0003102,PED001643,05/05/2025,CLI00270,Capa para Smartphone,Acessorios,53.81,1,Fortaleza/CE/Brasil,Cartao de Credito,Entregue
,PED001643,05/05/2025,CLI00270,Livro SQL Essencial,Livros,"75,92",2,Fortaleza/CE/Brasil,Cartao de Credito,Entregue
TRX0003104,PED001643,05/05/2025,CLI00270,Vestido Midi,Moda,"R$ 219,66",2,Fortaleza/CE/Brasil,Cartao de Credito,Entregue
TRX0003105,PED001644,2025-05-08,CLI00480,Notebook Ultrafino,Eletronicos,"R$ 3.468,34",1,Porto Alegre/RS/Brasil,Pix,Enviado
TRX0003106,PED001644,08-05-2025,CLI00480,Mouse Sem Fio,ACESSORIOS,"R$ 94,49",1,Porto Alegre/RS/Brasil,Pix,Enviado
TRX0003107,PED001644,2025-05-08,CLI00480,Mochila para Notebook,Acessorios,"R$ 176,74",1,Porto Alegre/RS/Brasil,Pix,Enviado
TRX0003108,PED001645,16-05-2025,CLI00421,Livro Historia do Brasil,Livros,"R$ 66,80",2,Porto Alegre/RS/Brasil,Pix,Cancelado
TRX0003109,PED001646,2025-05-22,CLI00194,Mochila para Notebook,Acessórios,gratis,1,Fortaleza/CE/Brasil,Pix,Entregue
TRX0003110,PED001647,21/05/2025,CLI00131,Liquidificador Potente,Casa,"R$ 216,98",2,Sao Paulo/SP/Brasil,Cartao de Credito,Entregue
TRX0003111,PED001648,2025-05-14,CLI00004,Mochila para Notebook,Acessorios,"R$ 170,25",1,Sao Paulo/SP/Brasil,Cartao de Credito,Entregue
TRX0003112,PED001648,2025-05-14,CLI00004,Calca Jeans Reta,Moda,"R$ 182,35",1,Sao Paulo/SP/Brasil,Cartao de Credito,Entregue
TRX0003113,PED001648,14-05-2025,CLI00004,Mouse Sem Fio,Acessorios,"91,21",1,Sao Paulo/SP/Brasil,Cartao de Credito,Entregue
TRX0003114,PED001648,2025-05-14,CLI00004,Cafeteira Eletrica,Casa,"283,10",1,Sao Paulo/SP/Brasil,Cartao de Credito,Entregue
TRX0003115,PED001648,14-05-2025,CLI00004,Tablet 10,ELETRONICOS,1380.13,1,Sao Paulo/SP/Brasil,Cartao de Credito,Entregue
TRX0003116,PED001649,24/05/2025,CLI00091,Tenis Corrida Leve,Esporte,"R$ 321,08",3,Sao Paulo/SP/Brasil,Pix,Entregue
TRX0003117,PED001649,24-05-2025,CLI00091,Camiseta Dry Fit,Esporte,"R$ 79,82",1,Sao Paulo/SP/Brasil,Pix,Entregue
TRX0003118,PED001649,2025-05-24,CLI00091,Livro Dados em Acao,Livros,89.57,1,Sao Paulo/SP/Brasil,Pix,Entregue
TRX0003119,PED001650,2025-05-08,CLI00031,Notebook Gamer,Eletronicos,"R$ 4.692,97",2,Rio de Janeiro/RJ/Brasil,Pix,Entregue
TRX0003120,PED001650,2025-05-08,CLI00031,Hub USB-C,Acessorios,"131,39",1,Rio de Janeiro/RJ/Brasil,Pix,Entregue
TRX0003121,PED001650,08-05-2025,CLI00031,Mochila para Notebook,Acessorios,"R$ 180,59",1,Rio de Janeiro/RJ/Brasil,Pix,Entregue
TRX0003122,PED001651,26/05/2025,CLI00185,Monitor 27,Eletronicos,"1.118,41",1,Rio de Janeiro/RJ/Brasil,Cartao de Credito,Entregue
TRX0003123,PED001652,30/05/2025,CLI00164,Jogo de Panelas,Casa,388.30,4,Curitiba/PR/Brasil,Cartao de Credito,ENTREGUE
TRX0003124,PED001652,2025-05-30,CLI00164,Smartphone X200,Eletronicos,"R$ 2.149,88",1,Curitiba/PR/Brasil,Cartao de Credito,Entregue
TRX0003125,PED001652,2025-05-30,CLI00164,Luminaria de Mesa,CASA,132.18,1,Curitiba/PR/Brasil,Cartao de Credito,Entregue
TRX0003126,PED001652,2025-05-30,CLI00164,Livro Dados em Acao,livros,86.55,1,Curitiba/PR/Brasil,Cartao de Credito,Entregue
TRX0003127,PED001653,2025-05-29,CLI00035,Mouse Sem Fio,ACESSORIOS,87.80,1,Florianopolis/SC/Brasil,Pix,Enviado
TRX0003128,PED001653,2025-05-29,CLI00035,Tenis Corrida Leve,Esporte,334.41,2,Florianopolis/SC/Brasil,Pix,Enviado
TRX0003129,PED001653,2025-05-29,CLI00035,Liquidificador Potente,Casa,"R$ 211,76",2,Florianopolis/SC/Brasil,Pix,Enviado
TRX0003130,PED001654,25/05/2025,CLI00062,Notebook Ultrafino,Eletronicos,"R$ 3.678,31",4,Curitiba/PR/Brasil,Pix,Processando
TRX0003131,PED001655,2025-05-11,CLI00036,Luminaria de Mesa,Casa,149.82,2,Uberlandia/MG/Brasil,Pix,Entregue
TRX0003132,PED001655,2025-05-11,CLI00036,Tenis Corrida Leve,Esporte,"340,73",1,Uberlandia/MG/Brasil,Pix,Entregue
TRX0003133,PED001656,2025-05-02,CLI00149,Camisa Social Slim,Moda,"R$ 171,22",4,Curitiba/PR/Brasil,Cartao de Credito,Entregue
TRX0003134,PED001657,2025-05-20,CLI00444,Tapete de Yoga,Esporte,"R$ 154,33",1,Belo Horizonte/MG/Brasil,Pix,Entregue
TRX0003135,PED001658,2025-05-07,CLI00041,Livro Dados em Acao,Livros,"R$ 85,44",1,Belo Horizonte/MG/Brasil,Pix,Entregue
TRX0003136,PED001659,2025-05-15,CLI00172,Tablet 10,Eletrônicos,"1.381,43",3,Fortaleza/CE/Brasil,Cartao de Credito,Entregue
TRX0003137,PED001659,2025-05-15,CLI00172,Camiseta Dry Fit,Esporte,84.75,-2,Fortaleza/CE/Brasil,Cartao de Credito,Entregue
TRX0003138,PED001660,2025-05-16,CLI00652,Carregador Turbo,Acessorios,"R$ 99,35",1,Fortaleza/CE/Brasil,Cartao de Credito,Entregue
TRX0003139,PED001661,03-05-2025,CLI00279,Cafeteira Eletrica,Casa,312.07,1,Sao Paulo/SP/Brasil,Cartao de Credito,ENTREGUE
TRX0003140,PED001662,22-05-2025,CLI00648,Mouse Sem Fio,Acessorios,"90,41",1,Florianopolis/SC/Brasil,Pix,Entregue
TRX0003141,PED001662,2025-05-22,CLI00648,Livro Dados em Acao,Livros,"86,16",1,Florianopolis/SC/Brasil,Pix,Entregue
TRX0003142,PED001663,23-05-2025,CLI00447,Teclado Mecanico,ACESSORIOS,"339,61",1,Sao Paulo/SP/Brasil,Pix,Entregue
TRX0003143,PED001664,16/05/2025,CLI00021,Tapete de Yoga,Esporte,142.73,1,Uberlandia/MG/Brasil,Cartao de Credito,Entregue
TRX0003144,PED001664,2025-05-16,CLI00021,Garrafa Termica,Esporte,"R$ 117,90",1,Uberlandia/MG/Brasil,Cartao de Credito,Entregue
TRX0003145,PED001665,14/05/2025,CLI00302,Camisa Social Slim,Moda,166.18,1,Campinas/SP/Brasil,Boleto,Entregue
TRX0003146,PED001666,2025-05-02,CLI00642,Carregador Turbo,Acessorios,"R$ 98,95",1,Curitiba/PR/Brasil,Cartao de Credito,Cancelado
TRX0003147,PED001666,2025-05-02,CLI00642,Tablet 10,Eletronicos,"1.243,74",2,Curitiba/PR/Brasil,Cartao de Credito,Cancelado
TRX0003148,PED001666,02/05/2025,CLI00642,Calca Jeans Reta,Moda,"R$ 179,98",2,Curitiba/PR/Brasil,Cartao de Credito,Cancelado
TRX0003149,PED001666,02-05-2025,CLI00642,Livro Historia do Brasil,Livros,"66,61",1,Curitiba/PR/Brasil,Cartao de Credito,Cancelado
TRX0003150,PED001667,20/05/2025,CLI00286,Livro Historia do Brasil,Livros,67.99,4,Curitiba/PR/Brasil,Cartao de Credito,Entregue
TRX0003151,PED001667,20/05/2025,CLI00286,Liquidificador Potente,Casa,213.02,2,Curitiba/PR/Brasil,Cartao de Credito,Entregue
TRX0003152,PED001668,2025-05-14,CLI00073,Cafeteira Eletrica,Casa,286.41,1,Recife/PE/Brasil,Cartao de Credito,Entregue
TRX0003153,PED001668,14/05/2025,CLI00073,Camisa Social Slim,MODA,"R$ 157,40",1,Recife/PE/Brasil,Cartao de Credito,Entregue
TRX0003154,PED001668,14-05-2025,CLI00073,Liquidificador Potente,Casa,"R$ 221,29",1,Recife/PE/Brasil,Cartao de Credito,Entregue
TRX0003155,PED001668,14/05/2025,CLI00073,Halteres 10kg,Esporte,"186,07",1,Recife/PE/Brasil,Cartao de Credito,Entregue
TRX0003156,PED001669,00/00/0000,CLI00062,Mochila para Notebook,Acessorios,179.21,1,Curitiba/PR/Brasil,Cartao de Debito,Entregue
TRX0003157,PED001670,2025-05-21,CLI00642,Monitor 27,Eletronicos,gratis,1,Curitiba/PR/Brasil,Boleto,Enviado
TRX0003158,PED001671,2025-05-01,CLI00461,Liquidificador Potente,Casa,227.25,2,Porto Alegre/RS/Brasil,Cartao de Debito,Enviado
TRX0003159,PED001672,2025-05-05,CLI00300,Cafeteira Eletrica,Casa,309.93,1,Brasilia/DF/Brasil,Boleto,Entregue
TRX0003160,PED001672,2025-05-05,CLI00300,Tapete de Yoga,Esporte,"R$ 148,07",1,Brasilia/DF/Brasil,Boleto,Entregue
TRX0003161,PED001672,05/05/2025,CLI00300,Liquidificador Potente,Casa,"R$ 217,74",1,Brasilia/DF/Brasil,Boleto,Entregue
TRX0003162,PED001672,05/05/2025,CLI00300,Monitor 27,Eletronicos,"1.202,08",1,Brasilia/DF/Brasil,Boleto,Entregue
TRX0003163,PED001673,2025-05-11,CLI00068,Monitor 27,Eletronicos,1135.70,3,Florianopolis/SC/Brasil,Cartao de Credito,Entregue
TRX0003164,PED001674,2025-05-11,CLI00305,Tablet 10,Eletronicos,"R$ 1.286,32",1,Campinas/SP/Brasil,Pix,Entregue
TRX0003165,PED001674,2025-05-11,CLI00305,Teclado Mecanico,Acessorios,337.71,1,Campinas/SP/Brasil,Pix,Entregue
TRX0003166,PED001675,2025-05-23,CLI00555,Carregador Turbo,Acessorios,100.79,1,Porto Alegre/RS/Brasil,Cartao de Debito,Entregue
TRX0003167,PED001675,2025-05-23,CLI00555,Tapete de Yoga,Esporte,153.10,1,Porto Alegre/RS/Brasil,Cartao de Debito,Entregue
TRX0003168,PED001676,14-05-2025,CLI00383,Smart TV 50,Eletronicos,"2.767,80",2,Florianopolis/SC/Brasil,Cartao de Credito,Entregue
TRX0003169,PED001676,2025-05-14,CLI00383,Tenis Corrida Leve,Esporte,332.73,1,Florianopolis/SC/Brasil,Cartao de Credito,Entregue
TRX0003170,PED001676,2025-05-14,CLI00383,Capa para Smartphone,acessorios,50.89,2,Florianopolis/SC/Brasil,Cartao de Credito,Entregue
TRX0003171,PED001676,2025-05-14,CLI00383,Aspirador Robo,Casa,"R$ 1.706,37",1,Florianopolis/SC/Brasil,Cartao de Credito,Entregue
TRX0003172,PED001676,14-05-2025,CLI00383,Garrafa Termica,Esporte,118.02,1,Florianopolis/SC/Brasil,Cartao de Credito,Entregue
TRX0003173,PED001677,2025-05-07,CLI00073,Aspirador Robo,Casa,"R$ 1.651,90",1,Recife/PE/Brasil,Pix,Entregue
TRX0003174,PED001677,07/05/2025,CLI00073,Calca Jeans Reta,Moda,200.83,1,Recife/PE/Brasil,Pix,Entregue
TRX0003175,PED001677,2025-05-07,CLI00073,Livro Dados em Acao,Livros,91.38,1,Recife/PE/Brasil,Pix,Entregue
TRX0003176,PED001678,sem data,CLI00256,Teclado Mecanico,Acessorios,360.22,1,Santos/SP/Brasil,Boleto,Entregue
TRX0003177,PED001679,2025-05-17,CLI00222,Hub USB-C,Acessorios,,2,Belo Horizonte/MG/Brasil,Boleto,Entregue
TRX0003178,PED001680,sem data,CLI00369,Halteres 10kg,esporte,"R$ 180,46",4,Uberlandia/MG/Brasil,Cartao de Credito,Entregue
TRX0003179,PED001681,2025-05-21,CLI00658,Luminaria de Mesa,Casa,"144,93",1,Goiania/GO/Brasil,Cartao de Credito,ENTREGUE
TRX0003180,PED001682,2025-05-24,CLI00073,Smart TV 50,Eletronicos,"2.785,72",1,Recife/PE/Brasil,Boleto,Entregue
TRX0003181,PED001682,24/05/2025,CLI00073,Jaqueta Corta Vento,Moda,"R$ 267,23",1,Recife/PE/Brasil,Boleto,Entregue
TRX0003182,PED001682,2025-05-24,CLI00073,Jogo de Panelas,Casa,"R$ 415,56",1,Recife/PE/Brasil,Boleto,Entregue
TRX0003183,PED001682,2025-05-24,CLI00073,Tablet 10,Eletronicos,"R$ 1.260,82",2,Recife/PE/Brasil,Boleto,Entregue
TRX0003184,PED001683,14-05-2025,CLI00570,Livro Dados em Acao,Livros,"R$ 799,52",1,Rio de Janeiro/RJ/Brasil,Pix,Entregue
TRX0003185,PED001684,2025-05-26,CLI00081,Tapete de Yoga,Esporte,"158,79",1,Sao Paulo/SP/Brasil,Pix,Entregue
TRX0005629,PED002980,11/12/2025,CLI00184,Calca Jeans Reta,Moda,"194,41",3,Belo Horizonte/MG/Brasil,Pix,Cancelado
TRX0003186,PED001685,2025-05-04,CLI00031,Monitor 27,Eletronicos,"1.093,64",2,Rio de Janeiro/RJ/Brasil,Pix,Entregue
TRX0003187,PED001686,2025-05-26,CLI00202,Headset Gamer,Acessorios,"253,23",1,Recife/PE/Brasil,Pix,Enviado
TRX0003188,PED001686,2025-05-26,CLI00202,Livro SQL Essencial,LIVROS,"R$ 80,51",1,Recife/PE/Brasil,Pix,Enviado
TRX0003189,PED001687,19/05/2025,CLI00291,Headset Gamer,Acessórios,"269,16",1,Rio de Janeiro/RJ/Brasil,Cartao de Credito,Processando
TRX0003190,PED001687,2025-05-19,CLI00291,Notebook Ultrafino,Eletronicos,3470.82,1,Rio de Janeiro/RJ/Brasil,Cartao de Credito,Processando
TRX0003191,PED001687,2025-05-19,CLI00291,Vestido Midi,moda,230.69,1,Rio de Janeiro/RJ/Brasil,Cartao de Credito,Processando
TRX0003192,PED001688,2025-05-23,CLI00272,Jogo de Panelas,Casa,"2.890,16",2,Campinas/SP/Brasil,Pix,Entregue
TRX0003193,PED001688,2025-05-23,CLI00272,Aspirador Robo,Casa,1622.49,1,Campinas/SP/Brasil,Pix,Entregue
TRX0003194,PED001688,23/05/2025,CLI00272,Tenis Corrida Leve,Esporte,"317,59",3,Campinas/SP/Brasil,Pix,Entregue
TRX0003195,PED001689,2025-05-25,CLI00228,Camiseta Dry Fit,Esporte,"77,60",1,Rio de Janeiro/RJ/Brasil,Pix,Entregue
TRX0003196,PED001689,25/05/2025,CLI00228,Liquidificador Potente,Casa,"R$ 225,74",1,Rio de Janeiro/RJ/Brasil,Pix,Entregue
TRX0003197,PED001690,2025-05-12,CLI00425,Luminaria de Mesa,Casa,138.10,1,Sao Paulo/SP/Brasil,Boleto,Cancelado
TRX0003198,PED001690,12/05/2025,CLI00425,Camisa Social Slim,Moda,"R$ 169,51",2,Sao Paulo/SP/Brasil,Boleto,Cancelado
TRX0003199,PED001690,12/05/2025,CLI00425,Liquidificador Potente,Casa,"R$ 215,71",1,Sao Paulo/SP/Brasil,Boleto,Cancelado
TRX0003200,PED001691,2025-05-03,CLI00394,Capa para Smartphone,Acessórios,"R$ 49,75",3,Sao Paulo/SP/Brasil,Pix,Enviado
TRX0003201,PED001691,03/05/2025,CLI00394,Mouse Sem Fio,Acessorios,"R$ 96,74",1,Sao Paulo/SP/Brasil,Pix,Enviado
TRX0003202,PED001691,03-05-2025,CLI00394,Garrafa Termica,Esporte,120.20,1,Sao Paulo/SP/Brasil,Pix,Enviado
TRX0003203,PED001691,03/05/2025,CLI00394,Tablet 10,Eletronicos,"1.276,97",3,Sao Paulo/SP/Brasil,Pix,Enviado
TRX0003204,PED001691,2025-05-03,CLI00394,Liquidificador Potente,CASA,227.80,1,Sao Paulo/SP/Brasil,Pix,Enviado
TRX0003205,PED001692,2025-05-06,CLI00014,Livro SQL Essencial,Livros,"R$ 80,84",2,Curitiba/PR/Brasil,Pix,Entregue
TRX0003206,PED001692,2025-05-06,CLI00014,Mochila para Notebook,Acessorios,"R$ 192,82",1,Curitiba/PR/Brasil,Pix,Entregue
TRX0003207,PED001692,2025-05-06,CLI00014,Liquidificador Potente,Casa,"R$ 229,97",1,Curitiba/PR/Brasil,Pix,ENTREGUE
TRX0003208,PED001693,2025-05-25,CLI00083,Garrafa Termica,Esporte,"R$ 117,83",1,Campinas/SP/Brasil,Cartao de Credito,Entregue
TRX0003209,PED001694,2025-05-13,CLI00462,Mochila para Notebook,ACESSORIOS,"R$ 173,53",1,Goiania/GO/Brasil,Cartao de Debito,Aguardando pagamento
TRX0003210,PED001694,2025-05-13,CLI00462,Jogo de Panelas,Casa,379.57,3,Goiania/GO/Brasil,Cartao de Debito,Entregue
TRX0003211,PED001694,2025-05-13,CLI00462,Tapete de Yoga,Esporte,"155,11",1,Goiania/GO/Brasil,Cartao de Debito,Entregue
TRX0003212,PED001695,2025-05-09,CLI00662,Halteres 10kg,Esporte,200.82,2,Recife/PE/Brasil,Boleto,Entregue
TRX0003213,PED001696,2025-05-04,CLI00570,Camiseta Dry Fit,Esporte,"R$ 76,44",1,Rio de Janeiro/RJ/Brasil,Boleto,ENTREGUE
TRX0003214,PED001697,2025-05-27,CLI00435,Luminaria de Mesa,Casa,"R$ 141,12",1,Salvador/BA/Brasil,Boleto,Entregue
TRX0003215,PED001698,2025-05-21,CLI00449,Camiseta Dry Fit,Esporte,"R$ 78,04",3,Rio de Janeiro/RJ/Brasil,Cartao de Credito,Entregue
TRX0003216,PED001698,21/05/2025,CLI00449,Tenis Corrida Leve,Esporte,"R$ 354,67",1,Rio de Janeiro/RJ/Brasil,Cartao de Credito,Entregue
TRX0003217,PED001699,2025-05-10,CLI00560,Cafeteira Eletrica,Casa,"R$ 303,39",1,Curitiba/PR/Brasil,Pix,Enviado
TRX0003218,PED001699,10-05-2025,CLI00560,Headset Gamer,Acessorios,"258,64",1,Curitiba/PR/Brasil,Pix,enviado
TRX0003219,PED001700,29-05-2025,CLI00480,Notebook Ultrafino,Eletronicos,"R$ 3.524,12",1,Porto Alegre/RS/Brasil,Cartao de Credito,Processando
TRX0003220,PED001700,29-05-2025,CLI00480,Hub USB-C,Acessórios,136.92,2,Porto Alegre/RS/Brasil,Cartao de Credito,Processando
TRX0003221,PED001700,2025-05-29,CLI00480,Calca Jeans Reta,Moda,"193,91",1,Porto Alegre/RS/Brasil,Cartao de Credito,Processando
TRX0003222,PED001700,29-05-2025,CLI00480,Monitor 27,Eletronicos,"R$ 1.208,78",2,Porto Alegre/RS/Brasil,Cartao de Credito,Processando
TRX0003223,PED001701,23/05/2025,CLI00449,Halteres 10kg,Esporte,"R$ 192,91",1,Rio de Janeiro/RJ/Brasil,Cartao de Credito,Entregue
TRX0003224,PED001702,23-05-2025,CLI00081,Camisa Social Slim,MODA,169.04,1,Sao Paulo/SP/Brasil,Pix,Entregue
TRX0003225,PED001703,06/05/2025,CLI00191,Jogo de Panelas,casa,415.48,3,Sao Paulo/SP/Brasil,Cartao de Credito,Entregue
TRX0003226,PED001703,06/05/2025,CLI00191,Mouse Sem Fio,Acessórios,95.09,4,Sao Paulo/SP/Brasil,Cartao de Credito,Entregue
TRX0003227,PED001704,2025-05-12,CLI00125,Aspirador Robo,Casa,"1.623,06",1,Sao Paulo/SP/Brasil,Cartao de Credito,Entregue
TRX0003228,PED001705,2025-05-23,CLI00587,Carregador Turbo,Acessorios,"102,16",1,Niteroi/RJ/Brasil,Pix,Entregue
TRX0003229,PED001705,23-05-2025,CLI00587,Capa para Smartphone,Acessorios,48.11,1,Niteroi/RJ/Brasil,Pix,Entregue
TRX0003230,PED001706,2025-05-31,CLI00021,Luminaria de Mesa,Casa,"132,41",1,Uberlandia/MG/Brasil,Cartao de Credito,Entregue
TRX0003231,PED001707,2025-05-02,CLI00215,Livro Historia do Brasil,Livros,73.04,2,Porto Alegre/RS/Brasil,Cartao de Debito,Entregue
TRX0003232,PED001707,2025-05-02,CLI00215,Luminaria de Mesa,Casa,139.37,1,Porto Alegre/RS/Brasil,Cartao de Debito,Entregue
TRX0003233,PED001707,2025-05-02,CLI00215,Capa para Smartphone,Acessorios,48.51,2,Porto Alegre/RS/Brasil,Cartao de Debito,Entregue
TRX0003234,PED001708,2025-05-07,,Camisa Social Slim,Moda,162.36,1,Recife/PE/Brasil,Cartao de Credito,entregue
TRX0003235,PED001709,01-05-2025,CLI00464,Aspirador Robo,Casa,"R$ 1.614,54",3,Porto Alegre/RS/Brasil,Pix,Entregue
TRX0003236,PED001710,2025-05-09,CLI00181,Camiseta Dry Fit,Esporte,"85,62",1,Curitiba/PR/Brasil,Pix,Entregue
TRX0003237,PED001710,2025-05-09,CLI00181,Livro SQL Essencial,Livros,82.16,4,Curitiba/PR/Brasil,Pix,Entregue
TRX0003238,PED001710,09/05/2025,CLI00181,Headset Gamer,acessorios,250.34,2,Curitiba/PR/Brasil,Pix,Entregue
TRX0003239,PED001711,29-05-2025,CLI00278,Jaqueta Corta Vento,Moda,"256,40",1,Rio de Janeiro/RJ/Brasil,Boleto,Entregue
TRX0003240,PED001712,15/05/2025,CLI00435,Mochila para Notebook,Acessorios,"R$ 181,84",1,Salvador/BA/Brasil,Cartao de Credito,Entregue
TRX0003241,PED001713,2025-05-16,CLI00379,Mochila para Notebook,Acessórios,"R$ 187,66",1,Belo Horizonte/MG/Brasil,Cartao de Credito,Entregue
TRX0003242,PED001713,2025-05-16,CLI00379,Livro SQL Essencial,Livros,"R$ 83,31",1,Belo Horizonte/MG/Brasil,Cartao de Credito,entregue
TRX0003243,PED001713,2025-05-16,CLI00379,Smartphone X200,Eletronicos,"2.201,90",1,Belo Horizonte/MG/Brasil,Cartao de Credito,Entregue
TRX0003244,PED001714,2025-05-01,CLI00193,Mochila para Notebook,Acessorios,192.01,1,Salvador/BA/Brasil,Cartao de Credito,Entregue
TRX0003245,PED001714,01/05/2025,CLI00193,Liquidificador Potente,Casa,214.77,1,Salvador/BA/Brasil,Cartao de Credito,Entregue
TRX0003246,PED001715,2025-05-08,CLI00508,Mochila para Notebook,Acessorios,180.69,1,Sao Paulo/SP/Brasil,Pix,Entregue
TRX0003247,PED001715,2025-05-08,CLI00508,Teclado Mecanico,Acessorios,"355,49",1,Sao Paulo/SP/Brasil,Pix,Entregue
TRX0003248,PED001716,2025-05-13,CLI00577,Smartphone X200,ELETRONICOS,"2.246,14",1,Rio de Janeiro/RJ/Brasil,Cartao de Credito,Cancelado
TRX0003249,PED001716,13/05/2025,CLI00577,Jaqueta Corta Vento,moda,"R$ 268,33",1,Rio de Janeiro/RJ/Brasil,Cartao de Credito,Cancelado
TRX0003250,PED001716,13/05/2025,CLI00577,Capa para Smartphone,Acessórios,50.81,1,Rio de Janeiro/RJ/Brasil,Cartao de Credito,Cancelado
TRX0003251,PED001717,2025-05-27,CLI00681,Jogo de Panelas,Casa,427.23,1,Rio de Janeiro/RJ/Brasil,Boleto,Entregue
TRX0003252,PED001718,2025-05-18,CLI00577,Tapete de Yoga,Esporte,158.51,1,Rio de Janeiro/RJ/Brasil,Pix,Entregue
TRX0003253,PED001719,2025-05-07,CLI00444,Liquidificador Potente,Casa,"R$ 229,42",1,Belo Horizonte/MG/Brasil,Cartao de Debito,Entregue
TRX0003254,PED001719,2025-05-07,CLI00444,Tapete de Yoga,Esporte,"R$ 145,85",1,Belo Horizonte/MG/Brasil,Cartao de Debito,Entregue
TRX0003255,PED001720,2025-05-17,CLI00439,Tenis Corrida Leve,esporte,"324,69",1,Sao Paulo/SP/Brasil,Cartao de Credito,Entregue
TRX0003256,PED001720,2025-05-17,CLI00439,Notebook Gamer,eletronicos,"R$ 4.691,86",1,Sao Paulo/SP/Brasil,Cartao de Credito,Entregue
TRX0003257,PED001721,20/05/2025,CLI00031,Cafeteira Eletrica,Casa,"R$ 289,71",1,Rio de Janeiro/RJ/Brasil,Pix,Entregue
TRX0003258,PED001722,2025-05-22,CLI00682,Liquidificador Potente,Casa,"R$ 213,27",2,Santos/SP/Brasil,Cartao de Debito,Entregue
TRX0003259,PED001722,2025-05-22,CLI00682,Smart TV 50,Eletronicos,2744.14,1,Santos/SP/Brasil,Cartao de Debito,Entregue
TRX0003260,PED001722,22/05/2025,CLI00682,Capa para Smartphone,Acessorios,51.06,2,Santos/SP/Brasil,Cartao de Debito,Entregue
TRX0003261,PED001723,18-05-2025,CLI00464,Liquidificador Potente,Casa,"223,95",2,Porto Alegre/RS/Brasil,Cartao de Credito,Entregue
TRX0003262,PED001724,26/05/2025,CLI00425,Capa para Smartphone,Acessorios,51.21,1,Sao Paulo/SP/Brasil,Cartao de Credito,Entregue
TRX0003263,PED001724,26-05-2025,CLI00425,Vestido Midi,Moda,"R$ 233,93",1,Sao Paulo/SP/Brasil,Cartao de Credito,ENTREGUE
TRX0003264,PED001725,30-05-2025,CLI00225,Vestido Midi,Moda,"R$ 220,25",1,Campinas/SP/Brasil,Cartao de Debito,entregue
TRX0003265,PED001726,2025-05-20,CLI00519,Hub USB-C,Acessorios,136.53,1,Brasilia/DF/Brasil,Cartao de Credito,Enviado
TRX0003266,PED001726,2025-05-20,CLI00519,Jogo de Panelas,Casa,"R$ 393,11",1,Brasilia/DF/Brasil,Cartao de Credito,Enviado
TRX0003267,PED001727,2025-05-12,CLI00377,Liquidificador Potente,Casa,"213,64",1,Rio de Janeiro/RJ/Brasil,Cartao de Credito,Entregue
TRX0003268,PED001727,2025-05-12,CLI00377,Smart TV 50,eletronicos,"R$ 2.519,05",1,Rio de Janeiro/RJ/Brasil,Cartao de Credito,Entregue
TRX0003269,PED001727,12/05/2025,CLI00377,Hub USB-C,Acessorios,"134,54",2,Rio de Janeiro/RJ/Brasil,Cartao de Credito,ENTREGUE
TRX0003270,PED001727,12/05/2025,CLI00377,Livro Historia do Brasil,Livros,"74,98",1,Rio de Janeiro/RJ/Brasil,Cartao de Credito,Entregue
TRX0003271,PED001728,2025-05-29,CLI00063,Mouse Sem Fio,Acessorios,87.86,2,Rio de Janeiro/RJ/Brasil,Pix,Enviado
TRX0003272,PED001729,2025-05-20,CLI00356,Halteres 10kg,esporte,197.31,3,Sao Paulo/SP/Brasil,Boleto,Entregue
TRX0003273,PED001730,14-05-2025,CLI00361,Liquidificador Potente,Casa,"R$ 234,24",2,Santos/SP/Brasil,Cartao de Credito,Entregue
TRX0003274,PED001731,2025-05-26,CLI00577,Headset Gamer,acessorios,"264,31",2,Rio de Janeiro/RJ/Brasil,Cartao de Credito,Entregue
TRX0003275,PED001732,06/05/2025,CLI00462,Liquidificador Potente,Casa,"R$ 226,32",1,Goiania/GO/Brasil,Cartao de Credito,Entregue
TRX0003276,PED001733,12/05/2025,CLI00681,Aspirador Robo,Casa,1536.55,2,Rio de Janeiro/RJ/Brasil,Cartao de Credito,Entregue
TRX0003277,PED001733,2025-05-12,CLI00681,Mochila para Notebook,acessorios,177.01,1,Rio de Janeiro/RJ/Brasil,Cartao de Credito,Entregue
TRX0003278,PED001734,2025-05-19,CLI00515,Calca Jeans Reta,Moda,200.99,1,Campinas/SP/Brasil,Pix,Entregue
TRX0003279,PED001734,2025-05-19,CLI00515,Monitor 27,Eletronicos,1094.56,1,Campinas/SP/Brasil,Pix,Entregue
TRX0003280,PED001735,08-05-2025,CLI00305,Smartphone X200,Eletronicos,"2.177,23",3,Campinas/SP/Brasil,Boleto,Entregue
TRX0003281,PED001736,30-05-2025,CLI00694,Liquidificador Potente,Casa,"R$ 221,83",1,Curitiba/PR/Brasil,Cartao de Debito,Entregue
TRX0003282,PED001737,06-05-2025,CLI00014,Jaqueta Corta Vento,Moda,"R$ 258,96",1,Curitiba/PR/Brasil,Cartao de Credito,Entregue
TRX0003283,PED001737,06/05/2025,CLI00014,Jogo de Panelas,Casa,421.91,1,Curitiba/PR/Brasil,Cartao de Credito,Entregue
TRX0003284,PED001737,06/05/2025,CLI00014,Teclado Mecanico,Acessorios,"R$ 332,59",1,Curitiba/PR/Brasil,Cartao de Credito,Entregue
TRX0003285,PED001738,2025-05-13,CLI00238,Liquidificador Potente,casa,212.34,2,Brasilia/DF/Brasil,Cartao de Credito,Entregue
,PED001739,28/05/2025,CLI00081,Mouse Sem Fio,Acessorios,"R$ 90,90",1,Sao Paulo/SP/Brasil,Boleto,Entregue
TRX0003287,PED001740,2025-05-24,CLI00656,Cafeteira Eletrica,Casa,"291,54",1,Curitiba/PR/Brasil,Pix,Entregue
TRX0003288,PED001741,2025-05-19,CLI00480,Tenis Corrida Leve,Esporte,"350,30",1,Porto Alegre/RS/Brasil,Cartao de Credito,Entregue
TRX0003289,PED001741,19/05/2025,CLI00480,Camiseta Dry Fit,Esporte,"82,73",1,Porto Alegre/RS/Brasil,Cartao de Credito,Entregue
TRX0003290,PED001741,19/05/2025,CLI00480,Garrafa Termica,Esporte,122.80,1,Porto Alegre/RS/Brasil,Cartao de Credito,Entregue
TRX0003291,PED001742,2025-05-28,CLI00140,Livro Dados em Acao,livros,"R$ 95,57",1,Rio de Janeiro/RJ/Brasil,Cartao de Credito,Cancelado
TRX0003292,PED001742,2025-05-28,CLI00140,Vestido Midi,Moda,"R$ 229,64",1,Rio de Janeiro/RJ/Brasil,Cartao de Credito,Cancelado
TRX0003293,PED001743,2025-05-02,CLI00149,Halteres 10kg,Esporte,"R$ 192,30",1,Curitiba/PR/Brasil,Cartao de Credito,Entregue
TRX0003294,PED001744,14-05-2025,CLI00542,Notebook Ultrafino,Eletronicos,3516.06,3,Curitiba/PR/Brasil,Pix,Entregue
TRX0003295,PED001745,2025-05-20,CLI00425,Jogo de Panelas,Casa,399.16,2,Sao Paulo/SP/Brasil,Cartao de Debito,ENTREGUE
TRX0003296,PED001745,2025-05-20,CLI00425,Smart TV 50,Eletronicos,"R$ 2.756,30",2,Sao Paulo/SP/Brasil,Cartao de Debito,entregue
TRX0003297,PED001746,23-05-2025,CLI00243,Jogo de Panelas,Casa,408.00,1,Rio de Janeiro/RJ/Brasil,Cartao de Credito,Entregue
TRX0003298,PED001747,2025-05-20,CLI00540,Hub USB-C,Acessorios,"R$ 133,22",1,Porto Alegre/RS/Brasil,Pix,Entregue
TRX0003299,PED001748,14/05/2025,CLI00303,Teclado Mecanico,Acessórios,333.14,3,Goiania/GO/Brasil,Cartao de Debito,Entregue
TRX0003300,PED001748,2025-05-14,CLI00303,Jogo de Panelas,Casa,"R$ 395,82",1,Goiania/GO/Brasil,Cartao de Debito,Entregue
TRX0003301,PED001748,2025-05-14,CLI00303,Luminaria de Mesa,Casa,146.15,1,Goiania/GO/Brasil,Cartao de Debito,Entregue
TRX0003302,PED001748,2025-05-14,CLI00303,Livro Dados em Acao,Livros,"R$ 90,14",1,Goiania/GO/Brasil,Cartao de Debito,Entregue
TRX0003303,PED001749,2025-05-10,CLI00188,Garrafa Termica,Esporte,"R$ 113,72",1,Curitiba/PR/Brasil,Pix,Entregue
TRX0003304,PED001750,15/05/2025,CLI00031,Vestido Midi,Moda,"R$ 220,27",3,Rio de Janeiro/RJ/Brasil,Cartao de Debito,Entregue
TRX0003305,PED001751,25/05/2025,CLI00143,Tablet 10,Eletronicos,1332.12,1,Porto Alegre/RS/Brasil,Pix,Entregue
TRX0003306,PED001751,2025-05-25,CLI00143,Headset Gamer,Acessorios,247.49,1,Porto Alegre/RS/Brasil,Pix,Entregue
TRX0003307,PED001751,2025-05-25,CLI00143,Calca Jeans Reta,Moda,"197,41",1,Porto Alegre/RS/Brasil,Pix,Entregue
TRX0003308,PED001752,29/05/2025,CLI00179,Camisa Social Slim,moda,"153,04",1,Sao Paulo/SP/Brasil,Cartao de Debito,Entregue
TRX0003309,PED001753,05/05/2025,CLI00319,Cafeteira Eletrica,Casa,"R$ 285,52",1,Porto Alegre/RS/Brasil,Boleto,CANCELADO
TRX0003310,PED001753,2025-05-05,CLI00319,Mouse Sem Fio,Acessorios,90.43,1,Porto Alegre/RS/Brasil,Boleto,Cancelado
TRX0003311,PED001754,2025-05-03,CLI00531,Vestido Midi,MODA,233.20,1,Salvador/BA/Brasil,Boleto,Entregue
TRX0003312,PED001754,03-05-2025,CLI00531,Luminaria de Mesa,Casa,"137,48",1,Salvador/BA/Brasil,Boleto,Entregue
TRX0003313,PED001754,2025-05-03,CLI00531,Hub USB-C,Acessorios,131.93,1,Salvador/BA/Brasil,Boleto,Entregue
TRX0003314,PED001754,03-05-2025,CLI00531,Smartphone X200,ELETRONICOS,2348.02,3,Salvador/BA/Brasil,Boleto,ENTREGUE
TRX0003315,PED001755,2025-05-17,CLI00567,Liquidificador Potente,Casa,"R$ 210,88",1,Belo Horizonte/MG/Brasil,Cartao de Debito,Entregue
TRX0003316,PED001755,2025-05-17,CLI00567,Mouse Sem Fio,Acessorios,"R$ 91,83",4,Belo Horizonte/MG/Brasil,Cartao de Debito,Entregue
TRX0003317,PED001755,17/05/2025,,Jogo de Panelas,CASA,"R$ 389,91",1,Belo Horizonte/MG/Brasil,Cartao de Debito,Entregue
TRX0003318,PED001756,2025-05-15,CLI00097,Mochila para Notebook,Acessorios,180.17,0,Campinas/SP/Brasil,Pix,Entregue
TRX0003319,PED001757,22-05-2025,CLI00270,Tablet 10,Eletronicos,1256.08,1,Fortaleza/CE/Brasil,Cartao de Debito,Entregue
TRX0003320,PED001757,2025-05-22,CLI00270,Mochila para Notebook,Acessorios,172.87,1,Fortaleza/CE/Brasil,Cartao de Debito,Entregue
TRX0003321,PED001758,30-05-2025,CLI00577,Aspirador Robo,Casa,"1.613,57",1,Rio de Janeiro/RJ/Brasil,Cartao de Credito,Entregue
TRX0003322,PED001759,2025-05-29,CLI00305,Calca Jeans Reta,Moda,196.36,1,Campinas/SP/Brasil,Cartao de Debito,Entregue
TRX0003323,PED001760,2025-05-04,CLI00341,Garrafa Termica,ESPORTE,"126,89",1,Sao Paulo/SP/Brasil,Pix,Entregue
TRX0003324,PED001761,2025-05-03,CLI00073,Calca Jeans Reta,MODA,"R$ 193,51",1,Recife/PE/Brasil,Boleto,Cancelado
TRX0003325,PED001762,2025-05-05,CLI00295,Mochila para Notebook,Acessorios,170.19,3,Niteroi/RJ/Brasil,Pix,Entregue
TRX0003326,PED001763,30/05/2025,CLI00346,Livro Historia do Brasil,Livros,75.28,1,Santos/SP/Brasil,Cartao de Credito,Entregue
TRX0003327,PED001763,30-05-2025,CLI00346,Cafeteira Eletrica,Casa,286.74,1,Santos/SP/Brasil,Cartao de Credito,Entregue
TRX0006632,PED003507,2026-03-20,CLI00649,Camiseta Dry Fit,Esporte,"85,39",1,Curitiba/PR/Brasil,Cartao de Debito,Entregue
TRX0003328,PED001764,2025-05-25,CLI00025,Smart TV 50,Eletronicos,2478.25,1,Porto Alegre/RS/Brasil,Cartao de Debito,Cancelado
TRX0003329,PED001765,2025-05-21,CLI00577,Cafeteira Eletrica,Casa,288.06,3,Rio de Janeiro/RJ/Brasil,Cartao de Credito,Entregue
TRX0003330,PED001766,2025-05-28,CLI00652,Garrafa Termica,Esporte,"119,02",1,Fortaleza/CE/Brasil,Cartao de Credito,Entregue
TRX0003331,PED001766,2025-05-28,CLI00652,Mochila para Notebook,Acessorios,R$ ???,3,Fortaleza/CE/Brasil,Cartao de Credito,Entregue
TRX0003332,PED001766,2025-05-28,CLI00652,Jaqueta Corta Vento,Moda,"R$ 265,83",1,Fortaleza/CE/Brasil,Cartao de Credito,Entregue
TRX0003333,PED001767,16/05/2025,CLI00172,Tablet 10,Eletronicos,"R$ 1.256,43",1,Fortaleza/CE/Brasil,Cartao de Credito,DEVOLVIDO
TRX0003334,PED001768,2025-05-18,CLI00512,Livro Historia do Brasil,Livros,"R$ 69,72",1,Rio de Janeiro/RJ/Brasil,Cartao de Credito,Entregue
TRX0003335,PED001768,2025-05-18,CLI00512,Hub USB-C,Acessorios,"135,22",1,Rio de Janeiro/RJ/Brasil,Cartao de Credito,Entregue
TRX0003336,PED001769,2025-06-24,CLI00301,Jogo de Panelas,Casa,"R$ 383,46",1,Sao Paulo/SP/Brasil,Pix,Entregue
TRX0003337,PED001770,2025-06-17,CLI00305,Calca Jeans Reta,MODA,183.58,2,Campinas/SP/Brasil,Pix,Entregue
TRX0003338,PED001770,2025-06-17,CLI00305,Notebook Ultrafino,Eletronicos,"R$ 3.472,98",1,Campinas/SP/Brasil,Pix,Entregue
TRX0003339,PED001771,2025-06-15,CLI00025,Liquidificador Potente,Casa,224.62,1,Porto Alegre/RS/Brasil,Pix,Entregue
TRX0003340,PED001772,2025-06-17,CLI00360,Camiseta Dry Fit,Esporte,"R$ 81,76",1,Belo Horizonte/MG/Brasil,Pix,entregue
TRX0003341,PED001772,2025-06-17,CLI00360,Halteres 10kg,Esporte,2005.43,2,Belo Horizonte/MG/Brasil,Pix,Entregue
TRX0003342,PED001773,2025-06-24,CLI00141,Aspirador Robo,Casa,"R$ 1.591,07",1,Sao Paulo/SP/Brasil,Boleto,Cancelado
TRX0003343,PED001773,2025-06-24,CLI00141,Jogo de Panelas,Casa,4585.78,1,Sao Paulo/SP/Brasil,Boleto,Cancelado
TRX0003344,PED001773,2025-06-24,CLI00141,Capa para Smartphone,Acessorios,48.09,1,Sao Paulo/SP/Brasil,Boleto,Cancelado
TRX0003345,PED001773,2025-06-24,CLI00141,Smart TV 50,Eletronicos,"R$ 2.738,97",1,Sao Paulo/SP/Brasil,Boleto,Cancelado
TRX0003346,PED001774,2025-06-26,CLI00292,Livro Historia do Brasil,Livros,"R$ 72,47",4,Uberlandia/MG/Brasil,Cartao de Credito,Entregue
TRX0003347,PED001774,26-06-2025,CLI00292,Liquidificador Potente,CASA,230.55,1,Uberlandia/MG/Brasil,Cartao de Credito,Entregue
TRX0003348,PED001775,15/06/2025,CLI00140,Carregador Turbo,Acessorios,"96,41",1,Rio de Janeiro/RJ/Brasil,Cartao de Credito,Entregue
TRX0003349,PED001775,2025-06-15,CLI00140,Camiseta Dry Fit,Esporte,"R$ 79,13",1,Rio de Janeiro/RJ/Brasil,Cartao de Credito,Entregue
TRX0003350,PED001776,2025-06-03,CLI00346,Halteres 10kg,Esporte,"187,13",1,Santos/SP/Brasil,Cartao de Debito,Entregue
TRX0003351,PED001777,2025-06-20,CLI00649,Mochila para Notebook,Acessorios,191.47,2,Curitiba/PR/Brasil,Cartao de Debito,Entregue
TRX0003352,PED001778,01/06/2025,CLI00188,Halteres 10kg,Esporte,"R$ 191,79",2,Curitiba/PR/Brasil,Cartao de Credito,ENTREGUE
TRX0003353,PED001779,2025-06-26,CLI00547,Headset Gamer,Acessorios,"269,03",1,Sao Paulo/SP/Brasil,Pix,Entregue
TRX0003354,PED001780,29/06/2025,CLI00605,Hub USB-C,Acessorios,126.57,1,Belo Horizonte/MG/Brasil,Cartao de Credito,Entregue
TRX0003355,PED001780,2025-06-29,,Notebook Gamer,Eletronicos,"R$ 4.655,77",1,Belo Horizonte/MG/Brasil,Cartao de Credito,Entregue
TRX0003356,PED001780,2025-06-29,CLI00605,Carregador Turbo,Acessorios,"R$ 100,71",1,Belo Horizonte/MG/Brasil,Cartao de Credito,Entregue
TRX0003357,PED001781,02/06/2025,CLI00263,Headset Gamer,Acessorios,"R$ 258,74",1,Recife/PE/Brasil,Cartao de Credito,Entregue
TRX0003358,PED001782,30-06-2025,CLI00699,Livro Dados em Acao,Livros,95.87,1,Santos/SP/Brasil,Boleto,entregue
TRX0003359,PED001783,2025-06-01,CLI00178,Livro Dados em Acao,Livros,94.28,1,Rio de Janeiro/RJ/Brasil,Cartao de Debito,Entregue
TRX0003360,PED001784,2025-06-21,CLI00531,Tapete de Yoga,Esporte,"151,50",2,Salvador/BA/Brasil,Cartao de Debito,Enviado
TRX0003361,PED001784,21/06/2025,CLI00531,Garrafa Termica,Esporte,126.94,1,Salvador/BA/Brasil,Cartao de Debito,Enviado
TRX0003362,PED001784,21/06/2025,CLI00531,Halteres 10kg,Esporte,"182,37",3,Salvador/BA/Brasil,Cartao de Debito,ENVIADO
TRX0003363,PED001785,2025-06-21,CLI00577,Aspirador Robo,Casa,1513.11,2,Rio de Janeiro/RJ/Brasil,Cartao de Credito,Entregue
TRX0003364,PED001785,21-06-2025,CLI00577,Tenis Corrida Leve,Esporte,"R$ 348,85",3,Rio de Janeiro/RJ/Brasil,Cartao de Credito,entregue
TRX0003365,PED001786,13/06/2025,CLI00464,Headset Gamer,ACESSORIOS,272.37,2,Porto Alegre/RS/Brasil,Boleto,Entregue
TRX0003366,PED001787,22-06-2025,CLI00675,Camisa Social Slim,Moda,163.83,1,Santos/SP/Brasil,Boleto,Entregue
TRX0003367,PED001788,05/06/2025,CLI00199,Luminaria de Mesa,Casa,"R$ 149,32",2,Brasilia/DF/Brasil,Pix,Entregue
TRX0003368,PED001788,2025-06-05,CLI00199,Calca Jeans Reta,Moda,"R$ 195,62",2,Brasilia/DF/Brasil,Pix,Entregue
TRX0003369,PED001789,23/06/2025,CLI00645,Liquidificador Potente,casa,"R$ 212,38",1,Sao Paulo/SP/Brasil,Pix,Entregue
TRX0003370,PED001789,2025-06-23,CLI00645,Teclado Mecanico,Acessorios,345.71,1,Sao Paulo/SP/Brasil,Pix,Entregue
TRX0003371,PED001789,23-06-2025,CLI00645,Livro Dados em Acao,Livros,"R$ 85,98",1,Sao Paulo/SP/Brasil,Pix,Entregue
TRX0003372,PED001790,2025-06-06,CLI00294,Tapete de Yoga,Esporte,"R$ 149,73",1,Sao Paulo/SP/Brasil,Cartao de Credito,Entregue
TRX0003373,PED001790,06-06-2025,CLI00294,Garrafa Termica,Esporte,113.63,1,Sao Paulo/SP/Brasil,Cartao de Credito,Entregue
TRX0003374,PED001790,2025-06-06,CLI00294,Halteres 10kg,Esporte,185.41,1,Sao Paulo/SP/Brasil,Cartao de Credito,Entregue
TRX0003375,PED001791,2025-06-04,CLI00184,Livro SQL Essencial,LIVROS,"R$ 77,60",1,Belo Horizonte/MG/Brasil,Cartao de Credito,Entregue
TRX0003376,PED001792,2025-06-21,CLI00540,Teclado Mecanico,Acessórios,"R$ 335,50",1,Porto Alegre/RS/Brasil,Cartao de Credito,Entregue
TRX0003377,PED001792,2025-06-21,CLI00540,Garrafa Termica,Esporte,"R$ 126,90",3,Porto Alegre/RS/Brasil,Cartao de Credito,Entregue
TRX0003378,PED001792,21/06/2025,CLI00540,Jaqueta Corta Vento,Moda,"R$ 282,53",3,Porto Alegre/RS/Brasil,Cartao de Credito,Entregue
TRX0003379,PED001793,11/06/2025,CLI00564,Livro Historia do Brasil,Livros,"72,84",1,Belo Horizonte/MG/Brasil,Pix,Entregue
TRX0003380,PED001793,11/06/2025,CLI00564,Capa para Smartphone,Acessorios,"R$ 53,11",2,Belo Horizonte/MG/Brasil,Pix,Entregue
TRX0003381,PED001793,2025-06-11,CLI00564,Garrafa Termica,Esporte,"128,48",1,Belo Horizonte/MG/Brasil,Pix,Entregue
TRX0003382,PED001794,2025-06-15,CLI00334,Tenis Corrida Leve,Esporte,353.57,1,Campinas/SP/Brasil,Cartao de Credito,Entregue
TRX0003383,PED001795,2025-06-22,CLI00356,Carregador Turbo,Acessorios,95.57,2,Sao Paulo/SP/Brasil,Boleto,Entregue
,PED001795,2025-06-22,CLI00356,Livro SQL Essencial,Livros,78.51,2,Sao Paulo/SP/Brasil,Boleto,Entregue
TRX0003385,PED001796,2025-06-30,CLI00539,Luminaria de Mesa,Casa,134.10,2,Rio de Janeiro/RJ/Brasil,Cartao de Credito,CANCELADO
TRX0003386,PED001797,2025-06-09,CLI00185,Smart TV 50,Eletronicos,"R$ 2.641,32",1,Rio de Janeiro/RJ/Brasil,Boleto,Devolvido
TRX0003387,PED001797,09-06-2025,CLI00185,Capa para Smartphone,Acessorios,52.30,1,Rio de Janeiro/RJ/Brasil,Boleto,Devolvido
TRX0003388,PED001798,2025-06-21,CLI00143,Hub USB-C,Acessorios,"R$ 138,51",3,Porto Alegre/RS/Brasil,Cartao de Credito,Entregue
TRX0003389,PED001798,2025-06-21,CLI00143,Calca Jeans Reta,Moda,"R$ 202,09",1,Porto Alegre/RS/Brasil,Cartao de Credito,Entregue
TRX0003390,PED001798,21/06/2025,CLI00143,Headset Gamer,Acessorios,278.75,1,Porto Alegre/RS/Brasil,Cartao de Credito,Entregue
TRX0003391,PED001799,2025-06-18,CLI00488,Garrafa Termica,Esporte,"122,92",3,Curitiba/PR/Brasil,Pix,Cancelado
TRX0003392,PED001799,2025-06-18,CLI00488,Tenis Corrida Leve,Esporte,325.91,1,Curitiba/PR/Brasil,Pix,Cancelado
TRX0003393,PED001800,19-06-2025,CLI00577,Camiseta Dry Fit,Esporte,"R$ 81,15",1,Rio de Janeiro/RJ/Brasil,Cartao de Credito,Devolvido
TRX0003394,PED001800,2025-06-19,CLI00577,Livro Dados em Acao,Livros,85.61,1,Rio de Janeiro/RJ/Brasil,Cartao de Credito,Devolvido
TRX0003395,PED001801,02/06/2025,CLI00393,Teclado Mecanico,Acessorios,"367,99",2,Sao Paulo/SP/Brasil,Cartao de Credito,Entregue
TRX0003396,PED001802,2025-06-21,CLI00514,Capa para Smartphone,Acessorios,47.56,1,Campinas/SP/Brasil,Pix,Entregue
TRX0003397,PED001803,07/06/2025,CLI00638,Luminaria de Mesa,CASA,"145,37",1,Salvador/BA/Brasil,Pix,Entregue
TRX0003398,PED001803,07/06/2025,CLI00638,Jaqueta Corta Vento,Moda,"R$ 286,71",1,Salvador/BA/Brasil,Pix,Entregue
TRX0006942,PED003663,2026-03-15,CLI00301,Garrafa Termica,Esporte,123.89,1,Sao Paulo/SP/Brasil,Pix,Entregue
TRX0003399,PED001804,14-06-2025,CLI00577,Mochila para Notebook,Acessórios,"R$ 171,20",1,Rio de Janeiro/RJ/Brasil,Cartao de Credito,Entregue
TRX0003400,PED001805,2025-06-30,CLI00480,Luminaria de Mesa,Casa,142.68,1,Porto Alegre/RS/Brasil,Cartao de Credito,Entregue
TRX0003401,PED001805,2025-06-30,CLI00480,Camiseta Dry Fit,Esporte,76.48,1,Porto Alegre/RS/Brasil,Cartao de Credito,Entregue
TRX0003402,PED001805,2025-06-30,CLI00480,Jogo de Panelas,Casa,"R$ 380,87",1,Porto Alegre/RS/Brasil,Cartao de Credito,Entregue
TRX0003403,PED001806,2025-06-15,CLI00223,Carregador Turbo,Acessorios,"R$ 98,41",1,Sao Paulo/SP/Brasil,Cartao de Debito,Entregue
TRX0003404,PED001806,2025-06-15,CLI00223,Aspirador Robo,Casa,1674.04,1,Sao Paulo/SP/Brasil,Cartao de Debito,Entregue
TRX0003405,PED001807,2025-06-25,CLI00482,Cafeteira Eletrica,Casa,282.26,1,Fortaleza/CE/Brasil,Pix,Processando
TRX0003406,PED001807,25/06/2025,CLI00482,Garrafa Termica,Esporte,"R$ 122,48",1,Fortaleza/CE/Brasil,Pix,Processando
,PED001808,21-06-2025,CLI00633,Aspirador Robo,CASA,"1.625,37",1,Curitiba/PR/Brasil,Boleto,Entregue
,PED001808,21/06/2025,CLI00633,Camisa Social Slim,Moda,163.28,3,Curitiba/PR/Brasil,Boleto,Entregue
TRX0003409,PED001808,21/06/2025,CLI00633,Notebook Gamer,Eletronicos,4837.40,1,Curitiba/PR/Brasil,Boleto,Entregue
TRX0003410,PED001809,2025-06-20,CLI00186,Teclado Mecanico,Acessorios,353.09,4,Uberlandia/MG/Brasil,Cartao de Credito,Cancelado
TRX0003411,PED001810,2025-06-27,CLI00544,Tapete de Yoga,Esporte,"155,11",1,Rio de Janeiro/RJ/Brasil,Cartao de Credito,Cancelado
TRX0003412,PED001811,2025-06-06,CLI00304,Monitor 27,Eletronicos,1217.26,3,Salvador/BA/Brasil,Pix,Entregue
TRX0003413,PED001811,06-06-2025,CLI00304,Camiseta Dry Fit,Esporte,"R$ 83,16",1,Salvador/BA/Brasil,Pix,Entregue
TRX0003414,PED001811,2025-06-06,CLI00304,Hub USB-C,Acessorios,"139,11",1,Salvador/BA/Brasil,Pix,Entregue
TRX0003415,PED001812,2025-06-21,CLI00073,Tapete de Yoga,Esporte,144.81,1,Recife/PE/Brasil,Cartao de Credito,ENTREGUE
TRX0003416,PED001813,17/06/2025,CLI00021,Halteres 10kg,Esporte,186.58,1,Uberlandia/MG/Brasil,Pix,CANCELADO
TRX0003417,PED001813,17/06/2025,CLI00021,Smart TV 50,Eletronicos,"2.751,81",1,Uberlandia/MG/Brasil,Pix,Cancelado
TRX0003418,PED001813,17-06-2025,CLI00021,Mochila para Notebook,Acessorios,"R$ 184,83",1,Uberlandia/MG/Brasil,Pix,Cancelado
TRX0003419,PED001814,2025-06-09,CLI00422,Aspirador Robo,casa,"R$ 1.545,92",1,Salvador/BA/Brasil,Cartao de Credito,Entregue
TRX0003420,PED001814,2025-06-09,CLI00422,Notebook Gamer,Eletronicos,"R$ 4.983,44",1,Salvador/BA/Brasil,Cartao de Credito,Entregue
TRX0003421,PED001815,2025-06-28,CLI00544,Smart TV 50,Eletronicos,"R$ 2.574,95",2,Rio de Janeiro/RJ/Brasil,Boleto,Entregue
TRX0003422,PED001815,2025-06-28,CLI00544,Tapete de Yoga,Esporte,150.39,1,Rio de Janeiro/RJ/Brasil,Boleto,Entregue
TRX0003423,PED001816,2025-06-09,CLI00649,Monitor 27,Eletronicos,1186.21,1,Curitiba/PR/Brasil,Boleto,Entregue
TRX0003424,PED001816,2025-06-09,CLI00649,Vestido Midi,Moda,228.15,2,Curitiba/PR/Brasil,Boleto,Entregue
TRX0003425,PED001816,09/06/2025,CLI00649,Livro Historia do Brasil,livros,"R$ 67,75",1,Curitiba/PR/Brasil,Boleto,Entregue
TRX0003426,PED001816,2025-06-09,CLI00649,Mochila para Notebook,Acessorios,180.93,1,Curitiba/PR/Brasil,Boleto,Entregue
TRX0003427,PED001817,2025-06-21,CLI00011,Livro SQL Essencial,LIVROS,"80,97",1,Sao Paulo/SP/Brasil,Cartao de Credito,Entregue
TRX0003428,PED001817,2025-06-21,CLI00011,Vestido Midi,Moda,210.13,1,Sao Paulo/SP/Brasil,Cartao de Credito,Entregue
TRX0003429,PED001817,2025-06-21,CLI00011,Teclado Mecanico,Acessorios,"373,46",2,Sao Paulo/SP/Brasil,Cartao de Credito,Entregue
TRX0003430,PED001818,2025-06-02,CLI00433,Calca Jeans Reta,Moda,"R$ 184,44",2,Uberlandia/MG/Brasil,Cartao de Debito,Entregue
TRX0003431,PED001818,2025-06-02,CLI00433,Cafeteira Eletrica,Casa,"R$ 281,96",2,Uberlandia/MG/Brasil,Cartao de Debito,Entregue
TRX0003432,PED001818,2025-06-02,CLI00433,Jaqueta Corta Vento,Moda,"256,55",1,Uberlandia/MG/Brasil,Cartao de Debito,Entregue
TRX0003433,PED001818,02/06/2025,CLI00433,Livro Dados em Acao,Livros,87.03,2,Uberlandia/MG/Brasil,Cartao de Debito,Entregue
TRX0003434,PED001819,29/06/2025,CLI00577,Vestido Midi,moda,223.70,2,Rio de Janeiro/RJ/Brasil,Cartao de Credito,Entregue
TRX0003435,PED001820,2025-06-18,CLI00021,Liquidificador Potente,Casa,"215,09",1,Uberlandia/MG/Brasil,Pix,Entregue
TRX0003436,PED001821,2025-06-01,CLI00615,Notebook Gamer,Eletronicos,5023.97,1,Campinas/SP/Brasil,Pix,Entregue
TRX0003437,PED001822,2025-06-19,CLI00055,Cafeteira Eletrica,CASA,302.96,1,Recife/PE/Brasil,Cartao de Credito,Entregue
TRX0003438,PED001822,2025-06-19,CLI00055,Liquidificador Potente,Casa,"R$ 212,91",1,Recife/PE/Brasil,Cartao de Credito,Entregue
TRX0003439,PED001823,27-06-2025,CLI00302,Notebook Gamer,Eletronicos,4809.60,1,Campinas/SP/Brasil,Cartao de Debito,Entregue
TRX0003440,PED001824,2025-06-06,CLI00264,Headset Gamer,Acessorios,"255,37",2,Campinas/SP/Brasil,Cartao de Debito,Entregue
TRX0003441,PED001824,06/06/2025,CLI00264,Tapete de Yoga,Esporte,"R$ 160,27",1,Campinas/SP/Brasil,Cartao de Debito,Entregue
TRX0003442,PED001824,2025-06-06,CLI00264,Mochila para Notebook,Acessorios,"1.954,44",1,Campinas/SP/Brasil,Cartao de Debito,Entregue
TRX0003443,PED001825,2025-06-01,CLI00512,Mouse Sem Fio,Acessorios,"R$ 94,64",1,Rio de Janeiro/RJ/Brasil,Boleto,Enviado
TRX0003444,PED001826,2025-06-30,CLI00597,Jaqueta Corta Vento,Moda,264.24,2,Niteroi/RJ/Brasil,Cartao de Credito,entregue
TRX0003445,PED001826,2025-06-30,CLI00597,Camisa Social Slim,Moda,153.26,1,Niteroi/RJ/Brasil,Cartao de Credito,Entregue
TRX0003446,PED001827,2025-06-11,CLI00423,Headset Gamer,Acessorios,"R$ 256,69",3,Recife/PE/Brasil,Cartao de Credito,Enviado
TRX0003447,PED001828,24/06/2025,CLI00576,Aspirador Robo,Casa,"R$ 1.532,83",1,Curitiba/PR/Brasil,Cartao de Credito,Entregue
TRX0003448,PED001829,2025-06-06,CLI00173,Aspirador Robo,Casa,,1,Sao Paulo/SP/Brasil,Cartao de Credito,Entregue
TRX0003449,PED001830,2025-06-12,CLI00596,Jogo de Panelas,Casa,412.51,1,Rio de Janeiro/RJ/Brasil,Cartao de Debito,Entregue
TRX0003450,PED001830,2025-06-12,CLI00596,Luminaria de Mesa,Casa,138.22,1,Rio de Janeiro/RJ/Brasil,Cartao de Debito,Entregue
TRX0003451,PED001830,12/06/2025,CLI00596,Livro SQL Essencial,Livros,"84,78",1,Rio de Janeiro/RJ/Brasil,Cartao de Debito,Entregue
TRX0003452,PED001831,15/06/2025,CLI00291,Luminaria de Mesa,Casa,"R$ 138,57",2,Rio de Janeiro/RJ/Brasil,Cartao de Credito,Entregue
TRX0003453,PED001832,2025-06-13,CLI00243,Liquidificador Potente,Casa,"224,11",1,Rio de Janeiro/RJ/Brasil,Cartao de Credito,Entregue
TRX0003454,PED001832,13/06/2025,CLI00243,Monitor 27,Eletronicos,"R$ 1.098,79",1,Rio de Janeiro/RJ/Brasil,Cartao de Credito,Entregue
TRX0003455,PED001833,26/06/2025,CLI00435,Mochila para Notebook,Acessorios,"R$ 184,71",1,Salvador/BA/Brasil,Boleto,entregue
TRX0003456,PED001834,2025-06-23,CLI00577,Vestido Midi,Moda,"R$ 234,49",1,Rio de Janeiro/RJ/Brasil,Cartao de Debito,Entregue
TRX0003457,PED001835,2025-06-03,CLI00512,Mochila para Notebook,Acessorios,184.42,2,Rio de Janeiro/RJ/Brasil,Cartao de Credito,Cancelado
TRX0003458,PED001836,05/06/2025,CLI00444,Jogo de Panelas,Casa,"R$ 398,69",2,Belo Horizonte/MG/Brasil,Cartao de Debito,Devolvido
TRX0003459,PED001837,2025-06-03,CLI00425,Jaqueta Corta Vento,Moda,265.07,2,Sao Paulo/SP/Brasil,Pix,Cancelado
TRX0003460,PED001837,2025-06-03,CLI00425,Capa para Smartphone,Acessorios,52.39,1,Sao Paulo/SP/Brasil,Pix,Cancelado
TRX0003461,PED001838,14/06/2025,CLI00136,Livro Dados em Acao,Livros,"85,71",1,Curitiba/PR/Brasil,Cartao de Credito,Processando
TRX0003462,PED001838,14-06-2025,CLI00136,Mouse Sem Fio,Acessorios,"R$ 86,50",1,Curitiba/PR/Brasil,Cartao de Credito,processando
TRX0003463,PED001839,2025-06-02,CLI00202,Calca Jeans Reta,Moda,"R$ 189,62",1,Recife/PE/Brasil,Boleto,Enviado
TRX0003464,PED001840,2025-06-23,CLI00542,Tenis Corrida Leve,Esporte,345.21,2,Curitiba/PR/Brasil,Pix,Entregue
TRX0003465,PED001841,2025-06-21,CLI00304,Livro Dados em Acao,Livros,85.70,1,Salvador/BA/Brasil,Pix,Entregue
TRX0003466,PED001842,2025-06-28,CLI00140,Headset Gamer,Acessorios,253.38,2,Rio de Janeiro/RJ/Brasil,Pix,Entregue
TRX0003467,PED001843,2025-06-29,CLI00278,Vestido Midi,Moda,"227,74",1,Rio de Janeiro/RJ/Brasil,Pix,Entregue
TRX0003468,PED001844,02-06-2025,,Aspirador Robo,Casa,"1.649,73",1,Campinas/SP/Brasil,Cartao de Credito,entregue
TRX0003469,PED001844,2025-06-02,CLI00272,Calca Jeans Reta,Moda,179.73,1,Campinas/SP/Brasil,Cartao de Credito,Entregue
TRX0003470,PED001845,2025-06-19,CLI00346,Camisa Social Slim,Moda,163.94,1,Santos/SP/Brasil,Cartao de Credito,Entregue
TRX0003471,PED001846,2025-06-25,CLI00259,Camisa Social Slim,Moda,163.32,2,Campinas/SP/Brasil,Pix,Entregue
TRX0003472,PED001846,2025-06-25,CLI00259,Garrafa Termica,esporte,"R$ 115,99",1,Campinas/SP/Brasil,Pix,Entregue
TRX0003473,PED001846,2025-06-25,CLI00259,Hub USB-C,Acessorios,"R$ 131,87",3,Campinas/SP/Brasil,Pix,Entregue
TRX0003474,PED001847,2025-06-14,CLI00236,Capa para Smartphone,Acessorios,53.53,3,Sao Paulo/SP/Brasil,Pix,Entregue
TRX0003475,PED001847,14-06-2025,CLI00236,Cafeteira Eletrica,Casa,"R$ 277,43",2,Sao Paulo/SP/Brasil,Pix,Entregue
TRX0003476,PED001847,14/06/2025,CLI00236,Teclado Mecanico,Acessorios,"R$ 371,06",1,Sao Paulo/SP/Brasil,Pix,Entregue
TRX0003477,PED001848,2025-06-19,CLI00598,Smart TV 50,Eletronicos,2661.10,1,Fortaleza/CE/Brasil,Pix,Entregue
TRX0003478,PED001849,2025-06-09,CLI00541,Notebook Gamer,Eletronicos,"R$ 4.990,52",1,Sao Paulo/SP/Brasil,Cartao de Credito,Entregue
TRX0003479,PED001849,2025-06-09,CLI00541,Headset Gamer,Acessorios,"R$ 248,59",1,Sao Paulo/SP/Brasil,Cartao de Credito,Entregue
TRX0003480,PED001850,03-06-2025,CLI00073,Mouse Sem Fio,Acessorios,"R$ 95,34",1,Recife/PE/Brasil,Pix,Entregue
TRX0003481,PED001851,2025-13-07,CLI00638,Luminaria de Mesa,Casa,"137,46",1,Salvador/BA/Brasil,Cartao de Credito,Entregue
TRX0003482,PED001851,23-06-2025,CLI00638,Camisa Social Slim,Moda,"R$ 153,10",1,Salvador/BA/Brasil,Cartao de Credito,Entregue
TRX0003483,PED001851,2025-06-23,CLI00638,Camiseta Dry Fit,ESPORTE,81.89,1,Salvador/BA/Brasil,Cartao de Credito,Entregue
TRX0003484,PED001851,2025-06-23,CLI00638,Monitor 27,Eletronicos,"1.224,54",1,Salvador/BA/Brasil,Cartao de Credito,Entregue
TRX0003485,PED001852,2025-06-27,CLI00011,Aspirador Robo,casa,"R$ 1.668,02",2,Sao Paulo/SP/Brasil,Cartao de Credito,Entregue
TRX0003486,PED001852,27-06-2025,CLI00011,Halteres 10kg,Esporte,"R$ 195,19",1,Sao Paulo/SP/Brasil,Cartao de Credito,Entregue
TRX0003487,PED001852,2025-06-27,CLI00011,Tablet 10,Eletronicos,1271.69,1,Sao Paulo/SP/Brasil,Cartao de Credito,Entregue
TRX0003488,PED001852,27-06-2025,CLI00011,Mochila para Notebook,Acessórios,181.88,-2,Sao Paulo/SP/Brasil,Cartao de Credito,Entregue
TRX0003489,PED001853,2025-06-29,CLI00222,Luminaria de Mesa,Casa,138.41,2,Belo Horizonte/MG/Brasil,Pix,Entregue
TRX0003490,PED001853,2025-06-29,CLI00222,Capa para Smartphone,Acessorios,50.35,2,Belo Horizonte/MG/Brasil,Pix,Entregue
TRX0003491,PED001853,2025-06-29,CLI00222,Camisa Social Slim,Moda,154.20,1,Belo Horizonte/MG/Brasil,Pix,Entregue
TRX0003492,PED001854,2025-06-04,CLI00063,Jogo de Panelas,Casa,395.02,1,Rio de Janeiro/RJ/Brasil,Pix,Entregue
TRX0003493,PED001855,2025-06-25,CLI00153,Garrafa Termica,ESPORTE,120.07,1,Belo Horizonte/MG/Brasil,Cartao de Credito,Entregue
TRX0003494,PED001855,2025-06-25,CLI00153,Liquidificador Potente,CASA,209.03,1,Belo Horizonte/MG/Brasil,Cartao de Credito,Entregue
TRX0003495,PED001855,2025-06-25,CLI00153,Livro SQL Essencial,Livros,76.62,1,Belo Horizonte/MG/Brasil,Cartao de Credito,Entregue
TRX0003496,PED001856,2025-06-21,CLI00541,Tenis Corrida Leve,esporte,326.47,1,Sao Paulo/SP/Brasil,Pix,ENTREGUE
TRX0003497,PED001857,2025-06-01,CLI00286,Hub USB-C,Acessorios,"R$ 134,69",2,Curitiba/PR/Brasil,Pix,Cancelado
TRX0003498,PED001857,01/06/2025,CLI00286,Notebook Ultrafino,Eletronicos,3341.88,1,Curitiba/PR/Brasil,Pix,Cancelado
TRX0003499,PED001857,01/06/2025,CLI00286,Livro Historia do Brasil,Livros,67.15,1,Curitiba/PR/Brasil,Pix,Cancelado
TRX0003500,PED001858,14/06/2025,CLI00545,Garrafa Termica,Esporte,"128,50",1,Florianopolis/SC/Brasil,Cartao de Debito,Cancelado
TRX0003501,PED001859,2025-06-18,CLI00073,Tablet 10,Eletronicos,"R$ 1.232,56",1,Recife/PE/Brasil,Cartao de Debito,Entregue
TRX0003502,PED001859,2025-06-18,CLI00073,Vestido Midi,Moda,"R$ 219,65",1,Recife/PE/Brasil,Cartao de Debito,Entregue
TRX0003503,PED001859,2025-06-18,CLI00073,Livro SQL Essencial,Livros,"R$ 75,05",1,Recife/PE/Brasil,Cartao de Debito,Entregue
TRX0003504,PED001860,2025-06-22,CLI00492,Mouse Sem Fio,Acessorios,96.67,1,Rio de Janeiro/RJ/Brasil,Pix,ENVIADO
TRX0003505,PED001860,2025-06-22,CLI00492,Mochila para Notebook,Acessorios,"192,58",1,Rio de Janeiro/RJ/Brasil,Pix,Enviado
TRX0003506,PED001861,09/06/2025,CLI00666,Smartphone X200,Eletronicos,"R$ 2.172,01",2,Sao Paulo/SP/Brasil,Pix,Enviado
TRX0003507,PED001862,06/06/2025,CLI00695,Luminaria de Mesa,CASA,143.00,2,Sao Paulo/SP/Brasil,Cartao de Credito,ENTREGUE
TRX0003508,PED001863,24/06/2025,CLI00169,Teclado Mecanico,Acessorios,"347,21",1,Porto Alegre/RS/Brasil,Pix,Entregue
TRX0003509,PED001864,2025-06-04,CLI00021,Mouse Sem Fio,Acessorios,"R$ 87,52",1,Uberlandia/MG/Brasil,Cartao de Debito,Entregue
TRX0003510,PED001864,04-06-2025,CLI00021,Livro SQL Essencial,Livros,"R$ 75,82",3,Uberlandia/MG/Brasil,Cartao de Debito,Entregue
TRX0003511,PED001865,2025-06-02,CLI00381,Cafeteira Eletrica,Casa,"283,06",1,Campinas/SP/Brasil,Cartao de Credito,Processando
TRX0003512,PED001865,2025-06-02,CLI00381,Liquidificador Potente,Casa,215.20,1,Campinas/SP/Brasil,Cartao de Credito,Processando
TRX0003513,PED001865,02/06/2025,CLI00381,Carregador Turbo,Acessorios,"105,41",2,Campinas/SP/Brasil,Cartao de Credito,Processando
TRX0003514,PED001866,2025-06-12,CLI00394,Capa para Smartphone,Acessorios,52.74,1,Sao Paulo/SP/Brasil,Pix,entregue
TRX0003515,PED001867,2025-06-03,CLI00365,Camiseta Dry Fit,Esporte,"79,03",1,Uberlandia/MG/Brasil,Cartao de Credito,Entregue
TRX0003516,PED001867,03-06-2025,CLI00365,Tablet 10,Eletronicos,"1.320,95",2,Uberlandia/MG/Brasil,Cartao de Credito,Entregue
TRX0003517,PED001867,03-06-2025,CLI00365,Smartphone X200,Eletronicos,"R$ 2.275,37",1,Uberlandia/MG/Brasil,Cartao de Credito,Entregue
TRX0003518,PED001868,03/06/2025,CLI00390,Tenis Corrida Leve,ESPORTE,341.46,1,Rio de Janeiro/RJ/Brasil,Pix,entregue
TRX0003519,PED001868,03/06/2025,CLI00390,Garrafa Termica,esporte,"119,89",1,Rio de Janeiro/RJ/Brasil,Pix,Entregue
TRX0003520,PED001868,03/06/2025,CLI00390,Hub USB-C,Acessorios,"136,48",2,Rio de Janeiro/RJ/Brasil,Pix,Entregue
TRX0003521,PED001869,2025-06-19,CLI00294,Tapete de Yoga,Esporte,155.64,1,Sao Paulo/SP/Brasil,Pix,Entregue
TRX0003522,PED001869,19/06/2025,CLI00294,Garrafa Termica,Esporte,"R$ 127,37",1,Sao Paulo/SP/Brasil,Pix,Entregue
TRX0003523,PED001870,2025-06-19,CLI00191,Jaqueta Corta Vento,Moda,"274,93",1,Sao Paulo/SP/Brasil,Cartao de Credito,Entregue
TRX0003524,PED001870,19/06/2025,CLI00191,Cafeteira Eletrica,Casa,"R$ 298,80",1,Sao Paulo/SP/Brasil,Cartao de Credito,entregue
TRX0003525,PED001870,19-06-2025,CLI00191,Smart TV 50,Eletronicos,"R$ 2.562,73",2,Sao Paulo/SP/Brasil,Cartao de Credito,Entregue
TRX0003526,PED001871,2025-06-06,CLI00034,Aspirador Robo,Casa,"R$ 1.709,62",2,Sao Paulo/SP/Brasil,Pix,Entregue
TRX0003527,PED001871,06/06/2025,CLI00034,Monitor 27,Eletronicos,"1.100,79",1,Sao Paulo/SP/Brasil,Pix,Entregue
TRX0003528,PED001871,2025-06-06,CLI00034,Camisa Social Slim,Moda,160.30,1,Sao Paulo/SP/Brasil,Pix,Entregue
TRX0003529,PED001872,2025-06-05,CLI00515,Camisa Social Slim,Moda,162.51,1,Campinas/SP/Brasil,Pix,Entregue
TRX0003530,PED001872,2025-06-05,CLI00515,Vestido Midi,Moda,"R$ 224,01",1,Campinas/SP/Brasil,Pix,Entregue
TRX0003531,PED001873,2025-06-05,CLI00199,Liquidificador Potente,Casa,225.97,3,Brasilia/DF/Brasil,Cartao de Credito,Entregue
TRX0003532,PED001873,05/06/2025,CLI00199,Monitor 27,ELETRONICOS,1165.38,1,Brasilia/DF/Brasil,Cartao de Credito,Entregue
TRX0003533,PED001873,2025-06-05,CLI00199,Livro Dados em Acao,Livros,89.07,1,Brasilia/DF/Brasil,Cartao de Credito,Entregue
TRX0003534,PED001874,2025-06-03,CLI00126,Aspirador Robo,Casa,1586.20,1,Curitiba/PR/Brasil,Pix,Enviado
TRX0003535,PED001875,20/06/2025,CLI00194,Smart TV 50,Eletronicos,2739.22,1,Fortaleza/CE/Brasil,Cartao de Credito,Entregue
TRX0003536,PED001876,2025-06-09,CLI00474,Headset Gamer,Acessorios,"257,26",3,Curitiba/PR/Brasil,Cartao de Credito,Entregue
TRX0003537,PED001876,2025-06-09,CLI00474,Tablet 10,Eletronicos,1368.67,2,Curitiba/PR/Brasil,Cartao de Credito,Entregue
TRX0003538,PED001877,2025-06-14,CLI00090,Capa para Smartphone,Acessorios,624.00,1,Rio de Janeiro/RJ/Brasil,Pix,Cancelado
TRX0003539,PED001877,14-06-2025,CLI00090,Monitor 27,eletronicos,1224.90,1,Rio de Janeiro/RJ/Brasil,Pix,cancelado
TRX0003540,PED001878,18/06/2025,CLI00126,Carregador Turbo,Acessorios,"98,99",2,Curitiba/PR/Brasil,Boleto,Entregue
TRX0003541,PED001878,18/06/2025,CLI00126,Jaqueta Corta Vento,Moda,281.15,1,Curitiba/PR/Brasil,Boleto,Entregue
TRX0007209,PED003816,28/04/2026,CLI00582,Garrafa Termica,Esporte,"R$ 120,58",1,Belo Horizonte/MG/Brasil,Cartao de Credito,Entregue
TRX0003542,PED001878,2025-06-18,CLI00126,Smartphone X200,Eletronicos,2307.13,1,Curitiba/PR/Brasil,Boleto,Entregue
TRX0003543,PED001879,2025-06-14,CLI00519,Liquidificador Potente,CASA,"R$ 208,52",1,Brasilia/DF/Brasil,Pix,Entregue
TRX0003544,PED001879,2025-06-14,CLI00519,Mochila para Notebook,Acessorios,"R$ 170,40",1,Brasilia/DF/Brasil,Pix,ENTREGUE
TRX0003545,PED001880,19-06-2025,CLI00048,Livro SQL Essencial,Livros,"80,44",2,Salvador/BA/Brasil,Cartao de Debito,Entregue
TRX0003546,PED001881,08-06-2025,CLI00555,Smartphone X200,Eletronicos,"R$ 2.092,83",2,Porto Alegre/RS/Brasil,Pix,Entregue
TRX0003547,PED001882,23/06/2025,CLI00329,Vestido Midi,Moda,"230,55",1,Recife/PE/Brasil,Pix,Entregue
TRX0003548,PED001883,2025-06-19,CLI00577,Hub USB-C,Acessórios,"R$ 138,92",1,Rio de Janeiro/RJ/Brasil,Cartao de Credito,Processando
TRX0003549,PED001884,2025-06-05,CLI00081,Headset Gamer,Acessórios,"R$ 274,60",1,Sao Paulo/SP/Brasil,Boleto,entregue
TRX0003550,PED001885,27/06/2025,CLI00365,Carregador Turbo,Acessorios,100.67,1,Uberlandia/MG/Brasil,Pix,Entregue
TRX0003551,PED001885,27/06/2025,CLI00365,,Esporte,"R$ 195,12",1,Uberlandia/MG/Brasil,Pix,Entregue
TRX0003552,PED001886,2025-06-01,CLI00413,Garrafa Termica,Esporte,123.77,1,Rio de Janeiro/RJ/Brasil,Cartao de Credito,Cancelado
TRX0003553,PED001887,2025-06-23,CLI00239,Vestido Midi,Moda,230.70,1,Campinas/SP/Brasil,Pix,Entregue
TRX0003554,PED001888,2025-06-15,CLI00594,Livro Dados em Acao,Livros,94.08,1,Niteroi/RJ/Brasil,Cartao de Debito,Entregue
TRX0003555,PED001888,2025-06-15,CLI00594,Notebook Gamer,Eletronicos,4856.53,1,Niteroi/RJ/Brasil,Cartao de Debito,Entregue
TRX0003556,PED001889,2025-06-13,CLI00337,Livro Historia do Brasil,Livros,73.97,1,Rio de Janeiro/RJ/Brasil,Cartao de Debito,Entregue
TRX0003557,PED001890,2025-06-28,CLI00544,Camiseta Dry Fit,esporte,82.13,1,Rio de Janeiro/RJ/Brasil,Pix,Entregue
TRX0003558,PED001890,2025-06-28,CLI00544,Smart TV 50,Eletronicos,"R$ 2.625,71",3,Rio de Janeiro/RJ/Brasil,Pix,Entregue
TRX0003559,PED001891,17/06/2025,CLI00358,Carregador Turbo,Acessorios,"101,73",2,Rio de Janeiro/RJ/Brasil,Cartao de Debito,Enviado
TRX0003560,PED001891,17/06/2025,CLI00358,Capa para Smartphone,Acessorios,53.87,2,Rio de Janeiro/RJ/Brasil,Cartao de Debito,Enviado
TRX0003561,PED001891,2025-06-17,CLI00358,Vestido Midi,Moda,221.64,1,Rio de Janeiro/RJ/Brasil,Cartao de Debito,Enviado
TRX0004591,PED002448,2025-10-15,CLI00031,Vestido Midi,Moda,234.32,1,Rio de Janeiro/RJ/Brasil,Boleto,Entregue
TRX0003562,PED001892,2025-06-30,CLI00598,Monitor 27,Eletronicos,"1.139,81",3,Fortaleza/CE/Brasil,Cartao de Credito,entregue
TRX0003563,PED001893,21/06/2025,CLI00237,Tenis Corrida Leve,Esporte,"317,67",1,Sao Paulo/SP/Brasil,Pix,entregue
TRX0003564,PED001893,2025-06-21,CLI00237,Headset Gamer,Acessórios,275.84,1,Sao Paulo/SP/Brasil,Pix,Entregue
TRX0003565,PED001894,2025-06-29,CLI00685,Jogo de Panelas,Casa,400.35,1,Curitiba/PR/Brasil,Pix,Entregue
TRX0003566,PED001895,2025-06-11,CLI00389,Livro Dados em Acao,Livros,"89,43",1,Sao Paulo/SP/Brasil,Pix,Entregue
TRX0003567,PED001896,2025-06-28,CLI00385,Camiseta Dry Fit,Esporte,"R$ 79,22",1,Belo Horizonte/MG/Brasil,Pix,Entregue
TRX0003568,PED001896,2025-06-28,CLI00385,Cafeteira Eletrica,Casa,305.57,3,Belo Horizonte/MG/Brasil,Pix,Entregue
TRX0003569,PED001897,2025-06-06,CLI00474,Jaqueta Corta Vento,Moda,261.78,1,Curitiba/PR/Brasil,Cartao de Credito,Cancelado
TRX0003570,PED001897,06/06/2025,CLI00474,Capa para Smartphone,Acessorios,"R$ 51,67",2,Curitiba/PR/Brasil,Cartao de Credito,Cancelado
TRX0003571,PED001898,2025-06-27,CLI00369,Halteres 10kg,esporte,"201,36",1,Uberlandia/MG/Brasil,Cartao de Credito,Entregue
TRX0003572,PED001899,2025-06-12,CLI00378,Aspirador Robo,Casa,"R$ 1.670,50",2,Florianopolis/SC/Brasil,Cartao de Credito,Enviado
TRX0003573,PED001899,2025-06-12,CLI00378,Jaqueta Corta Vento,Moda,"R$ 264,79",2,Florianopolis/SC/Brasil,Cartao de Credito,Enviado
TRX0003574,PED001899,2025-06-12,CLI00378,Monitor 27,Eletronicos,1166.58,1,Florianopolis/SC/Brasil,Cartao de Credito,Enviado
TRX0003575,PED001899,2025-06-12,CLI00378,Smartphone X200,Eletronicos,2183.31,1,Florianopolis/SC/Brasil,Cartao de Credito,Enviado
TRX0003576,PED001900,14/06/2025,CLI00341,Luminaria de Mesa,Casa,"R$ 141,89",3,Sao Paulo/SP/Brasil,Cartao de Credito,Entregue
TRX0003577,PED001901,2025-06-15,CLI00672,Tenis Corrida Leve,ESPORTE,"R$ 327,00",1,Curitiba/PR/Brasil,Boleto,Entregue
TRX0003578,PED001901,15/06/2025,CLI00672,Garrafa Termica,Esporte,122.84,1,Curitiba/PR/Brasil,Boleto,entregue
TRX0003579,PED001902,21-06-2025,CLI00248,Jaqueta Corta Vento,Moda,"R$ 273,78",2,Sao Paulo/SP/Brasil,Boleto,Cancelado
TRX0003580,PED001902,2025-06-21,CLI00248,Calca Jeans Reta,Moda,"R$ 188,91",1,Sao Paulo/SP/Brasil,Boleto,Cancelado
TRX0003581,PED001902,21/06/2025,CLI00248,Garrafa Termica,Esporte,"R$ 123,87",1,Sao Paulo/SP/Brasil,Boleto,Cancelado
TRX0003582,PED001903,2025-06-02,CLI00285,Livro Historia do Brasil,Livros,74.54,1,Rio de Janeiro/RJ/Brasil,Cartao de Credito,Entregue
TRX0003583,PED001903,02/06/2025,CLI00285,Camiseta Dry Fit,Esporte,"78,08",1,Rio de Janeiro/RJ/Brasil,Cartao de Credito,Entregue
TRX0006959,PED003673,18/03/2026,CLI00093,Camiseta Dry Fit,Esporte,"R$ 83,39",1,Santos/SP/Brasil,Cartao de Credito,Entregue
TRX0003584,PED001904,2025-06-17,CLI00135,Garrafa Termica,Esporte,"R$ 116,39",1,Sao Paulo/SP/Brasil,Cartao de Credito,Entregue
TRX0003585,PED001905,10/06/2025,CLI00582,Jaqueta Corta Vento,Moda,270.17,1,Belo Horizonte/MG/Brasil,Cartao de Credito,Entregue
TRX0003586,PED001905,2025-06-10,CLI00582,Mouse Sem Fio,Acessorios,"86,98",1,Belo Horizonte/MG/Brasil,Cartao de Credito,Entregue
TRX0003587,PED001906,2025-06-22,CLI00611,Luminaria de Mesa,Casa,"R$ 138,41",1,Sao Paulo/SP/Brasil,Pix,Entregue
TRX0003588,PED001907,27/06/2025,CLI00087,Livro SQL Essencial,livros,"R$ 83,05",1,Sao Paulo/SP/Brasil,Cartao de Credito,Entregue
TRX0003589,PED001908,2025-06-10,CLI00512,Jogo de Panelas,Casa,397.39,1,Rio de Janeiro/RJ/Brasil,Boleto,entregue
TRX0003590,PED001908,2025-06-10,CLI00512,Headset Gamer,Acessorios,273.24,1,Rio de Janeiro/RJ/Brasil,Boleto,Entregue
TRX0003591,PED001908,2025-06-10,CLI00512,Jaqueta Corta Vento,Moda,"260,69",1,Rio de Janeiro/RJ/Brasil,Boleto,Entregue
TRX0003592,PED001908,2025-06-10,CLI00512,Notebook Ultrafino,Eletronicos,"3.355,40",2,Rio de Janeiro/RJ/Brasil,Boleto,Entregue
TRX0003593,PED001909,2025-06-24,CLI00264,Jogo de Panelas,casa,"384,20",1,Campinas/SP/Brasil,Pix,Entregue
TRX0003594,PED001910,2025-06-01,CLI00184,Smart TV 50,eletronicos,"2.585,98",1,Belo Horizonte/MG/Brasil,Cartao de Credito,Devolvido
TRX0003595,PED001910,2025-06-01,CLI00184,Liquidificador Potente,Casa,"214,50",3,Belo Horizonte/MG/Brasil,Cartao de Credito,Devolvido
TRX0006718,PED003555,02-03-2026,CLI00292,Livro Dados em Acao,Livros,93.42,1,Uberlandia/MG/Brasil,Pix,Entregue
TRX0003596,PED001911,,CLI00039,Calca Jeans Reta,Moda,"182,96",3,Sao Paulo/SP/Brasil,Cartao de Debito,Entregue
TRX0003597,PED001912,2025-06-05,CLI00026,Garrafa Termica,Esporte,"124,14",1,Brasilia/DF/Brasil,Pix,Enviado
TRX0003598,PED001913,07/06/2025,CLI00474,Liquidificador Potente,Casa,224.52,2,Curitiba/PR/Brasil,Pix,Entregue
TRX0003599,PED001913,2025-06-07,CLI00474,Aspirador Robo,Casa,"R$ 1.515,03",1,Curitiba/PR/Brasil,Pix,Entregue
TRX0003600,PED001913,2025-06-07,CLI00474,Tapete de Yoga,Esporte,"R$ 154,25",1,Curitiba/PR/Brasil,Pix,Entregue
TRX0003601,PED001913,2025-06-07,CLI00474,Hub USB-C,Acessorios,124.90,1,Curitiba/PR/Brasil,Pix,Entregue
TRX0003602,PED001914,19/06/2025,CLI00531,Livro SQL Essencial,Livros,"79,38",2,Salvador/BA/Brasil,Pix,Entregue
TRX0003603,PED001914,2025-06-19,CLI00531,Livro Dados em Acao,LIVROS,85.17,1,Salvador/BA/Brasil,Pix,Entregue
TRX0003604,PED001915,27/06/2025,CLI00081,Liquidificador Potente,Casa,208.13,2,Sao Paulo/SP/Brasil,Cartao de Credito,ENTREGUE
TRX0003605,PED001916,07-06-2025,CLI00126,Cafeteira Eletrica,Casa,"R$ 306,60",1,Curitiba/PR/Brasil,Cartao de Debito,Entregue
TRX0003606,PED001917,09/06/2025,CLI00449,Camisa Social Slim,Moda,163.17,1,Rio de Janeiro/RJ/Brasil,Cartao de Credito,Entregue
TRX0003607,PED001917,09/06/2025,CLI00449,Jaqueta Corta Vento,Moda,"R$ 284,40",1,Rio de Janeiro/RJ/Brasil,Cartao de Credito,Entregue
TRX0003608,PED001917,09/06/2025,CLI00449,Livro SQL Essencial,Livros,83.60,1,Rio de Janeiro/RJ/Brasil,Cartao de Credito,ENTREGUE
TRX0003609,PED001917,2025-06-09,CLI00449,Tenis Corrida Leve,ESPORTE,"346,70",2,Rio de Janeiro/RJ/Brasil,Cartao de Credito,Entregue
TRX0003610,PED001917,2025-06-09,CLI00449,Monitor 27,Eletronicos,"R$ 1.146,51",1,Rio de Janeiro/RJ/Brasil,Cartao de Credito,Entregue
TRX0003611,PED001918,2025-06-18,CLI00556,Monitor 27,Eletronicos,1101.90,1,Sao Paulo/SP/Brasil,Boleto,Entregue
,PED001919,2025-06-22,CLI00136,Jogo de Panelas,Casa,398.13,1,Curitiba/PR/Brasil,Cartao de Debito,Entregue
TRX0003613,PED001919,2025-06-22,CLI00136,Notebook Ultrafino,Eletronicos,"3.293,42",1,Curitiba/PR/Brasil,Cartao de Debito,Entregue
TRX0003614,PED001920,15-06-2025,CLI00577,Headset Gamer,Acessorios,"264,10",2,Rio de Janeiro/RJ/Brasil,Cartao de Credito,Enviado
TRX0003615,PED001920,2025-06-15,CLI00577,Livro SQL Essencial,Livros,75.11,2,Rio de Janeiro/RJ/Brasil,Cartao de Credito,Enviado
TRX0003616,PED001921,2025-06-18,CLI00666,Calca Jeans Reta,Moda,"R$ 196,07",4,Sao Paulo/SP/Brasil,Cartao de Credito,Entregue
TRX0003617,PED001922,21/06/2025,CLI00393,Headset Gamer,Acessorios,270.99,4,Sao Paulo/SP/Brasil,Pix,Entregue
TRX0003618,PED001922,2025-06-21,CLI00393,Notebook Gamer,Eletronicos,"R$ 4.942,68",1,Sao Paulo/SP/Brasil,Pix,Entregue
TRX0003619,PED001923,2025-06-29,CLI00285,Camiseta Dry Fit,esporte,82.65,1,Rio de Janeiro/RJ/Brasil,Cartao de Debito,Entregue
TRX0003620,PED001923,2025-06-29,CLI00285,Tapete de Yoga,Esporte,145.39,1,Rio de Janeiro/RJ/Brasil,Cartao de Debito,Entregue
TRX0003621,PED001923,2025-06-29,CLI00285,Aspirador Robo,Casa,1516.15,1,Rio de Janeiro/RJ/Brasil,Cartao de Debito,Entregue
TRX0003622,PED001924,2025-06-06,CLI00680,Smart TV 50,ELETRONICOS,"R$ 2.482,77",1,Santos/SP/Brasil,Boleto,Entregue
TRX0003623,PED001925,2025-06-17,CLI00489,Notebook Gamer,Eletronicos,"R$ 4.891,10",1,Uberlandia/MG/Brasil,Pix,Entregue
TRX0003624,PED001925,17-06-2025,CLI00489,Mochila para Notebook,Acessorios,"R$ 183,85",1,Uberlandia/MG/Brasil,Pix,Entregue
TRX0003625,PED001926,2025-06-01,CLI00577,Mouse Sem Fio,Acessorios,"R$ 95,25",2,Rio de Janeiro/RJ/Brasil,Pix,Entregue
TRX0003626,PED001927,10-06-2025,CLI00153,Garrafa Termica,Esporte,"R$ 121,37",1,Belo Horizonte/MG/Brasil,Cartao de Credito,Entregue
TRX0003627,PED001927,10/06/2025,CLI00153,Headset Gamer,Acessorios,"257,01",1,Belo Horizonte/MG/Brasil,Cartao de Credito,Entregue
TRX0003628,PED001927,2025-06-10,CLI00153,Luminaria de Mesa,CASA,"138,03",1,Belo Horizonte/MG/Brasil,Cartao de Credito,Entregue
TRX0003629,PED001927,2025-06-10,CLI00153,Liquidificador Potente,Casa,218.86,1,Belo Horizonte/MG/Brasil,Cartao de Credito,Entregue
TRX0003630,PED001928,2025-06-04,CLI00421,Tenis Corrida Leve,Esporte,"R$ 342,32",1,Porto Alegre/RS/Brasil,Pix,Entregue
TRX0003631,PED001928,2025-06-04,CLI00421,Camiseta Dry Fit,Esporte,"R$ 85,58",2,Porto Alegre/RS/Brasil,Pix,Entregue
,PED001929,2025-06-23,CLI00091,Teclado Mecanico,Acessorios,"R$ 374,13",3,Sao Paulo/SP/Brasil,Cartao de Credito,Entregue
TRX0003633,PED001929,2025-06-23,CLI00091,Jogo de Panelas,Casa,407.78,1,Sao Paulo/SP/Brasil,Cartao de Credito,Entregue
TRX0003634,PED001930,30/06/2025,CLI00594,Livro SQL Essencial,Livros,77.23,1,Niteroi/RJ/Brasil,Cartao de Credito,Processando
TRX0003635,PED001930,2025-06-30,CLI00594,Monitor 27,Eletronicos,"1.167,54",1,Niteroi/RJ/Brasil,Cartao de Credito,Processando
TRX0003636,PED001930,2025-06-30,CLI00594,Notebook Gamer,Eletronicos,5026.11,1,Niteroi/RJ/Brasil,Cartao de Credito,Processando
TRX0003637,PED001931,02/07/2025,CLI00613,Capa para Smartphone,Acessorios,"47,61",1,Florianopolis/SC/Brasil,Boleto,Devolvido
TRX0003638,PED001931,2025-07-02,CLI00613,Livro SQL Essencial,Livros,78.33,1,Florianopolis/SC/Brasil,Boleto,Devolvido
TRX0003639,PED001932,2025-07-03,CLI00684,Tablet 10,Eletronicos,"1.269,69",1,Sao Paulo/SP/Brasil,Pix,Devolvido
TRX0003640,PED001932,03/07/2025,CLI00684,Livro Dados em Acao,Livros,"91,38",2,Sao Paulo/SP/Brasil,Pix,Devolvido
TRX0003641,PED001932,2025-07-03,CLI00684,Smartphone X200,Eletronicos,2214.12,2,Sao Paulo/SP/Brasil,Pix,Devolvido
TRX0003642,PED001933,2025-07-24,CLI00088,Aspirador Robo,CASA,"1.687,49",1,Porto Alegre/RS/Brasil,Boleto,Entregue
TRX0003643,PED001933,24-07-2025,CLI00088,Jaqueta Corta Vento,Moda,283.17,3,Porto Alegre/RS/Brasil,Boleto,ENTREGUE
TRX0003644,PED001933,31/02/2025,CLI00088,Jogo de Panelas,Casa,394.00,1,Porto Alegre/RS/Brasil,Boleto,entregue
TRX0003645,PED001934,31-07-2025,CLI00121,Garrafa Termica,Esporte,122.30,2,Uberlandia/MG/Brasil,Cartao de Debito,Entregue
TRX0003646,PED001934,31-07-2025,CLI00121,Teclado Mecanico,Acessorios,"R$ 348,51",1,Uberlandia/MG/Brasil,Cartao de Debito,Entregue
TRX0003647,PED001935,07/07/2025,CLI00495,Aspirador Robo,Casa,"R$ 1.574,94",2,Porto Alegre/RS/Brasil,Pix,entregue
TRX0003648,PED001936,12-07-2025,CLI00399,Hub USB-C,Acessorios,"R$ 129,03",3,Santos/SP/Brasil,Cartao de Credito,ENTREGUE
TRX0003649,PED001937,2025-07-08,CLI00432,Carregador Turbo,Acessorios,"103,04",1,Campinas/SP/Brasil,Cartao de Credito,Entregue
TRX0003650,PED001937,08-07-2025,CLI00432,Garrafa Termica,Esporte,119.15,1,Campinas/SP/Brasil,Cartao de Credito,Entregue
TRX0003651,PED001938,2025-07-20,CLI00634,Headset Gamer,Acessorios,"R$ 255,44",1,Brasilia/DF/Brasil,Cartao de Credito,Devolvido
TRX0003652,PED001938,2025-07-20,CLI00634,Hub USB-C,Acessorios,"R$ 132,99",1,Brasilia/DF/Brasil,Cartao de Credito,Devolvido
TRX0003653,PED001939,2025-07-01,CLI00218,Capa para Smartphone,Acessorios,"50,59",1,Curitiba/PR/Brasil,Pix,Entregue
TRX0003654,PED001939,2025-07-01,CLI00218,Jaqueta Corta Vento,Moda,"R$ 285,04",2,Curitiba/PR/Brasil,Pix,Entregue
TRX0003655,PED001939,2025-07-01,CLI00218,Jogo de Panelas,Casa,384.12,1,Curitiba/PR/Brasil,Pix,Entregue
TRX0003656,PED001940,2025-07-28,CLI00547,Hub USB-C,ACESSORIOS,"R$ 129,84",2,Sao Paulo/SP/Brasil,Pix,Entregue
TRX0003657,PED001940,2025-07-28,CLI00547,Cafeteira Eletrica,Casa,"286,39",1,Sao Paulo/SP/Brasil,Pix,Entregue
TRX0003658,PED001940,2025-07-28,CLI00547,Liquidificador Potente,Casa,"225,90",4,Sao Paulo/SP/Brasil,Pix,Entregue
TRX0003659,PED001941,2025-07-21,CLI00358,Teclado Mecanico,ACESSORIOS,"346,14",1,Rio de Janeiro/RJ/Brasil,Cartao de Credito,Entregue
TRX0003660,PED001942,2025-07-17,CLI00652,Cafeteira Eletrica,Casa,"R$ 311,07",1,Fortaleza/CE/Brasil,Cartao de Credito,Entregue
TRX0003661,PED001943,2025-07-12,CLI00414,Livro Dados em Acao,Livros,"R$ 88,32",1,Florianopolis/SC/Brasil,Cartao de Debito,Processando
TRX0003662,PED001943,2025-07-12,CLI00414,Teclado Mecanico,Acessorios,"351,29",1,Florianopolis/SC/Brasil,Cartao de Debito,Processando
TRX0003663,PED001944,21/07/2025,CLI00421,Mochila para Notebook,Acessorios,184.75,1,Porto Alegre/RS/Brasil,Pix,entregue
TRX0003664,PED001945,28/07/2025,CLI00356,Cafeteira Eletrica,Casa,"276,00",1,Sao Paulo/SP/Brasil,Cartao de Debito,Entregue
TRX0003665,PED001946,2025-07-24,CLI00583,Capa para Smartphone,Acessórios,"R$ 51,99",1,Niteroi/RJ/Brasil,Pix,Entregue
TRX0003666,PED001947,18/07/2025,CLI00021,Luminaria de Mesa,Casa,"R$ 137,93",1,Uberlandia/MG/Brasil,Boleto,Entregue
TRX0003667,PED001947,2025-07-18,CLI00021,Cafeteira Eletrica,Casa,"278,98",1,Uberlandia/MG/Brasil,Boleto,Entregue
TRX0003668,PED001947,2025-07-18,CLI00021,Tenis Corrida Leve,Esporte,"R$ 341,59",1,Uberlandia/MG/Brasil,Boleto,Entregue
TRX0003669,PED001947,2025-07-18,CLI00021,Smart TV 50,Eletronicos,"R$ 2.496,45",1,Uberlandia/MG/Brasil,Boleto,Entregue
TRX0003670,PED001948,2025-07-08,CLI00248,Tapete de Yoga,Esporte,"R$ 141,71",1,Sao Paulo/SP/Brasil,Pix,Entregue
TRX0003671,PED001949,18-07-2025,CLI00512,Camiseta Dry Fit,Esporte,77.22,1,Rio de Janeiro/RJ/Brasil,Boleto,Entregue
TRX0003672,PED001949,2025-07-18,CLI00512,Garrafa Termica,Esporte,"R$ 117,71",1,Rio de Janeiro/RJ/Brasil,Boleto,Entregue
TRX0003673,PED001949,2025-07-18,CLI00512,Halteres 10kg,Esporte,"R$ 188,57",1,Rio de Janeiro/RJ/Brasil,Boleto,Entregue
TRX0003674,PED001950,26-07-2025,CLI00185,Halteres 10kg,Esporte,186.88,2,Rio de Janeiro/RJ/Brasil,Cartao de Debito,Processando
TRX0003675,PED001950,26/07/2025,CLI00185,Headset Gamer,Acessorios,273.28,1,Rio de Janeiro/RJ/Brasil,Cartao de Debito,Processando
TRX0003676,PED001951,25/07/2025,CLI00587,Mouse Sem Fio,Acessorios,"87,62",1,Niteroi/RJ/Brasil,Pix,Entregue
TRX0003677,PED001951,2025-07-25,CLI00587,Notebook Ultrafino,Eletronicos,3594.11,1,Niteroi/RJ/Brasil,Pix,Entregue
TRX0003678,PED001951,2025-07-25,CLI00587,Mochila para Notebook,Acessorios,"R$ 176,61",1,Niteroi/RJ/Brasil,Pix,Entregue
TRX0003679,PED001952,2025-07-14,CLI00223,Camiseta Dry Fit,Esporte,"R$ 76,39",2,Sao Paulo/SP/Brasil,Boleto,Entregue
TRX0003680,PED001953,29/07/2025,CLI00313,Livro SQL Essencial,livros,83.39,1,Rio de Janeiro/RJ/Brasil,Pix,PROCESSANDO
TRX0003681,PED001953,2025-07-29,CLI00313,Calca Jeans Reta,Moda,"185,05",1,Rio de Janeiro/RJ/Brasil,Pix,Processando
TRX0003682,PED001954,2025-07-05,CLI00179,Camisa Social Slim,Moda,"155,33",1,Sao Paulo/SP/Brasil,Pix,Entregue
TRX0003683,PED001955,08/07/2025,CLI00014,Hub USB-C,Acessorios,138.46,1,Curitiba/PR/Brasil,Cartao de Credito,Entregue
TRX0003684,PED001955,2025-07-08,CLI00014,Mochila para Notebook,Acessorios,174.15,1,Curitiba/PR/Brasil,Cartao de Credito,Entregue
TRX0003685,PED001956,19/07/2025,CLI00064,Tenis Corrida Leve,Esporte,"R$ 336,65",1,Sao Paulo/SP/Brasil,Cartao de Credito,Devolvido
TRX0003686,PED001956,19-07-2025,CLI00064,Camiseta Dry Fit,Esporte,"R$ 81,66",1,Sao Paulo/SP/Brasil,Cartao de Credito,DEVOLVIDO
TRX0003687,PED001956,2025-07-19,CLI00064,Garrafa Termica,Esporte,121.79,1,Sao Paulo/SP/Brasil,Cartao de Credito,Devolvido
TRX0003688,PED001957,19/07/2025,CLI00173,Tapete de Yoga,ESPORTE,"R$ 148,05",1,Sao Paulo/SP/Brasil,Cartao de Credito,entregue
TRX0003689,PED001958,2025-07-07,CLI00185,Halteres 10kg,esporte,192.52,1,Rio de Janeiro/RJ/Brasil,Cartao de Debito,Entregue
TRX0003690,PED001958,2025-07-07,CLI00185,Headset Gamer,Acessorios,267.04,2,Rio de Janeiro/RJ/Brasil,Cartao de Debito,Entregue
TRX0003691,PED001958,2025-07-07,CLI00185,Tapete de Yoga,Esporte,145.60,1,Rio de Janeiro/RJ/Brasil,Cartao de Debito,Entregue
TRX0003692,PED001959,21/07/2025,CLI00425,Tablet 10,Eletronicos,"R$ 1.346,29",1,Sao Paulo/SP/Brasil,Cartao de Credito,Entregue
TRX0003693,PED001959,21/07/2025,CLI00425,Jaqueta Corta Vento,Moda,263.52,2,Sao Paulo/SP/Brasil,Cartao de Credito,Entregue
TRX0003694,PED001960,2025-07-28,CLI00199,Cafeteira Eletrica,Casa,"311,44",3,Brasilia/DF/Brasil,Boleto,Enviado
TRX0003695,PED001961,14-07-2025,CLI00531,Garrafa Termica,Esporte,"117,59",1,Salvador/BA/Brasil,Pix,Entregue
TRX0003696,PED001962,2025-07-13,CLI00519,Headset Gamer,Acessorios,264.98,1,Brasilia/DF/Brasil,Boleto,Entregue
TRX0003697,PED001963,2025-07-13,CLI00115,Luminaria de Mesa,Casa,149.49,1,Porto Alegre/RS/Brasil,Pix,Entregue
TRX0003698,PED001963,2025-07-13,CLI00115,Cafeteira Eletrica,Casa,278.53,1,Porto Alegre/RS/Brasil,Pix,Entregue
TRX0003699,PED001963,13/07/2025,CLI00115,Camiseta Dry Fit,Esporte,83.79,1,Porto Alegre/RS/Brasil,Pix,Entregue
TRX0003700,PED001963,2025-07-13,CLI00115,Jaqueta Corta Vento,Moda,280.21,2,Porto Alegre/RS/Brasil,Pix,Entregue
TRX0003701,PED001964,03-07-2025,CLI00185,Vestido Midi,Moda,"219,31",1,Rio de Janeiro/RJ/Brasil,Cartao de Credito,Entregue
TRX0003702,PED001964,03/07/2025,CLI00185,Luminaria de Mesa,Casa,"R$ 140,76",1,Rio de Janeiro/RJ/Brasil,Cartao de Credito,Entregue
TRX0003703,PED001964,2025-07-03,CLI00185,Tenis Corrida Leve,Esporte,"338,23",2,Rio de Janeiro/RJ/Brasil,Cartao de Credito,Entregue
TRX0003704,PED001965,2025-07-05,CLI00305,Halteres 10kg,Esporte,183.41,1,Campinas/SP/Brasil,Cartao de Debito,Entregue
TRX0003705,PED001966,2025-07-11,CLI00278,Jaqueta Corta Vento,Moda,"261,94",1,Rio de Janeiro/RJ/Brasil,Boleto,Devolvido
TRX0003706,PED001966,11/07/2025,CLI00278,Garrafa Termica,ESPORTE,125.41,1,Rio de Janeiro/RJ/Brasil,Boleto,Devolvido
TRX0003707,PED001967,2025-07-24,CLI00519,Jaqueta Corta Vento,Moda,258.56,1,Brasilia/DF/Brasil,Pix,Entregue
TRX0003708,PED001968,01-07-2025,CLI00579,Luminaria de Mesa,Casa,132.79,1,Fortaleza/CE/Brasil,Cartao de Credito,Processando
TRX0003709,PED001968,2025-07-01,CLI00579,Headset Gamer,Acessorios,"266,26",1,Fortaleza/CE/Brasil,Cartao de Credito,Processando
TRX0003710,PED001969,2025-07-12,CLI00421,Headset Gamer,Acessorios,"263,90",2,Porto Alegre/RS/Brasil,Cartao de Credito,Entregue
TRX0003711,PED001969,2025-07-12,CLI00421,Livro SQL Essencial,LIVROS,84.31,1,Porto Alegre/RS/Brasil,Cartao de Credito,Entregue
TRX0003712,PED001970,2025-07-13,CLI00425,Luminaria de Mesa,Casa,149.31,1,Sao Paulo/SP/Brasil,Boleto,Entregue
TRX0003713,PED001970,2025-07-13,CLI00425,Teclado Mecanico,Acessorios,"R$ 336,38",1,Sao Paulo/SP/Brasil,Boleto,Entregue
TRX0003714,PED001970,2025-07-13,CLI00425,Jaqueta Corta Vento,Moda,279.39,1,Sao Paulo/SP/Brasil,Boleto,Entregue
TRX0003715,PED001971,14-07-2025,CLI00278,Monitor 27,Eletronicos,"R$ 1.132,95",1,Rio de Janeiro/RJ/Brasil,Cartao de Credito,cancelado
TRX0003716,PED001971,14-07-2025,CLI00278,Capa para Smartphone,Acessorios,"R$ 49,44",3,Rio de Janeiro/RJ/Brasil,Cartao de Credito,Cancelado
TRX0003717,PED001972,2025-07-07,CLI00646,Tapete de Yoga,esporte,"R$ 155,26",1,Sao Paulo/SP/Brasil,Cartao de Credito,Entregue
TRX0003718,PED001973,2025-07-26,CLI00460,Headset Gamer,Acessorios,"R$ 255,81",2,Sao Paulo/SP/Brasil,Cartao de Debito,Entregue
TRX0003719,PED001973,26/07/2025,CLI00460,Smart TV 50,Eletronicos,"R$ 2.726,44",3,Sao Paulo/SP/Brasil,Cartao de Debito,Entregue
TRX0003720,PED001973,2025-07-26,CLI00460,Jogo de Panelas,Casa,379.69,1,Sao Paulo/SP/Brasil,Cartao de Debito,Entregue
TRX0003721,PED001973,2025-07-26,CLI00460,Camiseta Dry Fit,Esporte,86.17,1,Sao Paulo/SP/Brasil,Cartao de Debito,Entregue
TRX0003722,PED001974,2025-07-13,CLI00093,Livro SQL Essencial,Livros,"R$ 81,98",2,Santos/SP/Brasil,Cartao de Credito,Entregue
TRX0003723,PED001974,13/07/2025,CLI00093,Tablet 10,ELETRONICOS,1230.32,2,Santos/SP/Brasil,Cartao de Credito,ENTREGUE
TRX0003724,PED001974,13/07/2025,CLI00093,Livro Dados em Acao,LIVROS,"90,11",1,Santos/SP/Brasil,Cartao de Credito,Entregue
TRX0003725,PED001975,2025-07-28,CLI00542,Livro Dados em Acao,Livros,92.38,3,Curitiba/PR/Brasil,Pix,Entregue
TRX0003726,PED001975,2025-07-28,CLI00542,Carregador Turbo,Acessorios,"95,10",1,Curitiba/PR/Brasil,Pix,Entregue
TRX0003727,PED001976,14/07/2025,CLI00192,Carregador Turbo,Acessorios,"R$ 102,60",1,Campinas/SP/Brasil,Pix,entregue
TRX0003728,PED001977,10/07/2025,CLI00144,Monitor 27,Eletronicos,1151.67,1,Curitiba/PR/Brasil,Boleto,Entregue
TRX0003729,PED001978,12/07/2025,CLI00361,Aspirador Robo,Casa,1561.60,1,Santos/SP/Brasil,Cartao de Credito,Entregue
TRX0003730,PED001978,12-07-2025,CLI00361,Livro Dados em Acao,Livros,87.57,1,Santos/SP/Brasil,Cartao de Credito,Entregue
TRX0003731,PED001978,12/07/2025,CLI00361,Livro SQL Essencial,Livros,80.22,0,Santos/SP/Brasil,Cartao de Credito,Entregue
TRX0003732,PED001979,2025-07-12,CLI00555,Monitor 27,Eletronicos,"1.118,32",2,Porto Alegre/RS/Brasil,Pix,Entregue
TRX0003733,PED001980,14-07-2025,CLI00075,Vestido Midi,Moda,"230,31",1,Campinas/SP/Brasil,Cartao de Credito,Entregue
TRX0003734,PED001981,2025-07-12,CLI00479,Livro SQL Essencial,Livros,"83,89",2,Sao Paulo/SP/Brasil,Boleto,Entregue
TRX0003735,PED001982,03/07/2025,CLI00643,Carregador Turbo,Acessorios,"R$ 99,26",1,Sao Paulo/SP/Brasil,Pix,Entregue
TRX0003736,PED001983,26-07-2025,CLI00014,Tenis Corrida Leve,esporte,"R$ 320,55",1,Curitiba/PR/Brasil,Cartao de Credito,Entregue
TRX0003737,PED001984,2025-07-26,CLI00577,Liquidificador Potente,Casa,226.22,1,Rio de Janeiro/RJ/Brasil,Cartao de Debito,Entregue
TRX0003738,PED001985,2025-07-26,CLI00029,Camisa Social Slim,Moda,153.90,1,Campinas/SP/Brasil,Cartao de Debito,Entregue
TRX0003739,PED001985,2025-07-26,CLI00029,Liquidificador Potente,Casa,"212,25",1,Campinas/SP/Brasil,Cartao de Debito,Entregue
TRX0003740,PED001986,2025-07-21,CLI00592,Camiseta Dry Fit,esporte,81.86,1,Rio de Janeiro/RJ/Brasil,Cartao de Credito,Entregue
TRX0003741,PED001986,21/07/2025,CLI00592,Smartphone X200,Eletronicos,"R$ 2.178,68",3,Rio de Janeiro/RJ/Brasil,Cartao de Credito,Entregue
TRX0003742,PED001986,2025-07-21,CLI00592,Calca Jeans Reta,Moda,189.88,1,Rio de Janeiro/RJ/Brasil,Cartao de Credito,Entregue
TRX0003743,PED001986,2025-07-21,CLI00592,Smart TV 50,Eletronicos,2548.56,1,Rio de Janeiro/RJ/Brasil,Cartao de Credito,Entregue
TRX0003744,PED001987,20/07/2025,CLI00065,Notebook Ultrafino,Eletronicos,3498.58,1,Rio de Janeiro/RJ/Brasil,Pix,Processando
TRX0003745,PED001987,20-07-2025,CLI00065,Mochila para Notebook,Acessórios,"187,52",1,Rio de Janeiro/RJ/Brasil,Pix,Processando
TRX0003746,PED001988,2025-07-22,CLI00081,Teclado Mecanico,Acessorios,376.71,2,Sao Paulo/SP/Brasil,Cartao de Debito,Entregue
TRX0003747,PED001988,2025-07-22,CLI00081,Jogo de Panelas,Casa,"R$ 407,17",1,Sao Paulo/SP/Brasil,Cartao de Debito,Entregue
TRX0003748,PED001988,22/07/2025,CLI00081,Tablet 10,Eletronicos,"R$ 1.324,44",1,Sao Paulo/SP/Brasil,Cartao de Debito,Entregue
TRX0003749,PED001988,2025-07-22,CLI00081,Garrafa Termica,Esporte,"R$ 118,58",2,Sao Paulo/SP/Brasil,Cartao de Debito,Entregue
TRX0003750,PED001989,2025-07-27,CLI00305,Mouse Sem Fio,Acessórios,86.37,1,Campinas/SP/Brasil,Pix,Entregue
TRX0003751,PED001990,2025-07-24,CLI00131,Mochila para Notebook,Acessorios,187.28,1,Sao Paulo/SP/Brasil,Cartao de Debito,Entregue
TRX0003752,PED001991,2025-07-30,CLI00169,Mouse Sem Fio,ACESSORIOS,87.46,1,Porto Alegre/RS/Brasil,Pix,ENTREGUE
TRX0003753,PED001991,2025-07-30,CLI00169,Teclado Mecanico,Acessorios,"376,83",1,Porto Alegre/RS/Brasil,Pix,Entregue
TRX0003754,PED001991,2025-07-30,CLI00169,Livro Historia do Brasil,Livros,"66,58",1,Porto Alegre/RS/Brasil,Pix,Entregue
TRX0003755,PED001992,2025-07-13,CLI00541,Jaqueta Corta Vento,Moda,"272,53",1,Sao Paulo/SP/Brasil,Boleto,Entregue
TRX0003756,PED001992,13/07/2025,CLI00541,Monitor 27,Eletronicos,1129.83,1,Sao Paulo/SP/Brasil,Boleto,Entregue
TRX0003757,PED001993,2025-07-17,CLI00495,Luminaria de Mesa,Casa,"147,63",1,Porto Alegre/RS/Brasil,Pix,entregue
TRX0003758,PED001993,2025-07-17,CLI00495,Notebook Ultrafino,Eletronicos,3334.78,2,Porto Alegre/RS/Brasil,Pix,Entregue
TRX0003759,PED001994,2025-07-01,CLI00547,Notebook Gamer,Eletronicos,"R$ 4.719,29",1,Sao Paulo/SP/Brasil,Pix,Entregue
TRX0003760,PED001995,2025-07-05,CLI00607,Calca Jeans Reta,Moda,"188,80",2,Sao Paulo/SP/Brasil,Pix,Entregue
TRX0003761,PED001995,2025-07-05,CLI00607,Livro SQL Essencial,Livros,"R$ 77,31",1,Sao Paulo/SP/Brasil,Pix,Entregue
TRX0003762,PED001995,2025-07-05,CLI00607,Smart TV 50,Eletrônicos,2718.49,1,Sao Paulo/SP/Brasil,Pix,Entregue
TRX0003763,PED001996,2025-07-08,CLI00539,Tenis Corrida Leve,Esporte,"R$ 313,92",1,Rio de Janeiro/RJ/Brasil,Cartao de Debito,Entregue
TRX0003764,PED001997,2025-07-25,CLI00577,Teclado Mecanico,Acessorios,"R$ 348,36",2,Rio de Janeiro/RJ/Brasil,Cartao de Credito,Entregue
TRX0003765,PED001998,09/07/2025,CLI00014,Camisa Social Slim,Moda,"169,51",2,Curitiba/PR/Brasil,Pix,Entregue
TRX0003766,PED001998,09/07/2025,CLI00014,Halteres 10kg,Esporte,196.78,1,Curitiba/PR/Brasil,Pix,entregue
TRX0003767,PED001999,2025-07-10,CLI00207,Teclado Mecanico,Acessorios,339.12,2,Recife/PE/Brasil,Cartao de Credito,entregue
TRX0003768,PED002000,2025-07-21,CLI00361,Camiseta Dry Fit,Esporte,"R$ 82,89",1,Santos/SP/Brasil,Cartao de Credito,Entregue
TRX0003769,PED002001,04-07-2025,CLI00358,Monitor 27,Eletronicos,"R$ 1.220,28",1,Rio de Janeiro/RJ/Brasil,Cartao de Credito,Enviado
TRX0003770,PED002002,2025-07-28,CLI00577,Garrafa Termica,Esporte,"R$ 121,45",1,Rio de Janeiro/RJ/Brasil,Cartao de Credito,Devolvido
TRX0003771,PED002002,28/07/2025,CLI00577,Livro Historia do Brasil,Livros,"72,10",1,Rio de Janeiro/RJ/Brasil,Cartao de Credito,Devolvido
TRX0003772,PED002002,2025-07-28,CLI00577,Halteres 10kg,Esporte,"R$ 198,38",1,Rio de Janeiro/RJ/Brasil,Cartao de Credito,Devolvido
TRX0003773,PED002002,28/07/2025,CLI00577,Luminaria de Mesa,Casa,"R$ 149,99",1,Rio de Janeiro/RJ/Brasil,Cartao de Credito,Devolvido
TRX0003774,PED002002,2025-07-28,CLI00577,Calca Jeans Reta,Moda,"193,83",4,Rio de Janeiro/RJ/Brasil,Cartao de Credito,Devolvido
TRX0003775,PED002003,2025-07-17,CLI00512,Headset Gamer,Acessorios,256.13,2,Rio de Janeiro/RJ/Brasil,Boleto,Entregue
TRX0003776,PED002003,2025-07-17,CLI00512,Livro SQL Essencial,Livros,77.22,1,Rio de Janeiro/RJ/Brasil,Boleto,Entregue
TRX0003777,PED002003,17/07/2025,CLI00512,Livro Dados em Acao,Livros,"88,96",1,Rio de Janeiro/RJ/Brasil,Boleto,entregue
TRX0003778,PED002004,14/07/2025,CLI00088,Mouse Sem Fio,Acessorios,"R$ 91,26",1,Porto Alegre/RS/Brasil,Cartao de Credito,DEVOLVIDO
TRX0003779,PED002004,2025-07-14,CLI00088,Tenis Corrida Leve,Esporte,331.82,3,Porto Alegre/RS/Brasil,Cartao de Credito,Devolvido
TRX0003780,PED002005,,CLI00183,Livro Dados em Acao,Livros,"91,57",1,Porto Alegre/RS/Brasil,Pix,Entregue
TRX0003781,PED002006,12/07/2025,CLI00243,Smartphone X200,Eletronicos,"2.137,43",1,Rio de Janeiro/RJ/Brasil,Cartao de Credito,Processando
TRX0003782,PED002007,02-07-2025,CLI00207,Liquidificador Potente,Casa,"232,52",1,Recife/PE/Brasil,Cartao de Debito,Processando
TRX0003783,PED002008,2025-07-27,CLI00149,Monitor 27,Eletronicos,1144.04,1,Curitiba/PR/Brasil,Pix,Entregue
TRX0003784,PED002008,2025-07-27,CLI00149,Aspirador Robo,Casa,1597.10,1,Curitiba/PR/Brasil,Pix,Entregue
TRX0003785,PED002009,23/07/2025,CLI00577,Liquidificador Potente,Casa,"R$ 221,88",1,Rio de Janeiro/RJ/Brasil,Boleto,Entregue
TRX0003786,PED002010,2025-07-01,CLI00026,Liquidificador Potente,casa,"220,49",2,Brasilia/DF/Brasil,Boleto,Entregue
TRX0003787,PED002011,28/07/2025,CLI00480,Notebook Ultrafino,Eletronicos,3594.93,1,Porto Alegre/RS/Brasil,Cartao de Debito,Entregue
TRX0003788,PED002012,31/07/2025,CLI00093,Tapete de Yoga,Esporte,"R$ 153,43",1,Santos/SP/Brasil,Cartao de Credito,Cancelado
TRX0003789,PED002013,2025-07-14,CLI00014,Hub USB-C,Acessorios,"R$ 133,73",1,Curitiba/PR/Brasil,Cartao de Credito,Entregue
TRX0003790,PED002014,2025-07-12,CLI00547,Headset Gamer,Acessorios,"R$ 267,02",1,Sao Paulo/SP/Brasil,Pix,Entregue
TRX0003791,PED002015,24/07/2025,CLI00159,Camisa Social Slim,Moda,169.03,1,Recife/PE/Brasil,Boleto,Entregue
TRX0003792,PED002016,23/07/2025,CLI00029,Capa para Smartphone,Acessorios,52.67,1,Campinas/SP/Brasil,Pix,Entregue
TRX0003793,PED002016,2025-07-23,CLI00029,Teclado Mecanico,Acessorios,"347,01",1,Campinas/SP/Brasil,Pix,Entregue
TRX0003794,PED002017,2025-07-11,CLI00394,Camiseta Dry Fit,Esporte,82.40,1,Sao Paulo/SP/Brasil,Cartao de Credito,Entregue
TRX0003795,PED002018,17/07/2025,CLI00400,Mochila para Notebook,acessorios,"R$ 171,93",1,Uberlandia/MG/Brasil,Boleto,Entregue
TRX0003796,PED002018,17/07/2025,CLI00400,Notebook Ultrafino,Eletronicos,3671.80,2,Uberlandia/MG/Brasil,Boleto,Entregue
TRX0003797,PED002018,2025-07-17,CLI00400,Livro Dados em Acao,LIVROS,"R$ 91,38",1,Uberlandia/MG/Brasil,Boleto,Entregue
TRX0003798,PED002019,2025-07-02,CLI00501,Notebook Gamer,eletronicos,"R$ 5.271,58",1,Uberlandia/MG/Brasil,Pix,Cancelado
TRX0003799,PED002020,31-07-2025,CLI00278,Smart TV 50,Eletronicos,"R$ 2.721,74",1,Rio de Janeiro/RJ/Brasil,Cartao de Credito,Entregue
TRX0003800,PED002020,2025-07-31,CLI00278,Smartphone X200,Eletronicos,"R$ 2.298,15",4,Rio de Janeiro/RJ/Brasil,Cartao de Credito,Entregue
TRX0003801,PED002020,31/07/2025,CLI00278,Camiseta Dry Fit,Esporte,"R$ 79,18",1,Rio de Janeiro/RJ/Brasil,Cartao de Credito,Entregue
TRX0003802,PED002021,22/07/2025,CLI00652,Livro SQL Essencial,Livros,81.05,1,Fortaleza/CE/Brasil,Cartao de Credito,Entregue
TRX0003803,PED002021,2025-07-22,CLI00652,Carregador Turbo,Acessorios,"R$ 97,27",1,Fortaleza/CE/Brasil,Cartao de Credito,Entregue
TRX0003804,PED002022,2025-07-27,CLI00014,Carregador Turbo,Acessorios,"R$ 100,35",1,Curitiba/PR/Brasil,Cartao de Credito,Entregue
TRX0003805,PED002023,2025-07-31,CLI00547,Garrafa Termica,Esporte,"R$ 128,00",3,Sao Paulo/SP/Brasil,Pix,Entregue
TRX0003806,PED002023,,CLI00547,Tapete de Yoga,Esporte,"R$ 146,80",4,Sao Paulo/SP/Brasil,Pix,ENTREGUE
TRX0003807,PED002024,09-07-2025,CLI00222,Tapete de Yoga,Esporte,"153,52",1,Belo Horizonte/MG/Brasil,Boleto,ENTREGUE
TRX0003808,PED002025,2025-07-22,CLI00577,Livro Dados em Acao,Livros,"94,09",1,Rio de Janeiro/RJ/Brasil,Cartao de Credito,Entregue
TRX0003809,PED002026,2025-07-05,CLI00027,Hub USB-C,Acessorios,"R$ 123,79",2,Curitiba/PR/Brasil,Cartao de Credito,Entregue
TRX0003810,PED002026,2025-07-05,CLI00027,Tenis Corrida Leve,Esporte,322.67,1,Curitiba/PR/Brasil,Cartao de Credito,Entregue
TRX0003811,PED002026,2025-07-05,CLI00027,Notebook Gamer,Eletronicos,"R$ 4.683,19",3,Curitiba/PR/Brasil,Cartao de Credito,Entregue
TRX0003812,PED002027,,CLI00652,Jogo de Panelas,Casa,387.72,1,Fortaleza/CE/Brasil,Cartao de Credito,Entregue
TRX0003813,PED002028,06-07-2025,CLI00408,Garrafa Termica,Esporte,122.00,3,Sao Paulo/SP/Brasil,Cartao de Debito,Entregue
TRX0003814,PED002029,2025-07-01,CLI00050,Capa para Smartphone,Acessorios,"51,16",1,Curitiba/PR/Brasil,Cartao de Credito,Enviado
TRX0003815,PED002030,02-07-2025,CLI00432,Camisa Social Slim,Moda,157.55,1,Campinas/SP/Brasil,Cartao de Credito,Entregue
TRX0003816,PED002030,02-07-2025,CLI00432,Liquidificador Potente,Casa,221.26,1,Campinas/SP/Brasil,Cartao de Credito,Entregue
TRX0003817,PED002031,10/07/2025,CLI00547,Tapete de Yoga,Esporte,148.68,2,Sao Paulo/SP/Brasil,Pix,Entregue
TRX0003818,PED002032,00/00/0000,CLI00460,Headset Gamer,Acessorios,"R$ 267,59",1,Sao Paulo/SP/Brasil,Pix,Entregue
TRX0003819,PED002032,12-07-2025,CLI00460,Carregador Turbo,Acessorios,"R$ 106,49",1,Sao Paulo/SP/Brasil,Pix,Entregue
TRX0003820,PED002032,2025-07-12,CLI00460,Mouse Sem Fio,Acessorios,"R$ 92,90",2,Sao Paulo/SP/Brasil,Pix,Entregue
TRX0003821,PED002033,2025-07-28,CLI00547,Tenis Corrida Leve,esporte,"324,25",1,Sao Paulo/SP/Brasil,Cartao de Credito,Entregue
TRX0003822,PED002034,12/07/2025,CLI00676,Camisa Social Slim,Moda,163.30,3,Belo Horizonte/MG/Brasil,Pix,Entregue
TRX0003823,PED002034,2025-07-12,CLI00676,Mochila para Notebook,Acessorios,"R$ 183,25",1,Belo Horizonte/MG/Brasil,Pix,Entregue
TRX0003824,PED002034,2025-07-12,CLI00676,Teclado Mecanico,Acessorios,359.47,1,Belo Horizonte/MG/Brasil,Pix,Entregue
TRX0003825,PED002034,12/07/2025,CLI00676,Livro SQL Essencial,Livros,"R$ 75,15",1,Belo Horizonte/MG/Brasil,Pix,Entregue
,PED002035,18-07-2025,CLI00482,Livro SQL Essencial,Livros,"R$ 79,33",3,Fortaleza/CE/Brasil,Cartao de Credito,Entregue
TRX0003827,PED002035,18/07/2025,CLI00482,Mouse Sem Fio,Acessorios,"R$ 96,60",1,Fortaleza/CE/Brasil,Cartao de Credito,Entregue
TRX0003828,PED002036,31-07-2025,CLI00633,Livro Historia do Brasil,Livros,"R$ 68,73",1,Curitiba/PR/Brasil,Cartao de Credito,Entregue
TRX0003829,PED002037,07/07/2025,CLI00062,Tenis Corrida Leve,Esporte,"R$ 347,93",1,Curitiba/PR/Brasil,Boleto,Cancelado
TRX0003830,PED002038,2025-07-10,CLI00512,Teclado Mecanico,Acessorios,"R$ 373,35",1,Rio de Janeiro/RJ/Brasil,Pix,Entregue
TRX0003831,PED002039,2025-07-09,CLI00541,Carregador Turbo,Acessorios,94.26,1,Sao Paulo/SP/Brasil,Cartao de Credito,Entregue
TRX0003832,PED002040,18-07-2025,CLI00425,Halteres 10kg,Esporte,201.15,3,Sao Paulo/SP/Brasil,Cartao de Credito,Entregue
TRX0003833,PED002041,2025-07-05,CLI00283,Halteres 10kg,Esporte,"R$ 185,12",1,Sao Paulo/SP/Brasil,Pix,Entregue
TRX0003834,PED002041,05-07-2025,CLI00283,Smartphone X200,eletronicos,"2.157,69",1,Sao Paulo/SP/Brasil,Pix,Entregue
TRX0003835,PED002041,2025-07-05,CLI00283,Mochila para Notebook,Acessorios,"R$ 171,58",1,Sao Paulo/SP/Brasil,Pix,Entregue
TRX0003836,PED002041,05/07/2025,CLI00283,Notebook Ultrafino,Eletronicos,3441.84,2,Sao Paulo/SP/Brasil,Pix,Entregue
TRX0003837,PED002042,22/07/2025,CLI00065,Headset Gamer,Acessorios,246.06,1,Rio de Janeiro/RJ/Brasil,Pix,Entregue
TRX0003838,PED002043,02-07-2025,CLI00642,Halteres 10kg,Esporte,"R$ 196,02",2,Curitiba/PR/Brasil,Pix,Entregue
TRX0003839,PED002043,02-07-2025,CLI00642,Tablet 10,Eletronicos,"R$ 1.240,29",3,Curitiba/PR/Brasil,Pix,Entregue
TRX0003840,PED002043,2025-07-02,CLI00642,Garrafa Termica,esporte,118.85,1,Curitiba/PR/Brasil,Pix,Entregue
TRX0003841,PED002044,2025-07-16,CLI00537,Vestido Midi,Moda,"R$ 231,83",1,Uberlandia/MG/Brasil,Cartao de Credito,Entregue
TRX0003842,PED002045,15/07/2025,CLI00577,Calca Jeans Reta,Moda,194.41,2,Rio de Janeiro/RJ/Brasil,Cartao de Credito,Entregue
TRX0003843,PED002046,2025-07-02,CLI00277,Jaqueta Corta Vento,MODA,283.68,1,Brasilia/DF/Brasil,Cartao de Credito,Entregue
TRX0003844,PED002047,23/07/2025,CLI00455,Headset Gamer,Acessorios,253.75,1,Fortaleza/CE/Brasil,Cartao de Debito,Cancelado
TRX0003845,PED002048,05/07/2025,CLI00515,Monitor 27,Eletronicos,"R$ 1.228,42",1,Campinas/SP/Brasil,Cartao de Credito,Devolvido
TRX0003846,PED002049,2025-07-21,CLI00029,Notebook Gamer,Eletronicos,"R$ 4.945,29",1,Campinas/SP/Brasil,Pix,Entregue
TRX0003847,PED002050,2025-07-21,CLI00202,Tablet 10,Eletrônicos,"R$ 1.299,88",3,Recife/PE/Brasil,Cartao de Debito,Entregue
TRX0003848,PED002051,2025-07-14,CLI00319,Calca Jeans Reta,Moda,"202,72",1,Porto Alegre/RS/Brasil,Pix,Entregue
TRX0003849,PED002052,10/07/2025,CLI00675,Teclado Mecanico,Acessorios,341.26,2,Santos/SP/Brasil,Pix,entregue
TRX0003850,PED002053,2025-07-29,CLI00461,Mochila para Notebook,Acessorios,"R$ 181,52",1,Porto Alegre/RS/Brasil,Pix,Entregue
TRX0003851,PED002053,2025-07-29,CLI00461,Camisa Social Slim,Moda,162.61,1,Porto Alegre/RS/Brasil,Pix,Entregue
TRX0003852,PED002053,2025-07-29,CLI00461,Livro SQL Essencial,Livros,"80,49",1,Porto Alegre/RS/Brasil,Pix,Entregue
TRX0003853,PED002053,2025-07-29,CLI00461,Carregador Turbo,Acessorios,103.69,4,Porto Alegre/RS/Brasil,Pix,Entregue
TRX0003854,PED002054,2025-07-09,CLI00369,Liquidificador Potente,Casa,"R$ 225,28",1,Uberlandia/MG/Brasil,Cartao de Credito,Devolvido
TRX0003855,PED002054,2025-07-09,CLI00369,Luminaria de Mesa,Casa,"R$ 137,89",1,Uberlandia/MG/Brasil,Cartao de Credito,Devolvido
TRX0003856,PED002055,2025-07-18,CLI00633,Aspirador Robo,Casa,"R$ 1.645,91",1,Curitiba/PR/Brasil,Cartao de Credito,Cancelado
TRX0003857,PED002055,2025-07-18,CLI00633,Vestido Midi,Moda,"215,02",1,Curitiba/PR/Brasil,Cartao de Credito,Cancelado
TRX0003858,PED002056,05-07-2025,CLI00638,Luminaria de Mesa,Casa,"133,70",1,Salvador/BA/Brasil,Pix,Devolvido
TRX0003859,PED002056,2025-07-05,,Livro SQL Essencial,LIVROS,"R$ 80,60",2,Salvador/BA/Brasil,Pix,Devolvido
TRX0003860,PED002056,2025-07-05,CLI00638,Teclado Mecanico,Acessorios,"R$ 367,78",2,Salvador/BA/Brasil,Pix,Devolvido
TRX0003861,PED002057,23-07-2025,CLI00208,Vestido Midi,Moda,"R$ 214,60",1,Salvador/BA/Brasil,Cartao de Credito,Cancelado
TRX0003862,PED002057,2025-07-23,CLI00208,Livro Dados em Acao,Livros,90.40,2,Salvador/BA/Brasil,Cartao de Credito,Cancelado
TRX0003863,PED002057,2025-07-23,CLI00208,Calca Jeans Reta,Moda,"R$ 195,87",1,Salvador/BA/Brasil,Cartao de Credito,Cancelado
TRX0003864,PED002058,17/07/2025,CLI00293,Tapete de Yoga,Esporte,160.22,1,Florianopolis/SC/Brasil,Cartao de Credito,Entregue
TRX0003865,PED002059,15-07-2025,CLI00461,Garrafa Termica,Esporte,"R$ 113,42",1,Porto Alegre/RS/Brasil,Pix,Entregue
TRX0003866,PED002060,2025-07-17,CLI00370,Tapete de Yoga,ESPORTE,145.51,1,Uberlandia/MG/Brasil,Cartao de Credito,Entregue
TRX0003867,PED002061,04/07/2025,CLI00464,Livro Historia do Brasil,Livros,70.87,2,Porto Alegre/RS/Brasil,Cartao de Debito,Entregue
TRX0003868,PED002061,04/07/2025,CLI00464,Tenis Corrida Leve,Esporte,337.78,1,Porto Alegre/RS/Brasil,Cartao de Debito,Entregue
TRX0003869,PED002061,04/07/2025,CLI00464,Camiseta Dry Fit,Esporte,80.09,1,Porto Alegre/RS/Brasil,Cartao de Debito,Entregue
TRX0003870,PED002062,2025-07-01,CLI00577,Mochila para Notebook,Acessorios,"173,78",1,Rio de Janeiro/RJ/Brasil,Boleto,Entregue
TRX0003871,PED002063,2025-07-17,CLI00496,Smartphone X200,Eletronicos,"R$ 2.243,90",1,Santos/SP/Brasil,Cartao de Credito,Entregue
TRX0000954,PED000513,08-10-2024,CLI00200,Notebook Gamer,Eletronicos,"R$ 5.182,75",1,Sao Paulo/SP/Brasil,Cartao de Credito,Processando
TRX0003872,PED002063,2025-07-17,CLI00496,Capa para Smartphone,Acessorios,"R$ 50,88",1,Santos/SP/Brasil,Cartao de Credito,entregue
TRX0003873,PED002064,09/07/2025,CLI00652,Livro SQL Essencial,Livros,"R$ 82,35",1,Fortaleza/CE/Brasil,Pix,Cancelado
TRX0003874,PED002065,06/07/2025,CLI00013,Luminaria de Mesa,Casa,141.73,1,Fortaleza/CE/Brasil,Pix,Entregue
TRX0003875,PED002066,2025-07-31,CLI00270,Camiseta Dry Fit,Esporte,84.39,1,Fortaleza/CE/Brasil,Pix,Entregue
TRX0003876,PED002066,2025-07-31,CLI00270,Smartphone X200,Eletronicos,"2.144,80",2,Fortaleza/CE/Brasil,Pix,Entregue
TRX0006898,PED003642,16/03/2026,CLI00137,Teclado Mecanico,Acessorios,341.95,1,Brasilia/DF/Brasil,Cartao de Debito,Entregue
TRX0003877,PED002067,27/07/2025,CLI00359,Mouse Sem Fio,Acessorios,87.03,3,Sao Paulo/SP/Brasil,Cartao de Credito,Entregue
TRX0003878,PED002067,27/07/2025,CLI00359,Tenis Corrida Leve,Esporte,"R$ 331,33",2,Sao Paulo/SP/Brasil,Cartao de Credito,Entregue
TRX0003879,PED002067,27-07-2025,CLI00359,Camiseta Dry Fit,Esporte,"86,11",2,Sao Paulo/SP/Brasil,Cartao de Credito,Entregue
TRX0003880,PED002068,2025-07-18,CLI00065,Vestido Midi,Moda,227.58,1,Rio de Janeiro/RJ/Brasil,Pix,Processando
TRX0003881,PED002069,12/07/2025,CLI00610,Luminaria de Mesa,Casa,"R$ 139,18",1,Campinas/SP/Brasil,Cartao de Credito,Entregue
TRX0003882,PED002069,2025-07-12,CLI00610,Tapete de Yoga,ESPORTE,"154,73",2,Campinas/SP/Brasil,Cartao de Credito,Entregue
TRX0003883,PED002070,,CLI00551,Monitor 27,Eletronicos,1237.32,1,Belo Horizonte/MG/Brasil,Cartao de Credito,processando
TRX0003884,PED002070,2025-07-08,CLI00551,Aspirador Robo,Casa,"R$ 1.689,37",2,Belo Horizonte/MG/Brasil,Cartao de Credito,Processando
TRX0003885,PED002071,2025-07-21,CLI00421,Liquidificador Potente,CASA,"R$ 234,55",1,Porto Alegre/RS/Brasil,Pix,Cancelado
TRX0003886,PED002072,26-07-2025,CLI00406,Smartphone X200,Eletronicos,2283.48,3,Rio de Janeiro/RJ/Brasil,Cartao de Credito,Entregue
TRX0003887,PED002072,2025-07-26,CLI00406,Capa para Smartphone,ACESSORIOS,"49,86",1,Rio de Janeiro/RJ/Brasil,Cartao de Credito,Entregue
TRX0003888,PED002073,2025-07-16,CLI00554,Jaqueta Corta Vento,Moda,"R$ 282,63",2,Curitiba/PR/Brasil,Cartao de Credito,Entregue
TRX0003889,PED002074,2025-07-01,CLI00469,Headset Gamer,Acessorios,"268,82",1,Florianopolis/SC/Brasil,Cartao de Debito,Processando
TRX0003890,PED002075,2025-07-12,CLI00222,Livro Dados em Acao,Livros,94.54,2,Belo Horizonte/MG/Brasil,Pix,Enviado
TRX0003891,PED002075,12-07-2025,CLI00222,Headset Gamer,Acessorios,251.85,1,Belo Horizonte/MG/Brasil,Pix,Enviado
TRX0003892,PED002075,2025-07-12,CLI00222,Garrafa Termica,Esporte,,1,Belo Horizonte/MG/Brasil,Pix,Enviado
TRX0003893,PED002076,31/07/2025,CLI00413,Aspirador Robo,Casa,"R$ 1.702,79",1,Rio de Janeiro/RJ/Brasil,Boleto,Entregue
TRX0003894,PED002077,31/07/2025,CLI00531,Cafeteira Eletrica,Casa,"R$ 282,19",2,Salvador/BA/Brasil,Cartao de Credito,ENTREGUE
TRX0003895,PED002077,2025-07-31,CLI00531,Tablet 10,Eletronicos,1374.52,1,Salvador/BA/Brasil,Cartao de Credito,Entregue
TRX0003896,PED002077,31/07/2025,CLI00531,Notebook Gamer,Eletronicos,"5.039,48",1,Salvador/BA/Brasil,Cartao de Credito,Entregue
TRX0003897,PED002077,2025-07-31,CLI00531,Liquidificador Potente,CASA,"R$ 223,47",1,Salvador/BA/Brasil,Cartao de Credito,entregue
TRX0000336,PED000186,26-08-2024,CLI00502,Liquidificador Potente,Casa,"213,60",1,Belo Horizonte/MG/Brasil,Cartao de Debito,Entregue
TRX0003898,PED002078,2025-07-20,CLI00365,Mouse Sem Fio,Acessorios,"R$ 96,14",1,Uberlandia/MG/Brasil,Cartao de Debito,cancelado
TRX0003899,PED002079,27-07-2025,CLI00237,Hub USB-C,Acessorios,"R$ 130,87",1,Sao Paulo/SP/Brasil,Pix,Entregue
TRX0003900,PED002079,27-07-2025,CLI00237,Mochila para Notebook,Acessorios,"R$ 1.574,34",1,Sao Paulo/SP/Brasil,Pix,Entregue
TRX0003901,PED002080,2025-07-29,CLI00228,Luminaria de Mesa,Casa,"R$ 135,61",1,Rio de Janeiro/RJ/Brasil,Cartao de Credito,Entregue
TRX0003902,PED002081,2025-07-28,CLI00305,Liquidificador Potente,Casa,229.00,1,Campinas/SP/Brasil,Cartao de Credito,Entregue
TRX0003903,PED002082,18/07/2025,CLI00375,Tapete de Yoga,Esporte,149.76,1,Belo Horizonte/MG/Brasil,Cartao de Credito,Entregue
TRX0003904,PED002083,2025-07-01,CLI00566,Notebook Ultrafino,Eletronicos,"R$ 3.371,95",4,Florianopolis/SC/Brasil,Pix,ENTREGUE
TRX0003905,PED002084,2025-07-12,CLI00228,Mouse Sem Fio,Acessorios,"85,60",1,Rio de Janeiro/RJ/Brasil,Cartao de Credito,Enviado
TRX0003906,PED002084,2025-07-12,CLI00228,Camisa Social Slim,Moda,"152,28",1,Rio de Janeiro/RJ/Brasil,Cartao de Credito,Enviado
TRX0003907,PED002085,2025-07-29,CLI00062,Capa para Smartphone,Acessorios,"R$ 48,43",1,Curitiba/PR/Brasil,Pix,Entregue
TRX0003908,PED002085,29/07/2025,CLI00062,Notebook Gamer,Eletronicos,"R$ 5.267,63",2,Curitiba/PR/Brasil,Pix,Entregue
TRX0003909,PED002085,29-07-2025,CLI00062,Carregador Turbo,Acessórios,"98,60",1,Curitiba/PR/Brasil,Pix,Entregue
TRX0003910,PED002086,2025-07-28,CLI00393,Notebook Ultrafino,Eletronicos,"R$ 3.402,51",2,Sao Paulo/SP/Brasil,Pix,Entregue
TRX0003911,PED002087,2025-07-07,CLI00633,Camiseta Dry Fit,Esporte,85.77,1,Curitiba/PR/Brasil,Pix,Entregue
TRX0003912,PED002087,07-07-2025,CLI00633,Monitor 27,Eletronicos,1193.66,3,Curitiba/PR/Brasil,Pix,Entregue
TRX0003913,PED002087,2025-07-07,CLI00633,Carregador Turbo,Acessorios,"R$ 99,10",4,Curitiba/PR/Brasil,Pix,Entregue
TRX0003914,PED002088,2025-07-13,CLI00167,Livro SQL Essencial,Livros,"R$ 84,97",2,Salvador/BA/Brasil,Pix,Entregue
TRX0003915,PED002089,15-07-2025,CLI00547,Calca Jeans Reta,Moda,"190,65",1,Sao Paulo/SP/Brasil,Cartao de Debito,ENTREGUE
TRX0003916,PED002089,2025-07-15,CLI00547,Livro SQL Essencial,Livros,"85,12",1,Sao Paulo/SP/Brasil,Cartao de Debito,Entregue
TRX0003917,PED002090,2025-07-24,CLI00516,Headset Gamer,Acessórios,2868.56,1,Belo Horizonte/MG/Brasil,Cartao de Credito,Entregue
TRX0003918,PED002091,2025-07-24,CLI00385,Headset Gamer,Acessorios,"272,69",1,Belo Horizonte/MG/Brasil,Cartao de Credito,Entregue
TRX0003919,PED002091,24/07/2025,CLI00385,Carregador Turbo,Acessorios,"95,88",1,Belo Horizonte/MG/Brasil,Cartao de Credito,Entregue
TRX0003920,PED002092,20-08-2025,CLI00634,Camiseta Dry Fit,esporte,"R$ 77,49",1,Brasilia/DF/Brasil,Cartao de Credito,Entregue
TRX0003921,PED002092,20-08-2025,CLI00634,Headset Gamer,Acessorios,"R$ 271,19",2,Brasilia/DF/Brasil,Cartao de Credito,Entregue
TRX0003922,PED002093,2025-08-28,CLI00512,Luminaria de Mesa,CASA,"R$ 137,38",1,Rio de Janeiro/RJ/Brasil,Cartao de Credito,Entregue
TRX0001205,PED000643,2024-11-04,CLI00412,Jaqueta Corta Vento,Moda,"R$ 273,47",1,Sao Paulo/SP/Brasil,Cartao de Credito,Processando
TRX0003923,PED002094,2025-08-03,CLI00073,Notebook Gamer,ELETRONICOS,"R$ 5.164,04",1,Recife/PE/Brasil,Cartao de Credito,Enviado
TRX0003924,PED002095,2025-08-07,CLI00637,Aspirador Robo,Casa,"1.673,42",1,Porto Alegre/RS/Brasil,Cartao de Credito,Entregue
TRX0003925,PED002096,03/08/2025,CLI00313,Smart TV 50,Eletronicos,"2.507,16",3,Rio de Janeiro/RJ/Brasil,Cartao de Credito,Entregue
TRX0003926,PED002096,2025-08-03,CLI00313,Teclado Mecanico,Acessorios,"R$ 347,65",1,Rio de Janeiro/RJ/Brasil,Cartao de Credito,Entregue
TRX0003927,PED002097,2025-08-06,CLI00630,Liquidificador Potente,Casa,216.59,2,Salvador/BA/Brasil,Cartao de Credito,Entregue
TRX0003928,PED002097,2025-08-06,CLI00630,Livro Historia do Brasil,Livros,68.67,1,Salvador/BA/Brasil,Cartao de Credito,Entregue
TRX0003929,PED002097,06/08/2025,CLI00630,Capa para Smartphone,Acessorios,48.19,2,Salvador/BA/Brasil,Cartao de Credito,entregue
TRX0003930,PED002098,2025-08-12,CLI00577,Calca Jeans Reta,MODA,"R$ 183,40",1,Rio de Janeiro/RJ/Brasil,Cartao de Credito,Entregue
TRX0003931,PED002099,2025-08-10,CLI00062,Liquidificador Potente,Casa,"R$ 222,33",2,Curitiba/PR/Brasil,Pix,Entregue
TRX0003932,PED002099,,CLI00062,Vestido Midi,Moda,"R$ 230,01",1,Curitiba/PR/Brasil,Pix,Entregue
TRX0003933,PED002100,25/08/2025,CLI00062,Camiseta Dry Fit,Esporte,"R$ 80,54",1,Curitiba/PR/Brasil,Cartao de Credito,Entregue
TRX0003934,PED002100,2025-08-25,CLI00062,Camisa Social Slim,Moda,"R$ 163,32",3,Curitiba/PR/Brasil,Cartao de Credito,Entregue
TRX0003935,PED002101,11/08/2025,CLI00519,Halteres 10kg,Esporte,"202,48",2,Brasilia/DF/Brasil,Pix,Enviado
TRX0003936,PED002102,24/08/2025,CLI00035,Tapete de Yoga,Esporte,"160,32",1,Florianopolis/SC/Brasil,Cartao de Debito,Entregue
TRX0003937,PED002103,27/08/2025,CLI00652,Headset Gamer,Acessorios,"R$ 265,57",1,Fortaleza/CE/Brasil,Pix,Entregue
TRX0003938,PED002103,2025-08-27,CLI00652,Livro Historia do Brasil,Livros,74.45,1,Fortaleza/CE/Brasil,Pix,Entregue
TRX0003939,PED002104,2025-08-04,CLI00358,Aspirador Robo,Casa,1518.32,1,Rio de Janeiro/RJ/Brasil,Boleto,Entregue
TRX0003940,PED002104,2025-08-04,CLI00358,Camiseta Dry Fit,Esporte,"R$ 77,72",1,Rio de Janeiro/RJ/Brasil,Boleto,Entregue
TRX0003941,PED002104,2025-08-04,CLI00358,Tenis Corrida Leve,Esporte,340.35,1,Rio de Janeiro/RJ/Brasil,Boleto,Entregue
TRX0003942,PED002104,2025-08-04,CLI00358,Halteres 10kg,Esporte,"R$ 202,22",1,Rio de Janeiro/RJ/Brasil,Boleto,Entregue
TRX0003943,PED002105,2025-08-25,CLI00299,Camiseta Dry Fit,Esporte,"80,42",3,Curitiba/PR/Brasil,Cartao de Credito,Cancelado
TRX0003944,PED002105,2025-08-25,CLI00299,Tablet 10,Eletronicos,"R$ 1.350,91",1,Curitiba/PR/Brasil,Cartao de Credito,Cancelado
TRX0007855,PED004152,2026-06-19,CLI00191,Luminaria de Mesa,Casa,"R$ 143,89",1,Sao Paulo/SP/Brasil,Cartao de Credito,ENTREGUE
TRX0003945,PED002106,2025-08-07,CLI00597,Notebook Gamer,Eletronicos,"R$ 4.741,60",2,Niteroi/RJ/Brasil,Cartao de Credito,Entregue
TRX0003946,PED002106,07/08/2025,CLI00597,Livro Dados em Acao,Livros,"95,51",1,Niteroi/RJ/Brasil,Cartao de Credito,Entregue
TRX0003947,PED002106,07/08/2025,CLI00597,Liquidificador Potente,Casa,"R$ 222,27",1,Niteroi/RJ/Brasil,Cartao de Credito,ENTREGUE
TRX0003948,PED002107,2025-08-04,CLI00339,Livro Historia do Brasil,Livros,68.48,1,Rio de Janeiro/RJ/Brasil,Pix,ENTREGUE
TRX0003949,PED002108,26-08-2025,CLI00462,Carregador Turbo,Acessorios,"R$ 105,91",1,Goiania/GO/Brasil,Cartao de Credito,Devolvido
TRX0003950,PED002109,2025-08-23,CLI00005,Tablet 10,Eletronicos,1231.04,1,Curitiba/PR/Brasil,Cartao de Debito,Entregue
TRX0003951,PED002110,2025-08-12,CLI00007,Luminaria de Mesa,Casa,"133,74",1,Sao Paulo/SP/Brasil,Cartao de Credito,Entregue
TRX0003952,PED002110,2025-08-12,CLI00007,Halteres 10kg,ESPORTE,200.49,1,Sao Paulo/SP/Brasil,Cartao de Credito,Entregue
TRX0003953,PED002111,08/08/2025,CLI00460,Tablet 10,Eletrônicos,"1.331,25",1,Sao Paulo/SP/Brasil,Cartao de Credito,Enviado
TRX0003954,PED002112,2025-08-06,CLI00398,Hub USB-C,Acessorios,"135,54",1,Uberlandia/MG/Brasil,Pix,Entregue
TRX0003955,PED002112,2025-08-06,CLI00398,Capa para Smartphone,Acessorios,"R$ 51,52",1,Uberlandia/MG/Brasil,Pix,Entregue
TRX0003956,PED002113,2025-08-17,CLI00547,Mochila para Notebook,Acessorios,182.43,1,Sao Paulo/SP/Brasil,Pix,Entregue
TRX0003957,PED002113,2025-08-17,CLI00547,Cafeteira Eletrica,Casa,"293,88",1,Sao Paulo/SP/Brasil,Pix,Entregue
TRX0003958,PED002113,2025-08-17,CLI00547,Monitor 27,Eletronicos,"R$ 1.165,29",1,Sao Paulo/SP/Brasil,Pix,Entregue
TRX0003959,PED002114,2025-08-22,CLI00512,Hub USB-C,Acessorios,"R$ 130,05",1,Rio de Janeiro/RJ/Brasil,Cartao de Credito,Entregue
TRX0003960,PED002115,2025-08-27,CLI00480,Aspirador Robo,Casa,"R$ 1.596,00",2,Porto Alegre/RS/Brasil,Cartao de Credito,Entregue
TRX0003961,PED002115,2025-08-27,CLI00480,Headset Gamer,Acessorios,275.95,1,Porto Alegre/RS/Brasil,Cartao de Credito,Entregue
TRX0003962,PED002115,2025-08-27,CLI00480,Vestido Midi,Moda,"R$ 225,06",1,Porto Alegre/RS/Brasil,Cartao de Credito,Entregue
TRX0003963,PED002116,26-08-2025,CLI00541,Notebook Gamer,Eletronicos,4795.15,1,Sao Paulo/SP/Brasil,Cartao de Credito,Entregue
TRX0003964,PED002116,26-08-2025,CLI00541,Camisa Social Slim,Moda,159.39,1,Sao Paulo/SP/Brasil,Cartao de Credito,entregue
TRX0003965,PED002117,2025-08-08,CLI00222,Mochila para Notebook,Acessorios,"R$ 185,24",3,Belo Horizonte/MG/Brasil,Cartao de Debito,CANCELADO
TRX0003966,PED002118,06/08/2025,CLI00449,Smart TV 50,Eletrônicos,"2.728,69",1,Rio de Janeiro/RJ/Brasil,Pix,Cancelado
TRX0003967,PED002119,2025-08-16,CLI00421,Headset Gamer,Acessorios,"249,77",1,Porto Alegre/RS/Brasil,Cartao de Credito,Entregue
TRX0003968,PED002119,2025-08-16,CLI00421,Jaqueta Corta Vento,Moda,"R$ 286,05",1,Porto Alegre/RS/Brasil,Cartao de Credito,ENTREGUE
TRX0003969,PED002120,07/08/2025,CLI00216,Cafeteira Eletrica,Casa,304.59,2,Santos/SP/Brasil,Pix,Entregue
TRX0003970,PED002120,2025-08-07,CLI00216,Liquidificador Potente,Casa,"220,17",1,Santos/SP/Brasil,Pix,Entregue
TRX0003971,PED002121,18-08-2025,CLI00182,Notebook Ultrafino,Eletronicos,3531.51,1,Rio de Janeiro/RJ/Brasil,Boleto,Entregue
TRX0003972,PED002122,2025-08-01,CLI00213,Liquidificador Potente,Casa,235.89,1,Recife/PE/Brasil,Cartao de Credito,Entregue
TRX0003973,PED002123,2025-08-15,CLI00594,Monitor 27,Eletronicos,"1.230,80",1,Niteroi/RJ/Brasil,Pix,Entregue
TRX0003974,PED002124,2025-08-10,CLI00462,Teclado Mecanico,Acessorios,"R$ 333,63",4,Goiania/GO/Brasil,Pix,Entregue
TRX0003975,PED002124,2025-08-10,CLI00462,Tapete de Yoga,Esporte,"144,20",1,Goiania/GO/Brasil,Pix,Entregue
TRX0003976,PED002125,2025-08-29,CLI00514,Mouse Sem Fio,Acessorios,92.97,1,Campinas/SP/Brasil,Pix,ENTREGUE
TRX0003977,PED002125,29/08/2025,CLI00514,Garrafa Termica,ESPORTE,"128,11",2,Campinas/SP/Brasil,Pix,Entregue
TRX0003978,PED002126,2025-08-13,CLI00425,Teclado Mecanico,Acessorios,"370,70",1,Sao Paulo/SP/Brasil,Boleto,Entregue
TRX0003979,PED002126,13-08-2025,CLI00425,Tapete de Yoga,Esporte,"R$ 147,57",2,Sao Paulo/SP/Brasil,Boleto,Entregue
TRX0003980,PED002126,2025-08-13,CLI00425,Hub USB-C,Acessorios,"128,15",2,Sao Paulo/SP/Brasil,Boleto,Entregue
TRX0003981,PED002127,09-08-2025,CLI00634,Tenis Corrida Leve,Esporte,339.81,1,Brasilia/DF/Brasil,Boleto,Entregue
TRX0003982,PED002128,2025-08-19,CLI00121,Tenis Corrida Leve,Esporte,317.49,1,Uberlandia/MG/Brasil,Pix,Entregue
TRX0003983,PED002129,08/08/2025,CLI00293,Luminaria de Mesa,Casa,"R$ 142,29",1,Florianopolis/SC/Brasil,Cartao de Debito,Entregue
,PED002129,2025-08-08,CLI00293,Jogo de Panelas,CASA,"R$ 389,54",2,Florianopolis/SC/Brasil,Cartao de Debito,Entregue
TRX0003985,PED002130,2025-08-28,CLI00194,Mochila para Notebook,Acessorios,"173,24",2,Fortaleza/CE/Brasil,Cartao de Credito,Entregue
TRX0003986,PED002131,2025-08-23,CLI00073,Halteres 10kg,Esporte,195.20,1,Recife/PE/Brasil,Cartao de Credito,Entregue
TRX0003987,PED002131,23/08/2025,CLI00073,Jaqueta Corta Vento,moda,"1.734,56",1,Recife/PE/Brasil,Cartao de Credito,Entregue
TRX0003988,PED002132,2025-08-31,CLI00179,Smart TV 50,Eletronicos,"R$ 2.774,08",4,Sao Paulo/SP/Brasil,Boleto,Devolvido
TRX0003989,PED002132,2025-08-31,CLI00179,Livro Historia do Brasil,livros,"R$ 69,88",1,Sao Paulo/SP/Brasil,Boleto,DEVOLVIDO
TRX0003990,PED002132,2025-08-31,CLI00179,Luminaria de Mesa,CASA,144.05,1,Sao Paulo/SP/Brasil,Boleto,Devolvido
TRX0003991,PED002133,,CLI00126,Cafeteira Eletrica,Casa,300.62,2,Curitiba/PR/Brasil,Cartao de Credito,Entregue
TRX0003992,PED002133,2025-08-18,CLI00126,Smart TV 50,Eletronicos,2758.64,1,Curitiba/PR/Brasil,Cartao de Credito,Entregue
TRX0003993,PED002134,07/08/2025,CLI00305,Livro SQL Essencial,Livros,"R$ 75,35",1,Campinas/SP/Brasil,Cartao de Debito,Entregue
TRX0003994,PED002134,2025-08-07,CLI00305,Smartphone X200,Eletronicos,"2.141,26",1,Campinas/SP/Brasil,Cartao de Debito,Entregue
TRX0003995,PED002134,07/08/2025,CLI00305,Camisa Social Slim,Moda,162.64,1,Campinas/SP/Brasil,Cartao de Debito,Entregue
TRX0003996,PED002135,2025-08-21,CLI00292,Garrafa Termica,esporte,"116,31",1,Uberlandia/MG/Brasil,Cartao de Credito,Entregue
TRX0003997,PED002135,21/08/2025,CLI00292,Camisa Social Slim,Moda,"170,84",-1,Uberlandia/MG/Brasil,Cartao de Credito,Entregue
TRX0003998,PED002136,2025-08-18,CLI00164,Cafeteira Eletrica,Casa,"R$ 300,08",1,Curitiba/PR/Brasil,Pix,Devolvido
TRX0003999,PED002137,13/08/2025,CLI00460,Cafeteira Eletrica,casa,279.63,1,Sao Paulo/SP/Brasil,Pix,Entregue
TRX0004000,PED002137,2025-08-13,CLI00460,Liquidificador Potente,casa,229.36,2,Sao Paulo/SP/Brasil,Pix,Entregue
TRX0004001,PED002138,2025-08-27,CLI00263,Vestido Midi,Moda,209.09,1,Recife/PE/Brasil,Cartao de Credito,Entregue
TRX0004002,PED002139,2025-08-11,CLI00301,Notebook Gamer,ELETRONICOS,"5.112,02",1,Sao Paulo/SP/Brasil,Pix,Entregue
TRX0004003,PED002139,2025-08-11,CLI00301,Carregador Turbo,ACESSORIOS,"R$ 94,51",1,Sao Paulo/SP/Brasil,Pix,Entregue
TRX0004004,PED002139,2025-08-11,CLI00301,Camiseta Dry Fit,Esporte,"R$ 85,01",1,Sao Paulo/SP/Brasil,Pix,ENTREGUE
TRX0004005,PED002140,2025-08-15,CLI00583,Notebook Gamer,Eletronicos,"R$ 5.146,59",1,Niteroi/RJ/Brasil,Cartao de Debito,Entregue
TRX0004006,PED002141,2025-08-30,CLI00014,Cafeteira Eletrica,Casa,"295,54",3,Curitiba/PR/Brasil,Cartao de Debito,Entregue
TRX0004007,PED002142,06-08-2025,CLI00305,Cafeteira Eletrica,Casa,"R$ 300,27",2,Campinas/SP/Brasil,Pix,Entregue
TRX0004008,PED002142,2025-08-06,CLI00305,Monitor 27,Eletronicos,"R$ 1.108,12",2,Campinas/SP/Brasil,Pix,ENTREGUE
TRX0004009,PED002142,2025-08-06,CLI00305,Liquidificador Potente,Casa,"R$ 221,78",1,Campinas/SP/Brasil,Pix,Entregue
TRX0004010,PED002143,27/08/2025,CLI00222,Livro Historia do Brasil,Livros,73.32,1,Belo Horizonte/MG/Brasil,Boleto,Entregue
TRX0004011,PED002144,2025-08-31,CLI00480,Halteres 10kg,Esporte,181.01,2,Porto Alegre/RS/Brasil,Cartao de Credito,Enviado
TRX0004012,PED002144,31-08-2025,CLI00480,Carregador Turbo,Acessorios,"R$ 105,13",1,Porto Alegre/RS/Brasil,Cartao de Credito,Enviado
TRX0004013,PED002145,11/08/2025,CLI00672,Camiseta Dry Fit,esporte,80.25,3,Curitiba/PR/Brasil,Pix,Entregue
TRX0004014,PED002146,2025-08-07,CLI00455,Tenis Corrida Leve,esporte,337.99,1,Fortaleza/CE/Brasil,Pix,devolvido
TRX0004015,PED002147,29-08-2025,CLI00179,Halteres 10kg,esporte,,1,Sao Paulo/SP/Brasil,Cartao de Debito,Cancelado
TRX0004016,PED002147,29/08/2025,CLI00179,Capa para Smartphone,Acessorios,"R$ 51,20",2,Sao Paulo/SP/Brasil,Cartao de Debito,Cancelado
TRX0004017,PED002148,12/08/2025,CLI00339,Aspirador Robo,Casa,"1.667,10",1,Rio de Janeiro/RJ/Brasil,Boleto,Entregue
TRX0004018,PED002148,2025-08-12,CLI00339,Vestido Midi,Moda,"218,84",1,Rio de Janeiro/RJ/Brasil,Boleto,Entregue
TRX0004019,PED002148,2025-08-12,CLI00339,Calca Jeans Reta,Moda,"R$ 200,02",1,Rio de Janeiro/RJ/Brasil,Boleto,Entregue
TRX0004020,PED002148,12-08-2025,CLI00339,Camisa Social Slim,Moda,167.58,1,Rio de Janeiro/RJ/Brasil,Boleto,Entregue
TRX0004021,PED002148,2025-08-12,CLI00339,Luminaria de Mesa,Casa,135.38,1,Rio de Janeiro/RJ/Brasil,Boleto,Entregue
TRX0004022,PED002149,2025-08-09,CLI00182,Mouse Sem Fio,Acessorios,,1,Rio de Janeiro/RJ/Brasil,Cartao de Credito,Entregue
TRX0004023,PED002150,2025-08-19,CLI00430,Garrafa Termica,ESPORTE,120.18,1,Porto Alegre/RS/Brasil,Boleto,Entregue
TRX0004024,PED002151,17-08-2025,CLI00131,Headset Gamer,Acessorios,"250,88",1,Sao Paulo/SP/Brasil,Pix,Entregue
TRX0004025,PED002151,2025-08-17,CLI00131,Tapete de Yoga,Esporte,"R$ 149,09",2,Sao Paulo/SP/Brasil,Pix,Entregue
TRX0004026,PED002152,2025-08-12,CLI00637,Garrafa Termica,Esporte,113.96,2,Porto Alegre/RS/Brasil,Cartao de Credito,Entregue
TRX0004027,PED002153,11-08-2025,CLI00270,Hub USB-C,Acessorios,"R$ 129,99",2,Fortaleza/CE/Brasil,Pix,Entregue
TRX0004028,PED002153,11/08/2025,CLI00270,Calca Jeans Reta,Moda,"R$ 201,94",1,Fortaleza/CE/Brasil,Pix,ENTREGUE
TRX0004029,PED002154,2025-08-02,CLI00021,Notebook Ultrafino,eletronicos,"R$ 3.318,75",1,Uberlandia/MG/Brasil,Cartao de Debito,Entregue
TRX0004030,PED002155,2025-08-06,CLI00264,Garrafa Termica,Esporte,"R$ 116,61",2,Campinas/SP/Brasil,Pix,Entregue
TRX0004031,PED002155,2025-08-06,CLI00264,Liquidificador Potente,Casa,"R$ 230,32",1,Campinas/SP/Brasil,Pix,Entregue
TRX0004032,PED002156,2025-08-06,CLI00425,Liquidificador Potente,Casa,"224,75",1,Sao Paulo/SP/Brasil,Pix,Entregue
TRX0004033,PED002156,06-08-2025,CLI00425,Aspirador Robo,Casa,"R$ 1.569,78",1,Sao Paulo/SP/Brasil,Pix,ENTREGUE
TRX0004034,PED002157,2025-08-28,CLI00556,Liquidificador Potente,Casa,"R$ 213,03",3,Sao Paulo/SP/Brasil,Pix,Devolvido
,PED002157,2025-08-28,CLI00556,Notebook Ultrafino,eletronicos,"R$ 3.555,82",1,Sao Paulo/SP/Brasil,Pix,Devolvido
TRX0004036,PED002158,09-08-2025,CLI00555,Liquidificador Potente,CASA,234.83,1,Porto Alegre/RS/Brasil,Boleto,Entregue
TRX0004037,PED002159,2025-08-05,CLI00555,Halteres 10kg,Esporte,"185,57",1,Porto Alegre/RS/Brasil,Pix,Devolvido
TRX0004038,PED002159,05/08/2025,CLI00555,Jaqueta Corta Vento,Moda,283.18,1,Porto Alegre/RS/Brasil,Pix,Devolvido
TRX0004039,PED002160,2025-08-05,CLI00223,Garrafa Termica,Esporte,121.05,1,Sao Paulo/SP/Brasil,Cartao de Debito,Entregue
TRX0004040,PED002161,2025-08-01,CLI00510,Teclado Mecanico,Acessorios,"345,34",1,Curitiba/PR/Brasil,Boleto,Entregue
TRX0004041,PED002161,2025-08-01,CLI00510,Jogo de Panelas,Casa,"R$ 385,94",1,Curitiba/PR/Brasil,Boleto,Entregue
TRX0004042,PED002162,2025-08-12,CLI00369,Camisa Social Slim,Moda,"R$ 157,41",1,Uberlandia/MG/Brasil,Pix,Entregue
TRX0004043,PED002162,12/08/2025,CLI00369,Livro SQL Essencial,Livros,76.83,1,Uberlandia/MG/Brasil,Pix,Entregue
TRX0004044,PED002162,2025-08-12,CLI00369,Jaqueta Corta Vento,Moda,"288,69",2,Uberlandia/MG/Brasil,Pix,Entregue
TRX0004045,PED002163,2025-08-15,CLI00073,Liquidificador Potente,Casa,"231,65",2,Recife/PE/Brasil,Cartao de Credito,Entregue
TRX0004046,PED002163,15-08-2025,CLI00073,Calca Jeans Reta,Moda,"R$ 194,03",1,Recife/PE/Brasil,Cartao de Credito,Entregue
TRX0004047,PED002163,15-08-2025,CLI00073,Tapete de Yoga,Esporte,"R$ 153,15",1,Recife/PE/Brasil,Cartao de Credito,Entregue
TRX0004048,PED002164,30/08/2025,CLI00457,Tablet 10,eletronicos,1339.27,1,Rio de Janeiro/RJ/Brasil,Pix,Entregue
TRX0000361,PED000200,2024-08-02,CLI00117,Luminaria de Mesa,Casa,"133,43",1,Curitiba/PR/Brasil,Cartao de Credito,Entregue
TRX0004049,PED002165,2025-08-21,CLI00577,Jaqueta Corta Vento,Moda,"258,06",1,Rio de Janeiro/RJ/Brasil,Boleto,Entregue
TRX0004050,PED002166,,CLI00373,Smart TV 50,Eletronicos,R$ ???,1,Recife/PE/Brasil,Pix,Devolvido
TRX0004051,PED002167,29-08-2025,CLI00313,Jaqueta Corta Vento,moda,"R$ 282,05",1,Rio de Janeiro/RJ/Brasil,Cartao de Credito,Entregue
TRX0004052,PED002167,29/08/2025,CLI00313,Mochila para Notebook,Acessorios,184.55,1,Rio de Janeiro/RJ/Brasil,Cartao de Credito,Entregue
TRX0004053,PED002168,2025-08-07,CLI00577,Livro Historia do Brasil,livros,"74,42",1,Rio de Janeiro/RJ/Brasil,Cartao de Credito,Entregue
TRX0004054,PED002168,07/08/2025,CLI00577,Halteres 10kg,Esporte,"R$ 185,86",2,Rio de Janeiro/RJ/Brasil,Cartao de Credito,Entregue
TRX0004055,PED002169,2025-08-23,CLI00021,Livro Historia do Brasil,Livros,"67,01",1,Uberlandia/MG/Brasil,Cartao de Debito,Entregue
TRX0004056,PED002170,31/08/2025,CLI00218,Livro Dados em Acao,Livros,"R$ 86,27",2,Curitiba/PR/Brasil,Cartao de Credito,DEVOLVIDO
TRX0004057,PED002170,31-08-2025,CLI00218,Garrafa Termica,Esporte,"121,17",2,Curitiba/PR/Brasil,Cartao de Credito,Devolvido
TRX0006818,PED003602,17/03/2026,CLI00160,Mochila para Notebook,Acessorios,187.91,2,Brasilia/DF/Brasil,Cartao de Debito,Enviado
TRX0004058,PED002170,2025-08-31,CLI00218,Cafeteira Eletrica,Casa,298.84,1,Curitiba/PR/Brasil,Cartao de Credito,Devolvido
TRX0004059,PED002170,,CLI00218,Smart TV 50,Eletrônicos,2786.06,1,Curitiba/PR/Brasil,Cartao de Credito,Devolvido
TRX0004060,PED002170,31-08-2025,CLI00218,Vestido Midi,Moda,"R$ 216,22",1,Curitiba/PR/Brasil,Cartao de Credito,Devolvido
TRX0004061,PED002171,11/08/2025,CLI00491,Jogo de Panelas,Casa,"381,06",1,Sao Paulo/SP/Brasil,Boleto,Entregue
TRX0004062,PED002171,11/08/2025,CLI00491,Camiseta Dry Fit,Esporte,82.89,1,Sao Paulo/SP/Brasil,Boleto,Entregue
TRX0004063,PED002171,11-08-2025,CLI00491,Livro Dados em Acao,Livros,93.17,2,Sao Paulo/SP/Brasil,Boleto,Entregue
TRX0004064,PED002171,2025-08-11,CLI00491,Garrafa Termica,Esporte,"R$ 113,14",1,Sao Paulo/SP/Brasil,Boleto,Entregue
TRX0001626,PED000860,23/12/2024,CLI00521,Notebook Ultrafino,Eletronicos,3441.36,1,Uberlandia/MG/Brasil,Cartao de Credito,Entregue
TRX0004065,PED002172,2025-08-20,CLI00194,Livro Historia do Brasil,Livros,68.79,1,Fortaleza/CE/Brasil,Pix,Entregue
TRX0004066,PED002173,11-08-2025,CLI00135,Camisa Social Slim,Moda,"R$ 158,74",1,Sao Paulo/SP/Brasil,Cartao de Credito,Entregue
TRX0004067,PED002173,2025-08-11,CLI00135,Tablet 10,Eletronicos,"R$ 1.237,72",1,Sao Paulo/SP/Brasil,Cartao de Credito,Entregue
TRX0004068,PED002173,2025-08-11,CLI00135,Hub USB-C,Acessorios,"122,58",1,Sao Paulo/SP/Brasil,Cartao de Credito,Entregue
TRX0004069,PED002173,00/00/0000,CLI00135,Carregador Turbo,acessorios,96.17,1,Sao Paulo/SP/Brasil,Cartao de Credito,Entregue
TRX0004070,PED002174,2025-08-14,CLI00512,Smart TV 50,Eletronicos,"R$ 2.518,94",1,Rio de Janeiro/RJ/Brasil,Cartao de Credito,Entregue
TRX0004071,PED002174,14-08-2025,CLI00512,Camisa Social Slim,MODA,"167,07",2,Rio de Janeiro/RJ/Brasil,Cartao de Credito,Entregue
TRX0004072,PED002174,2025-08-14,CLI00512,Jaqueta Corta Vento,Moda,270.71,1,Rio de Janeiro/RJ/Brasil,Cartao de Credito,Entregue
TRX0004073,PED002174,2025-08-14,CLI00512,Tablet 10,Eletronicos,"R$ 1.336,74",1,Rio de Janeiro/RJ/Brasil,Cartao de Credito,Entregue
TRX0004074,PED002175,2025-08-31,CLI00278,Aspirador Robo,Casa,1632.63,1,Rio de Janeiro/RJ/Brasil,Pix,entregue
TRX0004075,PED002176,31/08/2025,CLI00021,Livro Historia do Brasil,Livros,"R$ 67,02",2,Uberlandia/MG/Brasil,Pix,Entregue
TRX0004076,PED002176,2025-08-31,CLI00021,Aspirador Robo,Casa,1689.54,3,Uberlandia/MG/Brasil,Pix,Entregue
TRX0004077,PED002177,2025-08-09,CLI00389,Notebook Gamer,Eletronicos,"R$ 4.900,52",2,Sao Paulo/SP/Brasil,Cartao de Credito,Devolvido
TRX0004078,PED002178,2025-08-22,CLI00126,Livro SQL Essencial,Livros,78.39,1,Curitiba/PR/Brasil,Cartao de Credito,Entregue
TRX0004079,PED002178,22/08/2025,CLI00126,Notebook Gamer,Eletronicos,"5.154,29",1,Curitiba/PR/Brasil,Cartao de Credito,Entregue
TRX0004080,PED002178,22-08-2025,CLI00126,Jogo de Panelas,Casa,"R$ 420,82",1,Curitiba/PR/Brasil,Cartao de Credito,Entregue
TRX0004081,PED002179,21-08-2025,CLI00313,Tablet 10,Eletronicos,1235.05,1,Rio de Janeiro/RJ/Brasil,Cartao de Credito,Entregue
TRX0004082,PED002179,21/08/2025,CLI00313,Headset Gamer,Acessorios,265.41,1,Rio de Janeiro/RJ/Brasil,Cartao de Credito,Entregue
TRX0004083,PED002180,2025-08-28,CLI00319,Jaqueta Corta Vento,Moda,"R$ 276,96",1,Porto Alegre/RS/Brasil,Pix,Entregue
TRX0004613,PED002457,2025-10-04,CLI00029,Headset Gamer,Acessorios,"R$ 257,46",1,Campinas/SP/Brasil,Cartao de Debito,Entregue
TRX0004084,PED002181,29/08/2025,CLI00061,Notebook Gamer,Eletronicos,4832.27,1,Fortaleza/CE/Brasil,Cartao de Credito,Entregue
TRX0004085,PED002181,29/08/2025,CLI00061,Mochila para Notebook,Acessorios,193.11,1,Fortaleza/CE/Brasil,Cartao de Credito,Entregue
TRX0004086,PED002181,2025-08-29,CLI00061,Aspirador Robo,Casa,"R$ 1.702,48",3,Fortaleza/CE/Brasil,Cartao de Credito,Entregue
TRX0004087,PED002182,2025-08-24,CLI00672,Livro Historia do Brasil,Livros,"67,12",3,Curitiba/PR/Brasil,Boleto,Cancelado
TRX0004088,PED002182,24-08-2025,CLI00672,Notebook Ultrafino,Eletronicos,"R$ 3.370,13",1,Curitiba/PR/Brasil,Boleto,Cancelado
TRX0004089,PED002182,24-08-2025,CLI00672,Monitor 27,Eletronicos,"R$ 1.133,26",2,Curitiba/PR/Brasil,Boleto,Cancelado
TRX0004090,PED002182,24-08-2025,CLI00672,Calca Jeans Reta,Moda,"199,50",1,Curitiba/PR/Brasil,Boleto,Cancelado
TRX0004091,PED002183,2025-08-03,CLI00583,Smartphone X200,Eletronicos,2344.45,3,Niteroi/RJ/Brasil,Pix,Entregue
TRX0004092,PED002183,2025-08-03,CLI00583,Capa para Smartphone,Acessorios,"49,08",1,Niteroi/RJ/Brasil,Pix,Entregue
TRX0004093,PED002183,03/08/2025,CLI00583,Carregador Turbo,Acessorios,104.52,1,Niteroi/RJ/Brasil,Pix,Entregue
TRX0004094,PED002184,2025-08-15,CLI00305,Calca Jeans Reta,Moda,"196,19",1,Campinas/SP/Brasil,Boleto,Processando
TRX0004095,PED002184,15/08/2025,CLI00305,Livro SQL Essencial,Livros,81.17,1,Campinas/SP/Brasil,Boleto,PROCESSANDO
TRX0004096,PED002185,2025-08-30,CLI00320,,Livros,"90,34",1,Brasilia/DF/Brasil,Cartao de Credito,Entregue
TRX0004097,PED002185,2025-08-30,CLI00320,Camiseta Dry Fit,Esporte,"R$ 80,14",1,Brasilia/DF/Brasil,Cartao de Credito,Entregue
TRX0004098,PED002185,2025-08-30,CLI00320,Jaqueta Corta Vento,Moda,282.07,2,Brasilia/DF/Brasil,Cartao de Credito,Entregue
TRX0004099,PED002186,2025-08-09,CLI00375,Calca Jeans Reta,Moda,198.39,1,Belo Horizonte/MG/Brasil,Cartao de Debito,Entregue
TRX0004100,PED002186,09-08-2025,CLI00375,Livro Historia do Brasil,Livros,"R$ 71,85",1,Belo Horizonte/MG/Brasil,Cartao de Debito,Entregue
TRX0004101,PED002187,2025-08-18,CLI00544,Notebook Ultrafino,Eletronicos,3312.39,2,Rio de Janeiro/RJ/Brasil,Cartao de Credito,Entregue
TRX0004102,PED002188,02-08-2025,CLI00319,Garrafa Termica,Esporte,"113,34",1,Porto Alegre/RS/Brasil,Cartao de Credito,Entregue
TRX0004103,PED002188,2025-08-02,CLI00319,Notebook Gamer,Eletronicos,"5.057,61",2,Porto Alegre/RS/Brasil,Cartao de Credito,Entregue
TRX0004104,PED002189,2025-08-27,CLI00313,Teclado Mecanico,Acessorios,"R$ 365,31",3,Rio de Janeiro/RJ/Brasil,Cartao de Credito,Entregue
TRX0004105,PED002190,15/08/2025,CLI00300,Cafeteira Eletrica,Casa,283.94,1,Brasilia/DF/Brasil,Cartao de Credito,Devolvido
TRX0004106,PED002190,15-08-2025,CLI00300,Tablet 10,Eletronicos,"R$ 1.323,73",2,Brasilia/DF/Brasil,Cartao de Credito,Devolvido
TRX0004107,PED002190,15/08/2025,CLI00300,Liquidificador Potente,Casa,222.68,3,Brasilia/DF/Brasil,Cartao de Credito,Devolvido
TRX0004108,PED002191,24-08-2025,CLI00652,Teclado Mecanico,Acessorios,"R$ 360,93",4,Fortaleza/CE/Brasil,Boleto,Entregue
TRX0004109,PED002192,2025-08-31,CLI00034,Camisa Social Slim,Moda,162.28,1,Sao Paulo/SP/Brasil,Cartao de Credito,ENTREGUE
TRX0004110,PED002193,2025-08-19,CLI00050,Capa para Smartphone,acessorios,"47,60",1,Curitiba/PR/Brasil,Boleto,Entregue
TRX0004111,PED002194,2025-08-29,CLI00482,Mouse Sem Fio,Acessorios,95.88,1,Fortaleza/CE/Brasil,Cartao de Credito,entregue
TRX0004112,PED002194,29-08-2025,CLI00482,Aspirador Robo,Casa,1614.30,1,Fortaleza/CE/Brasil,Cartao de Credito,Entregue
TRX0004113,PED002195,03-08-2025,CLI00597,Livro Historia do Brasil,Livros,"74,89",3,Niteroi/RJ/Brasil,Cartao de Credito,Entregue
TRX0004114,PED002195,2025-08-03,CLI00597,Aspirador Robo,Casa,"R$ 1.666,64",1,Niteroi/RJ/Brasil,Cartao de Credito,Entregue
TRX0004115,PED002195,2025-08-03,CLI00597,Carregador Turbo,Acessorios,"R$ 97,24",1,Niteroi/RJ/Brasil,Cartao de Credito,Entregue
TRX0004116,PED002196,2025-08-10,CLI00451,Livro Dados em Acao,livros,"R$ 91,51",1,Curitiba/PR/Brasil,Pix,ENTREGUE
TRX0004117,PED002197,20-08-2025,CLI00425,Luminaria de Mesa,CASA,"R$ 146,36",1,Sao Paulo/SP/Brasil,Cartao de Credito,Entregue
TRX0004118,PED002198,2025-08-16,CLI00595,Garrafa Termica,Esporte,"R$ 126,71",1,Curitiba/PR/Brasil,Cartao de Debito,Processando
TRX0004119,PED002199,31-08-2025,CLI00576,Smartphone X200,Eletronicos,"R$ 2.091,04",1,Curitiba/PR/Brasil,Cartao de Credito,Entregue
TRX0004120,PED002200,2025-08-12,CLI00353,Luminaria de Mesa,Casa,146.70,2,Recife/PE/Brasil,Cartao de Credito,Entregue
TRX0004121,PED002200,2025-08-12,CLI00353,Jogo de Panelas,Casa,"389,67",1,Recife/PE/Brasil,Cartao de Credito,Entregue
TRX0004122,PED002201,10-08-2025,CLI00291,Livro Historia do Brasil,Livros,72.03,1,Rio de Janeiro/RJ/Brasil,Pix,entregue
TRX0004123,PED002201,2025-08-10,CLI00291,Notebook Gamer,Eletronicos,5202.36,2,Rio de Janeiro/RJ/Brasil,Pix,Entregue
TRX0004124,PED002202,25-08-2025,CLI00541,Aspirador Robo,Casa,1627.50,1,Sao Paulo/SP/Brasil,Boleto,Entregue
TRX0004125,PED002202,25-08-2025,CLI00541,Livro SQL Essencial,Livros,79.12,1,Sao Paulo/SP/Brasil,Boleto,Entregue
TRX0004126,PED002202,2025-08-25,CLI00541,Livro Dados em Acao,Livros,"R$ 91,95",2,Sao Paulo/SP/Brasil,Boleto,Entregue
TRX0004127,PED002203,24/08/2025,CLI00607,Monitor 27,Eletronicos,1167.53,3,Sao Paulo/SP/Brasil,Pix,ENTREGUE
TRX0004128,PED002204,2025-08-26,CLI00582,Jaqueta Corta Vento,Moda,"R$ 261,85",1,Belo Horizonte/MG/Brasil,Pix,Entregue
TRX0004129,PED002205,31-08-2025,CLI00444,Mouse Sem Fio,ACESSORIOS,"R$ 90,71",2,Belo Horizonte/MG/Brasil,Pix,Entregue
TRX0004130,PED002205,2025-08-31,CLI00444,Luminaria de Mesa,Casa,"142,39",3,Belo Horizonte/MG/Brasil,Pix,Entregue
TRX0004131,PED002206,2025-08-11,CLI00577,Calca Jeans Reta,Moda,"202,36",2,Rio de Janeiro/RJ/Brasil,Pix,Entregue
TRX0004132,PED002206,11-08-2025,CLI00577,Teclado Mecanico,Acessorios,"368,32",1,Rio de Janeiro/RJ/Brasil,Pix,entregue
TRX0004133,PED002206,2025-08-11,CLI00577,Vestido Midi,Moda,"R$ 232,46",2,Rio de Janeiro/RJ/Brasil,Pix,Entregue
TRX0004134,PED002206,2025-08-11,CLI00577,Camisa Social Slim,Moda,"165,85",1,Rio de Janeiro/RJ/Brasil,Pix,Entregue
TRX0004135,PED002207,2025-08-16,CLI00191,Capa para Smartphone,Acessorios,"R$ 48,38",3,Sao Paulo/SP/Brasil,Cartao de Credito,Entregue
TRX0004136,PED002207,2025-08-16,CLI00191,Headset Gamer,Acessorios,"R$ 277,78",2,Sao Paulo/SP/Brasil,Cartao de Credito,Entregue
TRX0004137,PED002207,2025-08-16,CLI00191,Mouse Sem Fio,Acessorios,"R$ 89,08",1,Sao Paulo/SP/Brasil,Cartao de Credito,Entregue
TRX0004138,PED002208,09/08/2025,CLI00480,Teclado Mecanico,Acessorios,353.54,2,Porto Alegre/RS/Brasil,Cartao de Credito,Entregue
TRX0004139,PED002208,2025-08-09,CLI00480,Carregador Turbo,acessorios,"R$ 101,76",1,Porto Alegre/RS/Brasil,Cartao de Credito,Entregue
TRX0004140,PED002209,2025-08-27,,Capa para Smartphone,Acessorios,"R$ 51,56",2,Sao Paulo/SP/Brasil,Pix,Entregue
TRX0004141,PED002210,2025-08-28,CLI00121,Tapete de Yoga,Esporte,"R$ 142,82",1,Uberlandia/MG/Brasil,Pix,Processando
TRX0004142,PED002211,2025-08-01,CLI00463,Smart TV 50,Eletronicos,"R$ 2.516,92",1,Sao Paulo/SP/Brasil,Pix,Entregue
TRX0004143,PED002211,01/08/2025,CLI00463,Headset Gamer,Acessorios,250.34,2,Sao Paulo/SP/Brasil,Pix,Entregue
TRX0004144,PED002211,01/08/2025,CLI00463,Notebook Gamer,Eletronicos,4887.23,1,Sao Paulo/SP/Brasil,Pix,Entregue
TRX0004145,PED002212,03/08/2025,CLI00582,Monitor 27,Eletrônicos,1112.06,3,Belo Horizonte/MG/Brasil,Cartao de Credito,Cancelado
TRX0004146,PED002213,2025-13-07,CLI00555,Notebook Ultrafino,Eletronicos,3684.63,1,Porto Alegre/RS/Brasil,Pix,Entregue
TRX0004147,PED002214,2025-08-11,CLI00036,Mouse Sem Fio,Acessorios,"R$ 85,53",-1,Uberlandia/MG/Brasil,Pix,Entregue
TRX0004148,PED002214,11/08/2025,CLI00036,Smartphone X200,Eletronicos,2128.18,2,Uberlandia/MG/Brasil,Pix,Entregue
TRX0004149,PED002214,11-08-2025,CLI00036,Camisa Social Slim,Moda,"161,89",3,Uberlandia/MG/Brasil,Pix,Entregue
TRX0004150,PED002214,2025-08-11,CLI00036,Monitor 27,Eletronicos,1152.43,1,Uberlandia/MG/Brasil,Pix,Entregue
TRX0004151,PED002215,05-08-2025,CLI00423,Garrafa Termica,Esporte,"R$ 113,87",1,Recife/PE/Brasil,Pix,Entregue
TRX0004152,PED002216,31/08/2025,CLI00221,Notebook Ultrafino,Eletronicos,3509.95,1,Curitiba/PR/Brasil,Cartao de Credito,Entregue
TRX0004153,PED002216,2025-08-31,CLI00221,Mouse Sem Fio,Acessorios,"R$ 86,02",3,Curitiba/PR/Brasil,Cartao de Credito,Entregue
TRX0004154,PED002217,25/08/2025,CLI00369,Aspirador Robo,Casa,1594.27,1,Uberlandia/MG/Brasil,Boleto,Entregue
TRX0004155,PED002218,2025-08-23,CLI00501,Cafeteira Eletrica,Casa,292.92,1,Uberlandia/MG/Brasil,Pix,Entregue
TRX0004156,PED002219,2025-08-11,CLI00547,Mochila para Notebook,Acessorios,188.75,2,Sao Paulo/SP/Brasil,Cartao de Credito,ENTREGUE
TRX0004157,PED002220,2025-08-29,CLI00066,Cafeteira Eletrica,Casa,"R$ 306,78",1,Curitiba/PR/Brasil,Pix,Entregue
TRX0004158,PED002220,29/08/2025,CLI00066,Notebook Ultrafino,Eletronicos,"R$ 3.647,71",1,Curitiba/PR/Brasil,Pix,Entregue
TRX0004159,PED002221,2025-08-19,CLI00444,Notebook Gamer,Eletronicos,5025.38,4,Belo Horizonte/MG/Brasil,Boleto,Entregue
TRX0004160,PED002221,2025-08-19,CLI00444,Headset Gamer,acessorios,256.98,1,Belo Horizonte/MG/Brasil,Boleto,Entregue
TRX0004161,PED002222,17/08/2025,CLI00048,Calca Jeans Reta,MODA,188.02,1,Salvador/BA/Brasil,Pix,ENTREGUE
TRX0004162,PED002222,,CLI00048,Tapete de Yoga,Esporte,"R$ 156,23",1,Salvador/BA/Brasil,Pix,Entregue
TRX0004163,PED002223,2025-08-02,CLI00291,Vestido Midi,Moda,"235,95",2,Rio de Janeiro/RJ/Brasil,Cartao de Credito,Entregue
TRX0004164,PED002223,2025-08-02,CLI00291,Jaqueta Corta Vento,Moda,"R$ 257,79",2,Rio de Janeiro/RJ/Brasil,Cartao de Credito,Entregue
TRX0004165,PED002224,19-08-2025,CLI00050,Notebook Gamer,Eletronicos,"R$ 41.186,73",1,Curitiba/PR/Brasil,Pix,Entregue
TRX0004166,PED002225,2025-08-30,CLI00522,Halteres 10kg,ESPORTE,199.42,1,Brasilia/DF/Brasil,Cartao de Debito,Entregue
TRX0004167,PED002225,30-08-2025,CLI00522,Jaqueta Corta Vento,Moda,"289,29",2,Brasilia/DF/Brasil,Cartao de Debito,Entregue
TRX0004168,PED002226,2025-08-25,CLI00305,Livro Historia do Brasil,Livros,"R$ 73,15",1,Campinas/SP/Brasil,Boleto,Entregue
TRX0004169,PED002226,2025-08-25,CLI00305,Tenis Corrida Leve,Esporte,353.07,2,Campinas/SP/Brasil,Boleto,Entregue
TRX0004170,PED002226,25-08-2025,CLI00305,Jaqueta Corta Vento,Moda,"289,31",2,Campinas/SP/Brasil,Boleto,Entregue
TRX0004171,PED002226,25/08/2025,CLI00305,Garrafa Termica,esporte,126.22,2,Campinas/SP/Brasil,Boleto,Entregue
TRX0004172,PED002226,2025-08-25,CLI00305,Mochila para Notebook,Acessorios,"R$ 177,80",1,Campinas/SP/Brasil,Boleto,ENTREGUE
TRX0004173,PED002227,2025-08-12,CLI00547,Jogo de Panelas,Casa,"R$ 421,78",2,Sao Paulo/SP/Brasil,Cartao de Credito,Entregue
TRX0004174,PED002227,12/08/2025,CLI00547,Livro Historia do Brasil,livros,"68,68",1,Sao Paulo/SP/Brasil,Cartao de Credito,Entregue
TRX0004175,PED002228,06/08/2025,CLI00577,Garrafa Termica,Esporte,119.24,1,Rio de Janeiro/RJ/Brasil,Cartao de Debito,Entregue
TRX0004176,PED002228,2025-08-06,CLI00577,Liquidificador Potente,Casa,"214,06",2,Rio de Janeiro/RJ/Brasil,Cartao de Debito,Entregue
TRX0004177,PED002229,2025-08-23,,Jogo de Panelas,CASA,"R$ 403,43",1,Sao Paulo/SP/Brasil,Pix,Entregue
TRX0004178,PED002230,05/08/2025,CLI00475,Hub USB-C,Acessorios,"127,37",2,Florianopolis/SC/Brasil,Cartao de Credito,Processando
TRX0004179,PED002230,05/08/2025,CLI00475,Liquidificador Potente,Casa,"220,53",1,Florianopolis/SC/Brasil,Cartao de Credito,PROCESSANDO
TRX0004180,PED002231,2025-08-12,CLI00577,Tablet 10,Eletrônicos,"R$ 1.312,73",1,Rio de Janeiro/RJ/Brasil,Pix,Enviado
TRX0004181,PED002231,2025-08-12,CLI00577,Capa para Smartphone,Acessorios,51.02,2,Rio de Janeiro/RJ/Brasil,Pix,Enviado
TRX0004182,PED002232,2025-08-06,CLI00191,Garrafa Termica,ESPORTE,"117,57",2,Sao Paulo/SP/Brasil,Cartao de Credito,Entregue
TRX0004183,PED002233,11/08/2025,CLI00058,Livro SQL Essencial,Livros,"80,26",1,Florianopolis/SC/Brasil,Pix,Cancelado
TRX0004184,PED002233,11/08/2025,CLI00058,Cafeteira Eletrica,Casa,"286,98",1,Florianopolis/SC/Brasil,Pix,Cancelado
TRX0004185,PED002233,2025-08-11,CLI00058,Tablet 10,Eletronicos,1300.16,1,Florianopolis/SC/Brasil,Pix,Cancelado
TRX0004186,PED002233,11-08-2025,CLI00058,Halteres 10kg,Esporte,"R$ 186,97",1,Florianopolis/SC/Brasil,Pix,Cancelado
TRX0004187,PED002234,04-08-2025,CLI00055,Teclado Mecanico,Acessorios,"R$ 343,82",3,Recife/PE/Brasil,Cartao de Credito,Entregue
TRX0004188,PED002234,2025-08-04,CLI00055,Camiseta Dry Fit,Esporte,85.06,1,Recife/PE/Brasil,Cartao de Credito,Entregue
TRX0004189,PED002234,2025-08-04,CLI00055,Cafeteira Eletrica,Casa,279.39,3,Recife/PE/Brasil,Cartao de Credito,Entregue
TRX0004190,PED002235,2025-08-05,CLI00667,Vestido Midi,MODA,219.73,2,Belo Horizonte/MG/Brasil,Cartao de Credito,enviado
TRX0004191,PED002235,2025-08-05,CLI00667,Tenis Corrida Leve,Esporte,328.20,1,Belo Horizonte/MG/Brasil,Cartao de Credito,Enviado
TRX0004192,PED002235,2025-08-05,CLI00667,Tapete de Yoga,esporte,"R$ 148,35",1,Belo Horizonte/MG/Brasil,Cartao de Credito,enviado
TRX0004193,PED002236,2025-08-23,CLI00637,Hub USB-C,Acessorios,124.11,1,Porto Alegre/RS/Brasil,Cartao de Debito,Entregue
TRX0004194,PED002237,2025-08-29,CLI00426,Jaqueta Corta Vento,Moda,"R$ 255,72",1,Rio de Janeiro/RJ/Brasil,Boleto,Enviado
TRX0004195,PED002238,31/08/2025,CLI00583,Tablet 10,Eletronicos,1317.92,1,Niteroi/RJ/Brasil,Boleto,Entregue
TRX0004196,PED002238,31-08-2025,CLI00583,Calca Jeans Reta,Moda,"R$ 181,22",4,Niteroi/RJ/Brasil,Boleto,Entregue
TRX0004197,PED002239,2025-08-17,CLI00173,Livro Historia do Brasil,Livros,R$ ???,4,Sao Paulo/SP/Brasil,Boleto,Entregue
TRX0004198,PED002239,2025-08-17,CLI00173,Vestido Midi,moda,"R$ 227,54",1,Sao Paulo/SP/Brasil,Boleto,Entregue
TRX0004199,PED002239,2025-08-17,CLI00173,Jogo de Panelas,Casa,"R$ 391,27",1,Sao Paulo/SP/Brasil,Boleto,Entregue
TRX0004200,PED002240,02-08-2025,CLI00185,Smartphone X200,Eletronicos,"R$ 2.264,68",1,Rio de Janeiro/RJ/Brasil,Pix,Entregue
TRX0004201,PED002241,03/08/2025,CLI00559,Capa para Smartphone,ACESSORIOS,"51,03",1,Sao Paulo/SP/Brasil,Cartao de Credito,Enviado
TRX0004202,PED002241,03/08/2025,CLI00559,Liquidificador Potente,Casa,"R$ 236,13",1,Sao Paulo/SP/Brasil,Cartao de Credito,Enviado
TRX0004203,PED002242,01-08-2025,CLI00463,Liquidificador Potente,Casa,222.45,1,Sao Paulo/SP/Brasil,Boleto,Entregue
TRX0004204,PED002242,01/08/2025,CLI00463,Calca Jeans Reta,Moda,"181,98",1,Sao Paulo/SP/Brasil,Boleto,Entregue
TRX0004205,PED002243,05-08-2025,CLI00164,Livro Historia do Brasil,Livros,"R$ 74,23",3,Curitiba/PR/Brasil,Pix,Enviado
TRX0004206,PED002244,2025-08-21,CLI00400,Teclado Mecanico,Acessorios,"351,81",1,Uberlandia/MG/Brasil,Cartao de Debito,Entregue
TRX0004207,PED002244,2025-08-21,CLI00400,Luminaria de Mesa,Casa,"R$ 136,80",1,Uberlandia/MG/Brasil,Cartao de Debito,Entregue
TRX0004208,PED002245,2025-08-25,CLI00283,Livro Dados em Acao,Livros,"R$ 92,61",1,Sao Paulo/SP/Brasil,Boleto,Devolvido
TRX0004209,PED002246,2025-08-01,CLI00461,Teclado Mecanico,Acessorios,370.30,1,Porto Alegre/RS/Brasil,Cartao de Credito,Entregue
TRX0004210,PED002246,2025-08-01,CLI00461,Tapete de Yoga,Esporte,145.20,1,Porto Alegre/RS/Brasil,Cartao de Credito,Entregue
TRX0004211,PED002247,2025-08-01,CLI00063,Carregador Turbo,Acessorios,97.76,1,Rio de Janeiro/RJ/Brasil,Pix,Entregue
TRX0004212,PED002247,2025-08-01,CLI00063,Tenis Corrida Leve,Esporte,"R$ 316,88",1,Rio de Janeiro/RJ/Brasil,Pix,Entregue
TRX0004213,PED002248,2025-08-29,CLI00662,Mouse Sem Fio,Acessorios,"R$ 86,60",1,Recife/PE/Brasil,Pix,Entregue
TRX0004214,PED002249,19-08-2025,CLI00617,Liquidificador Potente,Casa,221.32,1,Recife/PE/Brasil,Cartao de Debito,Cancelado
TRX0004215,PED002249,2025-08-19,CLI00617,Jogo de Panelas,casa,"R$ 394,40",2,Recife/PE/Brasil,Cartao de Debito,Cancelado
TRX0004216,PED002250,20/08/2025,CLI00173,Tenis Corrida Leve,Esporte,"R$ 324,06",2,Sao Paulo/SP/Brasil,Cartao de Credito,Entregue
TRX0004217,PED002250,20-08-2025,CLI00173,Camiseta Dry Fit,Esporte,"R$ 81,94",1,Sao Paulo/SP/Brasil,Cartao de Credito,Entregue
TRX0004218,PED002250,20-08-2025,CLI00173,Garrafa Termica,Esporte,"122,60",1,Sao Paulo/SP/Brasil,Cartao de Credito,Entregue
TRX0004219,PED002250,2025-08-20,CLI00173,Headset Gamer,acessorios,"R$ 274,89",1,Sao Paulo/SP/Brasil,Cartao de Credito,Entregue
TRX0004220,PED002251,28/08/2025,CLI00073,Tablet 10,Eletronicos,"R$ 1.367,19",1,Recife/PE/Brasil,Cartao de Debito,entregue
TRX0004221,PED002251,28/08/2025,CLI00073,Mochila para Notebook,Acessorios,192.05,1,Recife/PE/Brasil,Cartao de Debito,Entregue
TRX0004222,PED002252,2025-08-07,CLI00462,Capa para Smartphone,Acessórios,"R$ 49,33",1,Goiania/GO/Brasil,Pix,entregue
TRX0004223,PED002252,2025-08-07,CLI00462,Garrafa Termica,Esporte,127.14,3,Goiania/GO/Brasil,Pix,Entregue
TRX0004224,PED002253,2025-08-26,CLI00190,Cafeteira Eletrica,Casa,"R$ 298,69",2,Belo Horizonte/MG/Brasil,Cartao de Credito,Entregue
TRX0004225,PED002254,23/08/2025,CLI00313,Livro Dados em Acao,Livros,90.25,2,Rio de Janeiro/RJ/Brasil,Pix,Entregue
TRX0004226,PED002254,2025-08-23,CLI00313,Luminaria de Mesa,Casa,"133,41",1,Rio de Janeiro/RJ/Brasil,Pix,Entregue
TRX0004227,PED002254,23/08/2025,CLI00313,Mochila para Notebook,Acessorios,"176,43",2,Rio de Janeiro/RJ/Brasil,Pix,Entregue
TRX0004228,PED002255,2025-08-30,CLI00544,Teclado Mecanico,Acessorios,335.90,1,Rio de Janeiro/RJ/Brasil,Boleto,Entregue
TRX0004229,PED002255,2025-08-30,CLI00544,Capa para Smartphone,Acessorios,53.56,2,Rio de Janeiro/RJ/Brasil,Boleto,Entregue
TRX0004230,PED002256,14-08-2025,CLI00361,Garrafa Termica,Esporte,"R$ 122,45",1,Santos/SP/Brasil,Cartao de Credito,Entregue
TRX0004231,PED002257,01-08-2025,CLI00129,Notebook Gamer,Eletronicos,"5.200,39",2,Florianopolis/SC/Brasil,Cartao de Credito,Entregue
TRX0004232,PED002258,22-08-2025,CLI00400,Livro SQL Essencial,Livros,"R$ 84,93",2,Uberlandia/MG/Brasil,Boleto,Entregue
TRX0004233,PED002258,22-08-2025,CLI00400,Mouse Sem Fio,Acessorios,"R$ 95,86",2,Uberlandia/MG/Brasil,Boleto,Entregue
TRX0004234,PED002259,2025-08-14,CLI00126,Smart TV 50,Eletronicos,"R$ 2.475,50",1,Curitiba/PR/Brasil,Cartao de Credito,Entregue
TRX0004235,PED002260,25-08-2025,CLI00062,Smart TV 50,Eletronicos,,1,Curitiba/PR/Brasil,Cartao de Credito,Cancelado
TRX0004236,PED002260,25/08/2025,CLI00062,Liquidificador Potente,Casa,224.12,2,Curitiba/PR/Brasil,Cartao de Credito,Cancelado
TRX0004237,PED002261,2025-09-04,CLI00582,Livro Dados em Acao,Livros,"R$ 84,90",1,Belo Horizonte/MG/Brasil,Boleto,Entregue
TRX0004238,PED002261,2025-09-04,CLI00582,Garrafa Termica,Esporte,118.87,1,Belo Horizonte/MG/Brasil,Boleto,ENTREGUE
TRX0002004,PED001051,13/01/2025,CLI00014,Jaqueta Corta Vento,MODA,"R$ 285,75",1,Curitiba/PR/Brasil,Cartao de Debito,Entregue
TRX0004239,PED002262,2025-09-18,CLI00062,Jaqueta Corta Vento,Moda,"R$ 278,91",2,Curitiba/PR/Brasil,Cartao de Debito,Entregue
TRX0004240,PED002263,2025-09-05,CLI00074,Halteres 10kg,esporte,202.37,1,Sao Paulo/SP/Brasil,Pix,Entregue
TRX0004241,PED002263,2025-09-05,CLI00074,Capa para Smartphone,ACESSORIOS,"R$ 50,21",1,Sao Paulo/SP/Brasil,Pix,Entregue
TRX0004242,PED002263,05/09/2025,CLI00074,Jogo de Panelas,Casa,397.32,1,Sao Paulo/SP/Brasil,Pix,Entregue
TRX0004243,PED002263,05/09/2025,CLI00074,Liquidificador Potente,Casa,"230,92",1,Sao Paulo/SP/Brasil,Pix,Entregue
TRX0004244,PED002264,2025-09-05,CLI00299,Cafeteira Eletrica,Casa,291.60,1,Curitiba/PR/Brasil,Boleto,Entregue
TRX0004245,PED002265,2025-09-09,CLI00504,Garrafa Termica,ESPORTE,125.03,1,Sao Paulo/SP/Brasil,Pix,Entregue
TRX0004246,PED002266,20-09-2025,CLI00577,Notebook Ultrafino,Eletronicos,3591.40,1,Rio de Janeiro/RJ/Brasil,Cartao de Credito,Entregue
TRX0004247,PED002266,2025-09-20,CLI00577,Mochila para Notebook,Acessorios,177.77,1,Rio de Janeiro/RJ/Brasil,Cartao de Credito,Entregue
TRX0004248,PED002266,2025-09-20,CLI00577,Mouse Sem Fio,Acessorios,"R$ 96,77",1,Rio de Janeiro/RJ/Brasil,Cartao de Credito,Entregue
TRX0004249,PED002267,2025-09-26,CLI00339,Headset Gamer,Acessorios,256.09,2,Rio de Janeiro/RJ/Brasil,Boleto,entregue
TRX0004250,PED002268,2025-09-12,CLI00542,Carregador Turbo,Acessórios,95.78,0,Curitiba/PR/Brasil,Pix,Entregue
TRX0004251,PED002268,2025-09-12,CLI00542,Vestido Midi,MODA,"R$ 216,49",1,Curitiba/PR/Brasil,Pix,Entregue
TRX0004252,PED002269,15/09/2025,CLI00449,Livro SQL Essencial,Livros,"80,82",1,Rio de Janeiro/RJ/Brasil,Cartao de Credito,Entregue
TRX0004253,PED002270,23/09/2025,CLI00187,Halteres 10kg,Esporte,"198,94",1,Brasilia/DF/Brasil,Pix,Entregue
TRX0004254,PED002270,2025-09-23,CLI00187,Notebook Gamer,Eletronicos,"R$ 5.034,92",1,Brasilia/DF/Brasil,Pix,Entregue
TRX0004255,PED002271,2025-09-29,CLI00029,Mochila para Notebook,Acessorios,171.77,1,Campinas/SP/Brasil,Boleto,Enviado
TRX0004256,PED002271,2025-09-29,CLI00029,Notebook Gamer,ELETRONICOS,"R$ 31.015,55",1,Campinas/SP/Brasil,Boleto,ENVIADO
TRX0004257,PED002272,2025-09-18,CLI00390,Garrafa Termica,Esporte,"R$ 117,63",2,Rio de Janeiro/RJ/Brasil,Cartao de Credito,Cancelado
TRX0004258,PED002272,18/09/2025,CLI00390,Capa para Smartphone,ACESSORIOS,"R$ 52,20",2,Rio de Janeiro/RJ/Brasil,Cartao de Credito,Cancelado
TRX0004259,PED002272,18/09/2025,CLI00390,Smart TV 50,ELETRONICOS,"R$ 2.740,03",2,Rio de Janeiro/RJ/Brasil,Cartao de Credito,Cancelado
TRX0004260,PED002273,10/09/2025,CLI00440,Carregador Turbo,Acessorios,106.33,1,Sao Paulo/SP/Brasil,Pix,Entregue
TRX0004261,PED002273,10-09-2025,CLI00440,Monitor 27,eletronicos,"R$ 1.228,27",1,Sao Paulo/SP/Brasil,Pix,Entregue
TRX0004262,PED002273,10-09-2025,CLI00440,Livro Historia do Brasil,Livros,74.69,1,Sao Paulo/SP/Brasil,Pix,Entregue
TRX0004263,PED002274,2025-09-21,CLI00537,Aspirador Robo,Casa,"R$ 1.569,09",1,Uberlandia/MG/Brasil,Cartao de Debito,Entregue
TRX0004264,PED002274,21-09-2025,CLI00537,Calca Jeans Reta,Moda,192.90,1,Uberlandia/MG/Brasil,Cartao de Debito,Entregue
TRX0004265,PED002274,21/09/2025,CLI00537,Smartphone X200,Eletronicos,2203.03,1,Uberlandia/MG/Brasil,Cartao de Debito,Entregue
TRX0004266,PED002274,21/09/2025,CLI00537,Tapete de Yoga,Esporte,160.11,1,Uberlandia/MG/Brasil,Cartao de Debito,Entregue
TRX0004267,PED002274,21/09/2025,CLI00537,Halteres 10kg,ESPORTE,"R$ 183,06",1,Uberlandia/MG/Brasil,Cartao de Debito,Entregue
TRX0004268,PED002275,05/09/2025,CLI00339,Teclado Mecanico,Acessorios,372.87,1,Rio de Janeiro/RJ/Brasil,Cartao de Debito,Entregue
TRX0004269,PED002275,2025-09-05,CLI00339,Garrafa Termica,Esporte,,1,Rio de Janeiro/RJ/Brasil,Cartao de Debito,Entregue
TRX0004270,PED002276,2025-09-05,CLI00596,Monitor 27,Eletronicos,1175.70,1,Rio de Janeiro/RJ/Brasil,Cartao de Debito,Entregue
TRX0004271,PED002276,2025-09-05,CLI00596,Mouse Sem Fio,Acessórios,"86,55",1,Rio de Janeiro/RJ/Brasil,Cartao de Debito,Entregue
TRX0004272,PED002276,2025-09-05,CLI00596,Smart TV 50,Eletronicos,"2.656,19",2,Rio de Janeiro/RJ/Brasil,Cartao de Debito,Entregue
TRX0004273,PED002277,2025-09-09,CLI00161,Teclado Mecanico,Acessorios,"348,01",2,Florianopolis/SC/Brasil,Cartao de Credito,Entregue
TRX0004274,PED002278,2025-09-04,CLI00652,Teclado Mecanico,Acessorios,338.44,2,Fortaleza/CE/Brasil,Pix,Entregue
TRX0004275,PED002278,2025-09-04,CLI00652,Tapete de Yoga,Esporte,"157,82",1,Fortaleza/CE/Brasil,Pix,Entregue
TRX0004276,PED002279,14/09/2025,CLI00011,Monitor 27,ELETRONICOS,"R$ 1.131,90",1,Sao Paulo/SP/Brasil,Pix,Entregue
TRX0004277,PED002280,2025-09-27,CLI00577,Headset Gamer,Acessorios,263.34,1,Rio de Janeiro/RJ/Brasil,Boleto,Entregue
TRX0004278,PED002281,2025-09-11,CLI00451,Camisa Social Slim,Moda,"R$ 159,17",1,Curitiba/PR/Brasil,Cartao de Debito,Entregue
TRX0004279,PED002281,2025-09-11,CLI00451,Hub USB-C,Acessorios,"135,55",1,Curitiba/PR/Brasil,Cartao de Debito,Entregue
TRX0004280,PED002281,11-09-2025,CLI00451,Halteres 10kg,esporte,"R$ 188,47",1,Curitiba/PR/Brasil,Cartao de Debito,Entregue
TRX0004281,PED002282,24/09/2025,CLI00191,Monitor 27,eletronicos,1163.98,1,Sao Paulo/SP/Brasil,Cartao de Credito,Processando
TRX0004282,PED002282,24/09/2025,CLI00191,Smartphone X200,Eletronicos,"2.161,77",1,Sao Paulo/SP/Brasil,Cartao de Credito,Processando
TRX0004283,PED002283,2025-09-04,CLI00641,Calca Jeans Reta,Moda,189.94,1,Fortaleza/CE/Brasil,Cartao de Debito,Entregue
TRX0004284,PED002283,2025-09-04,CLI00641,Headset Gamer,Acessorios,265.84,1,Fortaleza/CE/Brasil,Cartao de Debito,Entregue
TRX0004285,PED002283,2025-09-04,CLI00641,Luminaria de Mesa,Casa,"R$ 134,38",1,Fortaleza/CE/Brasil,Cartao de Debito,Entregue
TRX0004286,PED002283,2025-09-04,CLI00641,Camiseta Dry Fit,Esporte,79.90,1,Fortaleza/CE/Brasil,Cartao de Debito,Entregue
TRX0004287,PED002284,04/09/2025,CLI00406,Notebook Gamer,Eletronicos,"R$ 4.885,59",1,Rio de Janeiro/RJ/Brasil,Cartao de Credito,Entregue
TRX0004288,PED002285,13-09-2025,CLI00563,Luminaria de Mesa,Casa,"148,82",2,Porto Alegre/RS/Brasil,Pix,Entregue
TRX0004289,PED002285,13-09-2025,CLI00563,Hub USB-C,Acessorios,"R$ 123,33",1,Porto Alegre/RS/Brasil,Pix,Entregue
TRX0004290,PED002286,2025-13-07,CLI00686,Notebook Gamer,Eletronicos,"R$ 4.689,82",1,Santos/SP/Brasil,Cartao de Credito,Entregue
TRX0004291,PED002287,15/09/2025,CLI00552,,Esporte,"R$ 124,89",4,Belo Horizonte/MG/Brasil,Cartao de Debito,Entregue
TRX0004292,PED002288,23/09/2025,CLI00270,Garrafa Termica,Esporte,"R$ 117,23",4,Fortaleza/CE/Brasil,Pix,Entregue
TRX0004293,PED002288,23/09/2025,CLI00270,Tapete de Yoga,Esporte,146.96,1,Fortaleza/CE/Brasil,Pix,Entregue
TRX0004294,PED002288,23/09/2025,CLI00270,Cafeteira Eletrica,Casa,301.75,1,Fortaleza/CE/Brasil,Pix,Entregue
TRX0004295,PED002289,2025-09-04,CLI00313,Capa para Smartphone,Acessorios,51.92,1,Rio de Janeiro/RJ/Brasil,Pix,Entregue
TRX0004296,PED002289,04-09-2025,CLI00313,Garrafa Termica,Esporte,"126,11",1,Rio de Janeiro/RJ/Brasil,Pix,Entregue
TRX0004297,PED002289,04/09/2025,CLI00313,Camiseta Dry Fit,esporte,79.61,1,Rio de Janeiro/RJ/Brasil,Pix,Entregue
TRX0004298,PED002289,2025-09-04,CLI00313,Smart TV 50,Eletronicos,"R$ 2.472,98",1,Rio de Janeiro/RJ/Brasil,Pix,Entregue
TRX0004299,PED002289,04/09/2025,CLI00313,Livro Dados em Acao,Livros,"R$ 92,54",1,Rio de Janeiro/RJ/Brasil,Pix,Entregue
TRX0004300,PED002290,13/09/2025,CLI00090,Capa para Smartphone,Acessorios,49.94,2,Rio de Janeiro/RJ/Brasil,Cartao de Debito,Entregue
TRX0004301,PED002291,27-09-2025,CLI00093,Mouse Sem Fio,Acessórios,"R$ 92,51",2,Santos/SP/Brasil,Cartao de Credito,Entregue
TRX0004302,PED002292,27-09-2025,CLI00011,Hub USB-C,Acessorios,123.54,1,Sao Paulo/SP/Brasil,Cartao de Credito,Entregue
TRX0004303,PED002293,2025-09-26,CLI00389,Teclado Mecanico,Acessorios,343.52,1,Sao Paulo/SP/Brasil,Cartao de Credito,Entregue
TRX0004304,PED002294,16/09/2025,CLI00179,Hub USB-C,Acessorios,"126,25",1,Sao Paulo/SP/Brasil,Cartao de Credito,Cancelado
TRX0004305,PED002295,2025-09-02,CLI00192,Livro SQL Essencial,LIVROS,"R$ 77,86",1,Campinas/SP/Brasil,Pix,Entregue
TRX0004306,PED002296,2025-09-28,CLI00062,Notebook Ultrafino,ELETRONICOS,3550.16,1,Curitiba/PR/Brasil,Cartao de Credito,entregue
TRX0004307,PED002297,17-09-2025,CLI00265,Monitor 27,Eletronicos,1170.87,1,Campinas/SP/Brasil,Cartao de Credito,Entregue
TRX0004308,PED002298,2025-09-18,CLI00583,Livro Dados em Acao,Livros,"R$ 86,71",1,Niteroi/RJ/Brasil,Cartao de Credito,Entregue
TRX0004309,PED002299,2025-09-28,CLI00129,Livro Historia do Brasil,Livros,"R$ 72,08",2,Florianopolis/SC/Brasil,Cartao de Credito,Enviado
TRX0004310,PED002299,2025-09-28,CLI00129,Headset Gamer,Acessorios,"R$ 252,52",1,Florianopolis/SC/Brasil,Cartao de Credito,Enviado
TRX0004311,PED002300,2025-09-16,CLI00178,Smart TV 50,Eletronicos,"R$ 2.675,07",2,Rio de Janeiro/RJ/Brasil,Pix,Entregue
TRX0004312,PED002301,28/09/2025,CLI00339,Mouse Sem Fio,Acessórios,"R$ 93,10",1,Rio de Janeiro/RJ/Brasil,Cartao de Credito,Entregue
TRX0004313,PED002302,2025-09-18,CLI00455,Cafeteira Eletrica,casa,286.54,1,Fortaleza/CE/Brasil,Cartao de Debito,Entregue
TRX0004314,PED002303,2025-09-17,CLI00576,Jogo de Panelas,Casa,411.33,1,Curitiba/PR/Brasil,Cartao de Debito,Cancelado
TRX0004315,PED002304,2025-09-19,CLI00449,Jogo de Panelas,Casa,402.71,1,Rio de Janeiro/RJ/Brasil,Pix,Entregue
TRX0004316,PED002304,19-09-2025,CLI00449,Smart TV 50,Eletronicos,2704.13,1,Rio de Janeiro/RJ/Brasil,Pix,Entregue
TRX0004317,PED002304,2025-09-19,CLI00449,Tapete de Yoga,Esporte,147.49,1,Rio de Janeiro/RJ/Brasil,Pix,entregue
TRX0004318,PED002305,2025-09-11,CLI00694,Notebook Ultrafino,eletronicos,3680.58,1,Curitiba/PR/Brasil,Boleto,Entregue
TRX0004319,PED002306,2025-09-29,CLI00146,Livro SQL Essencial,Livros,"R$ 81,80",1,Uberlandia/MG/Brasil,Cartao de Debito,Processando
TRX0004320,PED002306,29/09/2025,CLI00146,Camiseta Dry Fit,Esporte,"77,33",2,Uberlandia/MG/Brasil,Cartao de Debito,Processando
TRX0004321,PED002306,2025-09-29,CLI00146,Notebook Gamer,Eletronicos,4648.54,2,Uberlandia/MG/Brasil,Cartao de Debito,Processando
TRX0004322,PED002306,2025-09-29,,Aspirador Robo,Casa,1608.16,1,Uberlandia/MG/Brasil,Cartao de Debito,Processando
TRX0004323,PED002307,2025-09-15,CLI00672,Hub USB-C,Acessorios,"R$ 125,27",1,Curitiba/PR/Brasil,Cartao de Credito,Entregue
TRX0004324,PED002308,18/09/2025,CLI00062,Calca Jeans Reta,Moda,198.14,1,Curitiba/PR/Brasil,Pix,entregue
TRX0004325,PED002308,18/09/2025,CLI00062,Tablet 10,Eletronicos,1385.04,3,Curitiba/PR/Brasil,Pix,Entregue
TRX0004326,PED002308,2025-09-18,CLI00062,Jaqueta Corta Vento,Moda,262.22,2,Curitiba/PR/Brasil,Pix,Entregue
TRX0004327,PED002309,05/09/2025,CLI00547,Notebook Gamer,Eletronicos,"4.872,43",3,Sao Paulo/SP/Brasil,Boleto,Entregue
TRX0004328,PED002309,2025-09-05,CLI00547,Mouse Sem Fio,acessorios,"86,87",2,Sao Paulo/SP/Brasil,Boleto,Entregue
TRX0004329,PED002310,2025-09-19,CLI00629,Aspirador Robo,Casa,"R$ 1.581,49",1,Rio de Janeiro/RJ/Brasil,Pix,Entregue
TRX0004330,PED002311,24-09-2025,CLI00277,Livro Dados em Acao,livros,94.54,1,Brasilia/DF/Brasil,Pix,Entregue
TRX0004331,PED002312,20/09/2025,CLI00265,Monitor 27,ELETRONICOS,1213.38,2,Campinas/SP/Brasil,Cartao de Credito,Entregue
TRX0004332,PED002313,2025-09-12,CLI00582,Halteres 10kg,ESPORTE,"R$ 202,51",1,Belo Horizonte/MG/Brasil,Pix,Entregue
TRX0004333,PED002314,2025-09-19,CLI00016,Notebook Gamer,Eletrônicos,5092.26,3,Salvador/BA/Brasil,Cartao de Credito,Entregue
TRX0004334,PED002315,2025-09-08,CLI00320,Livro Historia do Brasil,Livros,"73,21",1,Brasilia/DF/Brasil,Cartao de Credito,Entregue
TRX0004335,PED002315,2025-09-08,CLI00320,Headset Gamer,Acessorios,"266,56",2,Brasilia/DF/Brasil,Cartao de Credito,Entregue
TRX0004336,PED002315,2025-09-08,CLI00320,Halteres 10kg,Esporte,"182,13",1,Brasilia/DF/Brasil,Cartao de Credito,Entregue
TRX0004337,PED002316,12-09-2025,CLI00385,Mochila para Notebook,Acessorios,"R$ 189,65",3,Belo Horizonte/MG/Brasil,Pix,Processando
TRX0004338,PED002317,2025-09-01,CLI00339,Capa para Smartphone,Acessorios,"R$ 48,78",4,Rio de Janeiro/RJ/Brasil,Pix,Entregue
TRX0004339,PED002317,01/09/2025,CLI00339,Hub USB-C,Acessorios,"128,36",2,Rio de Janeiro/RJ/Brasil,Pix,Entregue
TRX0004340,PED002317,01-09-2025,CLI00339,Monitor 27,Eletronicos,1149.65,1,Rio de Janeiro/RJ/Brasil,Pix,Entregue
TRX0004341,PED002318,29-09-2025,CLI00555,Jaqueta Corta Vento,Moda,"R$ 261,17",1,Porto Alegre/RS/Brasil,Boleto,Entregue
TRX0004342,PED002318,29/09/2025,CLI00555,Mouse Sem Fio,Acessorios,"R$ 97,02",1,Porto Alegre/RS/Brasil,Boleto,Entregue
TRX0000497,PED000274,2024-09-09,CLI00547,Jogo de Panelas,Casa,"424,93",1,Sao Paulo/SP/Brasil,Boleto,Entregue
TRX0004343,PED002319,26/09/2025,CLI00204,Luminaria de Mesa,Casa,"138,39",1,Niteroi/RJ/Brasil,Pix,Enviado
TRX0004344,PED002319,2025-09-26,CLI00204,Camisa Social Slim,Moda,"R$ 168,64",3,Niteroi/RJ/Brasil,Pix,Enviado
TRX0004345,PED002320,12/09/2025,CLI00014,Liquidificador Potente,Casa,228.35,3,Curitiba/PR/Brasil,Cartao de Credito,entregue
TRX0004346,PED002320,2025-09-12,CLI00014,Cafeteira Eletrica,Casa,275.24,1,Curitiba/PR/Brasil,Cartao de Credito,Entregue
TRX0004347,PED002320,2025-09-12,CLI00014,Carregador Turbo,ACESSORIOS,"R$ 99,74",1,Curitiba/PR/Brasil,Cartao de Credito,Entregue
TRX0004348,PED002321,2025-09-22,CLI00546,Garrafa Termica,esporte,113.95,1,Sao Paulo/SP/Brasil,Cartao de Credito,Entregue
TRX0004349,PED002321,2025-09-22,CLI00546,Smartphone X200,Eletronicos,"R$ 2.197,52",3,Sao Paulo/SP/Brasil,Cartao de Credito,Entregue
TRX0004350,PED002322,01/09/2025,CLI00595,Jogo de Panelas,Casa,"R$ 389,18",4,Curitiba/PR/Brasil,Boleto,Devolvido
TRX0004351,PED002323,29/09/2025,CLI00652,Vestido Midi,Moda,"R$ 226,29",2,Fortaleza/CE/Brasil,Pix,Entregue
TRX0004352,PED002323,2025-09-29,CLI00652,Hub USB-C,Acessorios,"R$ 127,78",2,Fortaleza/CE/Brasil,Pix,Entregue
TRX0004353,PED002323,2025-09-29,CLI00652,Smart TV 50,Eletronicos,2520.97,1,Fortaleza/CE/Brasil,Pix,Entregue
TRX0004354,PED002324,04-09-2025,CLI00518,Calca Jeans Reta,Moda,"191,49",1,Curitiba/PR/Brasil,Pix,Entregue
TRX0004355,PED002325,25/09/2025,CLI00564,Teclado Mecanico,Acessorios,351.41,1,Belo Horizonte/MG/Brasil,Pix,Cancelado
TRX0004356,PED002326,2025-09-06,CLI00191,Carregador Turbo,Acessorios,104.00,1,Sao Paulo/SP/Brasil,Boleto,Enviado
TRX0004357,PED002327,2025-09-26,CLI00389,Jogo de Panelas,Casa,"R$ 427,29",1,Sao Paulo/SP/Brasil,Pix,Entregue
TRX0004358,PED002327,26/09/2025,CLI00389,Smartphone X200,Eletronicos,"R$ 2.142,16",1,Sao Paulo/SP/Brasil,Pix,Entregue
TRX0004359,PED002328,23-09-2025,CLI00315,Carregador Turbo,Acessorios,97.63,1,Campinas/SP/Brasil,Cartao de Credito,Entregue
TRX0004360,PED002329,03-09-2025,CLI00435,Livro SQL Essencial,Livros,"R$ 83,76",1,Salvador/BA/Brasil,Pix,Cancelado
TRX0004361,PED002329,03-09-2025,CLI00435,Vestido Midi,Moda,"233,79",3,Salvador/BA/Brasil,Pix,Cancelado
TRX0004362,PED002330,2025-09-04,CLI00667,Mouse Sem Fio,ACESSORIOS,94.16,1,Belo Horizonte/MG/Brasil,Pix,Entregue
TRX0004363,PED002331,2025-09-23,CLI00635,Luminaria de Mesa,Casa,136.66,1,Salvador/BA/Brasil,Cartao de Credito,Entregue
TRX0004364,PED002332,01/09/2025,CLI00339,Capa para Smartphone,Acessorios,53.33,1,Rio de Janeiro/RJ/Brasil,Cartao de Credito,Entregue
TRX0004365,PED002332,01-09-2025,CLI00339,Halteres 10kg,esporte,195.64,1,Rio de Janeiro/RJ/Brasil,Cartao de Credito,Entregue
TRX0004366,PED002332,2025-09-01,CLI00339,Tapete de Yoga,Esporte,148.80,1,Rio de Janeiro/RJ/Brasil,Cartao de Credito,Entregue
TRX0004367,PED002332,2025-09-01,CLI00339,Calca Jeans Reta,Moda,"R$ 197,75",2,Rio de Janeiro/RJ/Brasil,Cartao de Credito,ENTREGUE
TRX0004368,PED002332,01/09/2025,CLI00339,Hub USB-C,Acessorios,136.62,2,Rio de Janeiro/RJ/Brasil,Cartao de Credito,Entregue
TRX0004369,PED002333,2025-09-05,CLI00596,Teclado Mecanico,Acessorios,"R$ 344,71",1,Rio de Janeiro/RJ/Brasil,Pix,Entregue
TRX0004370,PED002334,2025-09-16,CLI00259,Hub USB-C,Acessorios,"R$ 124,23",1,Campinas/SP/Brasil,Cartao de Credito,Entregue
TRX0004371,PED002334,16/09/2025,CLI00259,Smartphone X200,Eletronicos,2108.92,1,Campinas/SP/Brasil,Cartao de Credito,entregue
TRX0004372,PED002334,16/09/2025,CLI00259,Luminaria de Mesa,Casa,134.03,0,Campinas/SP/Brasil,Cartao de Credito,Entregue
TRX0004373,PED002335,,CLI00191,Jogo de Panelas,Casa,"381,30",1,Sao Paulo/SP/Brasil,Cartao de Credito,Entregue
TRX0004374,PED002335,2025-09-17,CLI00191,Livro Dados em Acao,Livros,86.67,1,Sao Paulo/SP/Brasil,Cartao de Credito,Entregue
TRX0004375,PED002336,2025-09-17,CLI00294,Vestido Midi,MODA,"R$ 226,34",1,Sao Paulo/SP/Brasil,Boleto,Entregue
TRX0004376,PED002337,25/09/2025,CLI00385,Smart TV 50,Eletronicos,"2.500,65",1,Belo Horizonte/MG/Brasil,Pix,Entregue
TRX0004377,PED002338,19/09/2025,CLI00482,Jaqueta Corta Vento,Moda,"R$ 260,25",2,Fortaleza/CE/Brasil,Pix,Extraviado
TRX0004378,PED002339,07/09/2025,CLI00582,Hub USB-C,Acessorios,"R$ 127,20",1,Belo Horizonte/MG/Brasil,Cartao de Debito,Cancelado
TRX0004379,PED002340,2025-09-26,CLI00628,Aspirador Robo,Casa,"1.512,32",1,Sao Paulo/SP/Brasil,Pix,Entregue
TRX0004380,PED002340,,CLI00628,Vestido Midi,Moda,214.83,1,Sao Paulo/SP/Brasil,Pix,Entregue
TRX0004381,PED002341,22-09-2025,CLI00301,Camisa Social Slim,Moda,160.02,1,Sao Paulo/SP/Brasil,Pix,Entregue
TRX0004382,PED002341,22-09-2025,CLI00301,Camiseta Dry Fit,Esporte,"83,54",1,Sao Paulo/SP/Brasil,Pix,Entregue
TRX0004383,PED002341,22/09/2025,CLI00301,Liquidificador Potente,casa,"R$ 225,02",1,Sao Paulo/SP/Brasil,Pix,Entregue
TRX0004384,PED002341,,CLI00301,Mouse Sem Fio,Acessorios,"90,54",1,Sao Paulo/SP/Brasil,Pix,Entregue
TRX0004385,PED002342,12/09/2025,CLI00435,Liquidificador Potente,Casa,"232,49",2,Salvador/BA/Brasil,Cartao de Credito,Entregue
TRX0004386,PED002342,2025-09-12,CLI00435,Calca Jeans Reta,Moda,"196,19",1,Salvador/BA/Brasil,Cartao de Credito,Entregue
TRX0004387,PED002343,29/09/2025,CLI00179,Headset Gamer,Acessorios,248.63,1,Sao Paulo/SP/Brasil,Cartao de Credito,Enviado
TRX0004388,PED002344,2025-09-22,CLI00492,Teclado Mecanico,Acessorios,351.81,3,Rio de Janeiro/RJ/Brasil,Cartao de Credito,Cancelado
TRX0004389,PED002344,2025-09-22,CLI00492,Liquidificador Potente,Casa,221.90,3,Rio de Janeiro/RJ/Brasil,Cartao de Credito,Cancelado
TRX0004390,PED002345,15/09/2025,CLI00011,Headset Gamer,acessorios,259.76,1,Sao Paulo/SP/Brasil,Boleto,Devolvido
TRX0004391,PED002345,2025-09-15,CLI00011,Cafeteira Eletrica,Casa,308.50,1,Sao Paulo/SP/Brasil,Boleto,Devolvido
TRX0004392,PED002346,04/09/2025,CLI00021,Vestido Midi,Moda,"208,06",1,Uberlandia/MG/Brasil,Boleto,Entregue
TRX0004393,PED002347,03/09/2025,CLI00169,Capa para Smartphone,Acessorios,48.98,1,Porto Alegre/RS/Brasil,Cartao de Debito,Entregue
TRX0004394,PED002348,2025-09-09,CLI00433,Mochila para Notebook,Acessorios,186.65,1,Uberlandia/MG/Brasil,Boleto,Enviado
TRX0004395,PED002348,09/09/2025,CLI00433,Aspirador Robo,Casa,"R$ 1.635,53",1,Uberlandia/MG/Brasil,Boleto,Enviado
TRX0004396,PED002348,09-09-2025,CLI00433,Camisa Social Slim,Moda,"R$ 155,63",2,Uberlandia/MG/Brasil,Boleto,Enviado
TRX0004397,PED002349,07/09/2025,CLI00073,Capa para Smartphone,Acessorios,"R$ 48,57",1,Recife/PE/Brasil,Cartao de Credito,Entregue
TRX0004398,PED002349,07-09-2025,CLI00073,Aspirador Robo,Casa,"1.632,97",2,Recife/PE/Brasil,Cartao de Credito,Entregue
TRX0004399,PED002349,07-09-2025,CLI00073,Camisa Social Slim,Moda,154.03,2,Recife/PE/Brasil,Cartao de Credito,Entregue
TRX0004400,PED002350,2025-09-25,CLI00179,Hub USB-C,Acessorios,"131,86",1,Sao Paulo/SP/Brasil,Pix,Entregue
TRX0004401,PED002351,07/09/2025,CLI00291,Halteres 10kg,Esporte,"185,07",0,Rio de Janeiro/RJ/Brasil,Cartao de Credito,Entregue
TRX0004402,PED002352,2025-09-07,CLI00547,Notebook Ultrafino,ELETRONICOS,3358.56,1,Sao Paulo/SP/Brasil,Cartao de Debito,Entregue
TRX0004403,PED002352,07/09/2025,CLI00547,Mouse Sem Fio,acessorios,"946,30",1,Sao Paulo/SP/Brasil,Cartao de Debito,Entregue
TRX0004404,PED002352,2025-09-07,CLI00547,Aspirador Robo,Casa,"1.691,22",2,Sao Paulo/SP/Brasil,Cartao de Debito,Entregue
TRX0004405,PED002353,2025-09-28,CLI00100,Carregador Turbo,Acessorios,97.19,1,Brasilia/DF/Brasil,Pix,Entregue
TRX0004406,PED002353,28/09/2025,CLI00100,Smartphone X200,Eletronicos,2128.87,4,Brasilia/DF/Brasil,Pix,Entregue
TRX0004407,PED002354,09-09-2025,CLI00605,Jaqueta Corta Vento,moda,"R$ 272,31",1,Belo Horizonte/MG/Brasil,Boleto,Devolvido
TRX0004408,PED002354,2025-09-09,CLI00605,Carregador Turbo,Acessorios,"102,93",1,Belo Horizonte/MG/Brasil,Boleto,Devolvido
TRX0004409,PED002354,2025-09-09,CLI00605,Headset Gamer,Acessorios,262.33,1,Belo Horizonte/MG/Brasil,Boleto,Devolvido
TRX0004410,PED002355,2025-09-28,CLI00036,Tenis Corrida Leve,Esporte,"R$ 355,12",1,Uberlandia/MG/Brasil,Cartao de Debito,Entregue
TRX0004411,PED002355,28/09/2025,CLI00036,Garrafa Termica,Esporte,"126,22",1,Uberlandia/MG/Brasil,Cartao de Debito,Entregue
TRX0004412,PED002355,28/09/2025,CLI00036,Aspirador Robo,CASA,1543.82,1,Uberlandia/MG/Brasil,Cartao de Debito,Entregue
TRX0004413,PED002356,2025-09-10,CLI00542,Mochila para Notebook,acessorios,180.11,2,Curitiba/PR/Brasil,Boleto,Entregue
TRX0004243,PED002263,05/09/2025,CLI00074,Liquidificador Potente,Casa,"230,92",1,Sao Paulo/SP/Brasil,Pix,Entregue
TRX0004414,PED002357,2025-09-19,CLI00536,Teclado Mecanico,Acessorios,358.06,1,Florianopolis/SC/Brasil,Pix,Entregue
TRX0004415,PED002357,2025-09-19,CLI00536,Aspirador Robo,Casa,1551.03,3,Florianopolis/SC/Brasil,Pix,Entregue
TRX0004416,PED002357,19-09-2025,CLI00536,Livro Dados em Acao,Livros,"89,49",2,Florianopolis/SC/Brasil,Pix,Entregue
TRX0004417,PED002358,20-09-2025,CLI00577,Livro SQL Essencial,Livros,83.59,4,Rio de Janeiro/RJ/Brasil,Cartao de Debito,ENTREGUE
TRX0004418,PED002359,24/09/2025,CLI00541,Tablet 10,Eletronicos,"R$ 1.372,96",1,Sao Paulo/SP/Brasil,Cartao de Credito,Entregue
TRX0004419,PED002359,2025-09-24,CLI00541,Hub USB-C,Acessorios,"R$ 124,80",1,Sao Paulo/SP/Brasil,Cartao de Credito,Entregue
TRX0004420,PED002359,2025-09-24,CLI00541,Luminaria de Mesa,Casa,"R$ 149,14",2,Sao Paulo/SP/Brasil,Cartao de Credito,Entregue
TRX0004421,PED002360,2025-09-07,CLI00567,Cafeteira Eletrica,Casa,"R$ 297,35",2,Belo Horizonte/MG/Brasil,Boleto,Entregue
TRX0004422,PED002360,07-09-2025,CLI00567,Liquidificador Potente,CASA,"R$ 210,85",1,Belo Horizonte/MG/Brasil,Boleto,Entregue
TRX0004423,PED002361,2025-09-23,CLI00259,Smart TV 50,Eletronicos,"2.516,92",2,Campinas/SP/Brasil,Pix,Entregue
TRX0004424,PED002361,2025-09-23,CLI00259,Mouse Sem Fio,Acessorios,"86,75",1,Campinas/SP/Brasil,Pix,Entregue
TRX0004425,PED002362,18/09/2025,CLI00386,Tapete de Yoga,ESPORTE,154.17,1,Sao Paulo/SP/Brasil,Boleto,Entregue
TRX0004426,PED002362,2025-09-18,CLI00386,Halteres 10kg,Esporte,"201,80",1,Sao Paulo/SP/Brasil,Boleto,Entregue
TRX0004427,PED002363,2025-09-08,CLI00365,Hub USB-C,Acessorios,127.22,1,Uberlandia/MG/Brasil,Pix,Entregue
TRX0004428,PED002364,2025-09-12,CLI00221,Garrafa Termica,Esporte,116.57,1,Curitiba/PR/Brasil,Cartao de Credito,Entregue
TRX0004429,PED002364,2025-09-12,CLI00221,Halteres 10kg,Esporte,184.12,1,Curitiba/PR/Brasil,Cartao de Credito,Entregue
TRX0004430,PED002364,12/09/2025,CLI00221,Carregador Turbo,Acessorios,"R$ 106,69",1,Curitiba/PR/Brasil,Cartao de Credito,Entregue
TRX0004431,PED002364,2025-09-12,CLI00221,Headset Gamer,acessorios,"260,49",0,Curitiba/PR/Brasil,Cartao de Credito,Entregue
TRX0004432,PED002365,2025-09-25,CLI00449,Camiseta Dry Fit,Esporte,82.59,2,Rio de Janeiro/RJ/Brasil,Pix,Entregue
TRX0004433,PED002366,25/09/2025,CLI00270,Hub USB-C,Acessorios,132.88,1,Fortaleza/CE/Brasil,Cartao de Credito,Processando
TRX0004434,PED002366,2025-09-25,CLI00270,Garrafa Termica,Esporte,"R$ 123,48",1,Fortaleza/CE/Brasil,Cartao de Credito,Processando
TRX0004435,PED002367,30-09-2025,CLI00547,Halteres 10kg,Esporte,194.00,2,Sao Paulo/SP/Brasil,Cartao de Credito,Enviado
TRX0004436,PED002367,2025-09-30,CLI00547,Aspirador Robo,Casa,"R$ 1.662,97",1,Sao Paulo/SP/Brasil,Cartao de Credito,Enviado
TRX0004437,PED002367,2025-09-30,CLI00547,Hub USB-C,Acessorios,"R$ 138,15",2,Sao Paulo/SP/Brasil,Cartao de Credito,enviado
TRX0004438,PED002368,27/09/2025,CLI00449,Livro Historia do Brasil,livros,"66,45",1,Rio de Janeiro/RJ/Brasil,Pix,Entregue
TRX0004439,PED002368,27/09/2025,CLI00449,Capa para Smartphone,Acessorios,"52,34",1,Rio de Janeiro/RJ/Brasil,Pix,Entregue
TRX0004440,PED002369,2025-09-20,CLI00417,Liquidificador Potente,Casa,"224,86",1,Sao Paulo/SP/Brasil,Cartao de Debito,Entregue
TRX0004441,PED002369,2025-09-20,CLI00417,Jogo de Panelas,CASA,399.08,1,Sao Paulo/SP/Brasil,Cartao de Debito,Entregue
TRX0004442,PED002369,2025-09-20,CLI00417,Aspirador Robo,Casa,1613.59,1,Sao Paulo/SP/Brasil,Cartao de Debito,Entregue
TRX0004443,PED002369,2025-09-20,CLI00417,Vestido Midi,MODA,"219,79",3,Sao Paulo/SP/Brasil,Cartao de Debito,Entregue
TRX0004444,PED002370,12/09/2025,CLI00179,Livro SQL Essencial,Livros,"81,13",1,Sao Paulo/SP/Brasil,Cartao de Credito,Entregue
TRX0004445,PED002370,2025-09-12,CLI00179,Notebook Ultrafino,Eletronicos,"R$ 3.386,67",2,Sao Paulo/SP/Brasil,Cartao de Credito,ENTREGUE
TRX0004446,PED002370,12/09/2025,CLI00179,Jogo de Panelas,Casa,418.89,2,Sao Paulo/SP/Brasil,Cartao de Credito,Entregue
TRX0004447,PED002370,12/09/2025,CLI00179,Jaqueta Corta Vento,Moda,"R$ 264,23",1,Sao Paulo/SP/Brasil,Cartao de Credito,Entregue
TRX0004448,PED002371,02-09-2025,CLI00148,Jaqueta Corta Vento,Moda,"R$ 256,40",1,Fortaleza/CE/Brasil,Boleto,Entregue
TRX0004449,PED002371,2025-09-02,CLI00148,Garrafa Termica,Esporte,"R$ 118,94",2,Fortaleza/CE/Brasil,Boleto,Entregue
TRX0004450,PED002372,2025-09-19,CLI00305,Mouse Sem Fio,ACESSORIOS,"91,07",1,Campinas/SP/Brasil,Pix,Entregue
TRX0004451,PED002373,14-09-2025,CLI00191,Aspirador Robo,Casa,"1.711,84",2,Sao Paulo/SP/Brasil,Boleto,ENTREGUE
TRX0004452,PED002374,2025-09-25,CLI00038,Jogo de Panelas,Casa,"427,54",1,Campinas/SP/Brasil,Pix,Entregue
TRX0004453,PED002375,2025-09-11,CLI00091,Livro Historia do Brasil,Livros,"R$ 69,71",3,Sao Paulo/SP/Brasil,Cartao de Debito,Entregue
TRX0004454,PED002375,2025-09-11,CLI00091,Jogo de Panelas,Casa,"R$ 397,03",2,Sao Paulo/SP/Brasil,Cartao de Debito,Entregue
TRX0004455,PED002375,2025-09-11,CLI00091,Liquidificador Potente,Casa,"215,12",1,Sao Paulo/SP/Brasil,Cartao de Debito,Entregue
TRX0004456,PED002375,2025-09-11,CLI00091,Notebook Gamer,Eletronicos,"R$ 5.087,88",1,Sao Paulo/SP/Brasil,Cartao de Debito,Entregue
TRX0004457,PED002376,2025-09-04,CLI00352,Headset Gamer,Acessorios,"252,61",1,Sao Paulo/SP/Brasil,Cartao de Credito,Entregue
TRX0004458,PED002376,04/09/2025,CLI00352,Carregador Turbo,Acessorios,"R$ 98,92",2,Sao Paulo/SP/Brasil,Cartao de Credito,Entregue
TRX0004459,PED002377,10/09/2025,CLI00547,Tablet 10,Eletronicos,"R$ 1.339,91",1,Sao Paulo/SP/Brasil,Cartao de Debito,Entregue
TRX0004460,PED002378,2025-09-23,CLI00034,Headset Gamer,Acessorios,269.05,1,Sao Paulo/SP/Brasil,Cartao de Credito,Entregue
TRX0004461,PED002378,2025-09-23,CLI00034,Luminaria de Mesa,Casa,"149,12",1,Sao Paulo/SP/Brasil,Cartao de Credito,Entregue
TRX0004462,PED002379,2025-09-06,CLI00218,Tablet 10,Eletronicos,"R$ 1.321,01",2,Curitiba/PR/Brasil,Cartao de Debito,Entregue
TRX0004463,PED002380,2025-09-01,CLI00577,Camisa Social Slim,moda,"R$ 171,62",1,Rio de Janeiro/RJ/Brasil,Pix,Entregue
TRX0004464,PED002380,2025-09-01,CLI00577,Luminaria de Mesa,Casa,"136,98",1,Rio de Janeiro/RJ/Brasil,Pix,Entregue
TRX0004465,PED002381,2025-09-27,CLI00329,Livro Historia do Brasil,livros,75.12,1,Recife/PE/Brasil,Pix,Entregue
TRX0004466,PED002382,12/09/2025,CLI00221,Livro Dados em Acao,Livros,"R$ 90,61",1,Curitiba/PR/Brasil,Pix,ENTREGUE
TRX0004467,PED002382,2025-09-12,CLI00221,Camisa Social Slim,Moda,155.38,1,Curitiba/PR/Brasil,Pix,Entregue
TRX0004468,PED002383,03-09-2025,CLI00126,Halteres 10kg,Esporte,"R$ 190,09",2,Curitiba/PR/Brasil,Pix,Entregue
TRX0004469,PED002383,03-09-2025,CLI00126,Vestido Midi,Moda,"R$ 222,24",2,Curitiba/PR/Brasil,Pix,Entregue
TRX0004470,PED002384,17/09/2025,CLI00149,Garrafa Termica,Esporte,115.37,1,Curitiba/PR/Brasil,Pix,Entregue
TRX0004471,PED002384,2025-09-17,CLI00149,Camiseta Dry Fit,Esporte,"84,55",1,Curitiba/PR/Brasil,Pix,Entregue
TRX0004472,PED002384,17/09/2025,CLI00149,Aspirador Robo,Casa,"R$ 1.601,07",1,Curitiba/PR/Brasil,Pix,Entregue
TRX0004473,PED002384,17/09/2025,CLI00149,Livro Historia do Brasil,Livros,74.84,1,Curitiba/PR/Brasil,Pix,Entregue
TRX0004474,PED002385,2025-09-22,CLI00223,Mochila para Notebook,Acessorios,"173,64",1,Sao Paulo/SP/Brasil,Pix,enviado
TRX0004475,PED002385,22/09/2025,CLI00223,Jogo de Panelas,casa,394.20,1,Sao Paulo/SP/Brasil,Pix,Extraviado
TRX0004476,PED002385,22/09/2025,CLI00223,Tenis Corrida Leve,Esporte,"R$ 322,31",2,Sao Paulo/SP/Brasil,Pix,Enviado
TRX0004477,PED002386,2025-09-29,CLI00212,Hub USB-C,Acessorios,"R$ 135,39",1,Curitiba/PR/Brasil,Cartao de Credito,Entregue
TRX0004478,PED002387,2025-09-22,CLI00462,Tablet 10,Eletronicos,"1.244,12",1,Goiania/GO/Brasil,Cartao de Credito,Entregue
TRX0004479,PED002387,2025-09-22,CLI00462,Mochila para Notebook,Acessorios,174.19,2,Goiania/GO/Brasil,Cartao de Credito,Entregue
TRX0004480,PED002388,2025-09-23,CLI00547,Jaqueta Corta Vento,Moda,"R$ 257,36",1,Sao Paulo/SP/Brasil,Pix,Entregue
TRX0004481,PED002388,23/09/2025,CLI00547,Teclado Mecanico,Acessorios,"360,56",2,Sao Paulo/SP/Brasil,Pix,Entregue
TRX0004482,PED002389,21-09-2025,CLI00026,Jogo de Panelas,Casa,"R$ 406,14",3,Brasilia/DF/Brasil,Pix,Entregue
TRX0004483,PED002390,28/09/2025,CLI00605,Garrafa Termica,Esporte,122.59,3,Belo Horizonte/MG/Brasil,Cartao de Credito,Entregue
TRX0004484,PED002391,2025-09-04,CLI00480,Livro SQL Essencial,Livros,83.49,1,Porto Alegre/RS/Brasil,Cartao de Debito,Entregue
TRX0004485,PED002391,04/09/2025,CLI00480,Tenis Corrida Leve,Esporte,"R$ 314,16",1,Porto Alegre/RS/Brasil,Cartao de Debito,ENTREGUE
TRX0004486,PED002392,2025-09-03,CLI00173,Vestido Midi,Moda,"R$ 224,92",1,Sao Paulo/SP/Brasil,Cartao de Debito,Cancelado
TRX0004487,PED002393,29-09-2025,CLI00191,Livro SQL Essencial,Livros,78.59,1,Sao Paulo/SP/Brasil,Pix,Entregue
TRX0004488,PED002393,2025-09-29,CLI00191,Monitor 27,Eletronicos,1140.42,1,Sao Paulo/SP/Brasil,Pix,Entregue
TRX0004489,PED002394,09-09-2025,CLI00421,Tenis Corrida Leve,Esporte,"R$ 315,76",2,Porto Alegre/RS/Brasil,Cartao de Credito,Entregue
TRX0004490,PED002394,2025-09-09,CLI00421,Camiseta Dry Fit,Esporte,"R$ 80,86",1,Porto Alegre/RS/Brasil,Cartao de Credito,Entregue
TRX0004491,PED002394,2025-09-09,CLI00421,Livro SQL Essencial,LIVROS,82.53,1,Porto Alegre/RS/Brasil,Cartao de Credito,Entregue
TRX0004492,PED002394,2025-09-09,CLI00421,Garrafa Termica,Esporte,"R$ 122,97",1,Porto Alegre/RS/Brasil,Cartao de Credito,Entregue
TRX0004493,PED002395,2025-09-17,CLI00278,Capa para Smartphone,ACESSORIOS,50.83,1,Rio de Janeiro/RJ/Brasil,Cartao de Credito,Enviado
TRX0004494,PED002396,05/09/2025,CLI00461,Luminaria de Mesa,Casa,"138,52",1,Porto Alegre/RS/Brasil,Pix,Processando
TRX0004495,PED002396,2025-09-05,CLI00461,Mouse Sem Fio,Acessorios,94.06,2,Porto Alegre/RS/Brasil,Pix,Processando
TRX0004496,PED002397,09/09/2025,CLI00366,Camisa Social Slim,Moda,"R$ 163,56",3,Porto Alegre/RS/Brasil,Pix,Entregue
TRX0004497,PED002397,2025-09-09,CLI00366,Jaqueta Corta Vento,Moda,"288,80",2,Porto Alegre/RS/Brasil,Pix,Entregue
TRX0004498,PED002397,2025-09-09,CLI00366,Mochila para Notebook,Acessorios,184.47,1,Porto Alegre/RS/Brasil,Pix,Entregue
TRX0004499,PED002398,22/09/2025,CLI00435,Luminaria de Mesa,Casa,149.78,1,Salvador/BA/Brasil,Boleto,Enviado
TRX0004500,PED002398,2025-09-22,CLI00435,Mouse Sem Fio,Acessorios,89.78,1,Salvador/BA/Brasil,Boleto,Enviado
TRX0004501,PED002399,2025-09-26,CLI00223,Garrafa Termica,Esporte,"125,84",3,Sao Paulo/SP/Brasil,Cartao de Credito,Entregue
TRX0004502,PED002399,2025-09-26,CLI00223,Headset Gamer,Acessórios,"R$ 250,18",1,Sao Paulo/SP/Brasil,Cartao de Credito,Entregue
TRX0004503,PED002400,2025-09-08,CLI00421,Liquidificador Potente,Casa,224.22,1,Porto Alegre/RS/Brasil,Cartao de Credito,Entregue
TRX0004504,PED002401,12-09-2025,CLI00278,Camiseta Dry Fit,esporte,"R$ 79,88",3,Rio de Janeiro/RJ/Brasil,Cartao de Credito,Entregue
TRX0004505,PED002402,2025-09-28,CLI00062,Calca Jeans Reta,Moda,"182,14",2,Curitiba/PR/Brasil,Cartao de Debito,Entregue
TRX0004506,PED002403,2025-09-26,CLI00694,Teclado Mecanico,acessorios,"R$ 350,26",4,Curitiba/PR/Brasil,Cartao de Credito,Entregue
TRX0004507,PED002403,2025-09-26,CLI00694,Notebook Gamer,Eletronicos,"R$ 5.064,02",1,Curitiba/PR/Brasil,Cartao de Credito,Entregue
TRX0004508,PED002403,2025-09-26,CLI00694,Headset Gamer,Acessórios,277.92,1,Curitiba/PR/Brasil,Cartao de Credito,Entregue
TRX0004509,PED002403,26/09/2025,CLI00694,Tablet 10,Eletronicos,1349.85,1,Curitiba/PR/Brasil,Cartao de Credito,Entregue
TRX0004510,PED002404,02/09/2025,CLI00207,Cafeteira Eletrica,Casa,"292,96",1,Recife/PE/Brasil,Pix,Entregue
TRX0004511,PED002405,2025-09-30,CLI00541,Teclado Mecanico,Acessórios,"341,10",1,Sao Paulo/SP/Brasil,Cartao de Credito,Devolvido
TRX0004512,PED002406,03/09/2025,CLI00179,Garrafa Termica,Esporte,"R$ 117,11",1,Sao Paulo/SP/Brasil,Cartao de Credito,Entregue
TRX0004513,PED002406,2025-09-03,CLI00179,Mochila para Notebook,Acessorios,"R$ 184,65",3,Sao Paulo/SP/Brasil,Cartao de Credito,Entregue
TRX0004514,PED002406,2025-09-03,CLI00179,Camisa Social Slim,Moda,"R$ 152,37",1,Sao Paulo/SP/Brasil,Cartao de Credito,Entregue
TRX0004515,PED002407,2025-09-01,CLI00265,Luminaria de Mesa,Casa,141.24,2,Campinas/SP/Brasil,Pix,Entregue
TRX0004516,PED002408,2025-09-10,CLI00577,Livro Historia do Brasil,Livros,69.85,4,Rio de Janeiro/RJ/Brasil,Cartao de Credito,Entregue
TRX0004517,PED002409,26/09/2025,CLI00025,Garrafa Termica,Esporte,"R$ 123,77",3,Porto Alegre/RS/Brasil,Cartao de Debito,Entregue
TRX0004518,PED002409,2025-09-26,CLI00025,Luminaria de Mesa,Casa,144.67,2,Porto Alegre/RS/Brasil,Cartao de Debito,Entregue
TRX0004519,PED002410,06-09-2025,CLI00624,Tapete de Yoga,Esporte,"R$ 153,42",2,Sao Paulo/SP/Brasil,Pix,Entregue
TRX0004520,PED002410,2025-09-06,CLI00624,Halteres 10kg,Esporte,"199,98",1,Sao Paulo/SP/Brasil,Pix,Entregue
TRX0004521,PED002411,04-09-2025,CLI00301,Livro Dados em Acao,Livros,"R$ 86,77",1,Sao Paulo/SP/Brasil,Pix,Entregue
TRX0004522,PED002412,26/09/2025,CLI00473,Liquidificador Potente,casa,218.86,1,Campinas/SP/Brasil,Cartao de Credito,Entregue
TRX0004523,PED002412,2025-09-26,CLI00473,Hub USB-C,Acessorios,"137,28",1,Campinas/SP/Brasil,Cartao de Credito,Entregue
TRX0004524,PED002413,2025-09-08,CLI00634,Headset Gamer,Acessorios,276.07,2,Brasilia/DF/Brasil,Cartao de Credito,Entregue
TRX0004525,PED002413,08/09/2025,CLI00634,Notebook Gamer,Eletrônicos,4851.40,1,Brasilia/DF/Brasil,Cartao de Credito,Entregue
TRX0004526,PED002414,14/09/2025,CLI00519,Livro Historia do Brasil,livros,66.78,1,Brasilia/DF/Brasil,Pix,Entregue
TRX0004527,PED002414,2025-09-14,CLI00519,Halteres 10kg,Esporte,195.38,1,Brasilia/DF/Brasil,Pix,entregue
TRX0004528,PED002414,2025-09-14,CLI00519,Hub USB-C,Acessorios,"R$ 127,89",1,Brasilia/DF/Brasil,Pix,Entregue
TRX0004529,PED002415,2025-09-07,CLI00014,Smart TV 50,Eletronicos,"R$ 2.795,41",1,Curitiba/PR/Brasil,Pix,Entregue
TRX0004530,PED002415,2025-09-07,CLI00014,Livro Dados em Acao,Livros,95.91,4,Curitiba/PR/Brasil,Pix,ENTREGUE
TRX0004531,PED002415,2025-09-07,CLI00014,Livro Historia do Brasil,Livros,67.72,1,Curitiba/PR/Brasil,Pix,Entregue
TRX0004532,PED002416,11/09/2025,CLI00173,Tenis Corrida Leve,Esporte,338.38,2,Sao Paulo/SP/Brasil,Pix,Devolvido
TRX0004533,PED002417,2025-09-09,CLI00339,Tablet 10,Eletronicos,1228.87,3,Rio de Janeiro/RJ/Brasil,Cartao de Credito,Entregue
TRX0004534,PED002418,2025-09-04,CLI00014,Tenis Corrida Leve,Esporte,"353,59",1,Curitiba/PR/Brasil,Boleto,Entregue
TRX0004535,PED002419,2025-09-08,CLI00291,Carregador Turbo,Acessorios,103.37,1,Rio de Janeiro/RJ/Brasil,Pix,Enviado
TRX0004536,PED002419,08-09-2025,CLI00291,Smart TV 50,Eletronicos,2671.47,1,Rio de Janeiro/RJ/Brasil,Pix,Enviado
TRX0004537,PED002420,23-09-2025,CLI00577,Tapete de Yoga,Esporte,"R$ 142,71",1,Rio de Janeiro/RJ/Brasil,Pix,Entregue
TRX0004538,PED002420,2025-09-23,CLI00577,Halteres 10kg,Esporte,"R$ 189,19",1,Rio de Janeiro/RJ/Brasil,Pix,entregue
TRX0004539,PED002421,2025-09-02,CLI00021,Headset Gamer,Acessorios,"R$ 247,18",4,Uberlandia/MG/Brasil,Cartao de Credito,Entregue
TRX0004540,PED002422,2025-09-18,CLI00684,Camiseta Dry Fit,Esporte,81.48,1,Sao Paulo/SP/Brasil,Cartao de Credito,ENTREGUE
TRX0004541,PED002423,09/09/2025,CLI00359,Headset Gamer,Acessorios,"R$ 264,17",1,Sao Paulo/SP/Brasil,Pix,Entregue
TRX0004542,PED002424,2025-09-07,CLI00204,Notebook Ultrafino,Eletronicos,3598.86,1,Niteroi/RJ/Brasil,Pix,Entregue
TRX0004543,PED002424,07/09/2025,CLI00204,Liquidificador Potente,Casa,"236,51",4,Niteroi/RJ/Brasil,Pix,Entregue
TRX0004544,PED002425,20-09-2025,CLI00037,Livro Dados em Acao,Livros,"R$ 87,22",2,Sao Paulo/SP/Brasil,Boleto,Cancelado
TRX0004545,PED002426,2025-09-05,CLI00339,Capa para Smartphone,Acessorios,49.98,4,Rio de Janeiro/RJ/Brasil,Cartao de Credito,Entregue
TRX0004546,PED002427,2025-09-22,CLI00577,Headset Gamer,Acessorios,"R$ 252,09",1,Rio de Janeiro/RJ/Brasil,Cartao de Credito,Enviado
TRX0004547,PED002428,24/09/2025,CLI00600,Camiseta Dry Fit,Esporte,"81,19",1,Fortaleza/CE/Brasil,Boleto,Enviado
TRX0004548,PED002429,2025-09-09,CLI00421,Jaqueta Corta Vento,Moda,269.80,2,Porto Alegre/RS/Brasil,Cartao de Debito,Entregue
TRX0004549,PED002429,09/09/2025,CLI00421,Tenis Corrida Leve,Esporte,"353,68",1,Porto Alegre/RS/Brasil,Cartao de Debito,Entregue
TRX0004550,PED002429,09/09/2025,CLI00421,Halteres 10kg,Esporte,"R$ 194,37",1,Porto Alegre/RS/Brasil,Cartao de Debito,Entregue
TRX0004551,PED002429,09/09/2025,CLI00421,Vestido Midi,Moda,212.69,2,Porto Alegre/RS/Brasil,Cartao de Debito,entregue
TRX0004552,PED002430,27/09/2025,CLI00647,Headset Gamer,Acessorios,253.72,1,Recife/PE/Brasil,Pix,entregue
TRX0004553,PED002431,2025-09-09,CLI00236,Livro SQL Essencial,LIVROS,"R$ 81,95",2,Sao Paulo/SP/Brasil,Cartao de Credito,Entregue
TRX0004554,PED002431,2025-09-09,CLI00236,Teclado Mecanico,Acessorios,357.81,2,Sao Paulo/SP/Brasil,Cartao de Credito,ENTREGUE
TRX0004555,PED002432,2025-09-03,CLI00369,Mouse Sem Fio,Acessorios,"R$ 90,84",1,Uberlandia/MG/Brasil,Cartao de Debito,Processando
TRX0004556,PED002433,09/09/2025,CLI00551,Vestido Midi,Moda,217.68,1,Belo Horizonte/MG/Brasil,Cartao de Credito,Cancelado
TRX0004557,PED002433,09/09/2025,CLI00551,Livro SQL Essencial,Livros,"R$ 76,19",1,Belo Horizonte/MG/Brasil,Cartao de Credito,CANCELADO
TRX0004558,PED002434,2025-10-14,CLI00341,Tapete de Yoga,Esporte,"R$ 150,45",1,Sao Paulo/SP/Brasil,Pix,Entregue
TRX0004559,PED002434,2025-10-14,CLI00341,Garrafa Termica,Esporte,118.84,1,Sao Paulo/SP/Brasil,Pix,Entregue
TRX0004560,PED002435,2025-10-28,CLI00259,Tablet 10,Eletronicos,1346.06,1,Campinas/SP/Brasil,Pix,Entregue
TRX0004561,PED002435,28/10/2025,CLI00259,Carregador Turbo,Acessorios,103.75,1,Campinas/SP/Brasil,Pix,Entregue
TRX0004562,PED002436,2025-10-26,CLI00160,Teclado Mecanico,Acessorios,"R$ 336,50",1,Brasilia/DF/Brasil,Cartao de Credito,Entregue
TRX0004563,PED002436,26-10-2025,CLI00160,Hub USB-C,Acessorios,130.36,2,Brasilia/DF/Brasil,Cartao de Credito,Entregue
TRX0004564,PED002436,2025-10-26,CLI00160,Luminaria de Mesa,casa,"R$ 135,72",1,Brasilia/DF/Brasil,Cartao de Credito,Entregue
TRX0004565,PED002436,2025-10-26,CLI00160,Smart TV 50,Eletronicos,"2.711,90",2,Brasilia/DF/Brasil,Cartao de Credito,Entregue
TRX0004566,PED002437,25-10-2025,CLI00301,Headset Gamer,Acessorios,gratis,2,Sao Paulo/SP/Brasil,Pix,Entregue
TRX0004567,PED002438,06/10/2025,CLI00637,Luminaria de Mesa,CASA,135.13,1,Porto Alegre/RS/Brasil,Pix,Enviado
TRX0004568,PED002439,2025-10-07,CLI00339,Notebook Gamer,Eletronicos,4839.17,3,Rio de Janeiro/RJ/Brasil,Pix,Devolvido
TRX0004569,PED002440,22/10/2025,CLI00059,Notebook Gamer,Eletronicos,"5.149,55",3,Santos/SP/Brasil,Cartao de Debito,ENTREGUE
TRX0004570,PED002440,22-10-2025,CLI00059,Vestido Midi,Moda,"213,30",1,Santos/SP/Brasil,Cartao de Debito,Entregue
TRX0004571,PED002440,22-10-2025,CLI00059,Carregador Turbo,Acessorios,"R$ 95,73",1,Santos/SP/Brasil,Cartao de Debito,Entregue
TRX0004572,PED002441,2025-10-06,CLI00590,Jogo de Panelas,Casa,"R$ 424,78",3,Fortaleza/CE/Brasil,Pix,Entregue
TRX0004573,PED002441,2025-10-06,CLI00590,Hub USB-C,ACESSORIOS,"R$ 130,75",1,Fortaleza/CE/Brasil,Pix,Entregue
TRX0004574,PED002441,2025-10-06,CLI00590,Livro Dados em Acao,Livros,"R$ 85,06",1,Fortaleza/CE/Brasil,Pix,Entregue
TRX0004575,PED002441,2025-10-06,CLI00590,Tablet 10,Eletronicos,1366.36,1,Fortaleza/CE/Brasil,Pix,Entregue
TRX0004576,PED002442,25/10/2025,CLI00035,Cafeteira Eletrica,casa,"R$ 274,74",1,Florianopolis/SC/Brasil,Cartao de Credito,Entregue
TRX0004577,PED002442,25-10-2025,CLI00035,Smart TV 50,Eletronicos,"2.780,87",1,Florianopolis/SC/Brasil,Cartao de Credito,Entregue
TRX0004578,PED002443,2025-10-31,CLI00612,Vestido Midi,MODA,210.73,1,Salvador/BA/Brasil,Boleto,Entregue
TRX0004579,PED002443,31-10-2025,CLI00612,Tablet 10,Eletronicos,"R$ 1.339,36",1,Salvador/BA/Brasil,Boleto,Entregue
TRX0004580,PED002443,2025-10-31,CLI00612,Tenis Corrida Leve,ESPORTE,342.23,2,Salvador/BA/Brasil,Boleto,Entregue
TRX0004581,PED002444,29/10/2025,CLI00339,Livro Historia do Brasil,LIVROS,"R$ 72,07",1,Rio de Janeiro/RJ/Brasil,Pix,Entregue
TRX0004582,PED002444,29/10/2025,CLI00339,Camisa Social Slim,moda,"157,62",2,Rio de Janeiro/RJ/Brasil,Pix,Entregue
TRX0004583,PED002444,2025-10-29,CLI00339,Notebook Gamer,eletronicos,4889.19,1,Rio de Janeiro/RJ/Brasil,Pix,Entregue
TRX0004584,PED002445,2025-10-27,CLI00537,Aspirador Robo,Casa,"R$ 1.680,53",1,Uberlandia/MG/Brasil,Cartao de Credito,Entregue
TRX0004585,PED002446,28-10-2025,CLI00409,Aspirador Robo,casa,"1.583,20",1,Belo Horizonte/MG/Brasil,Boleto,Entregue
TRX0004586,PED002446,2025-10-28,CLI00409,Camisa Social Slim,moda,"151,29",1,Belo Horizonte/MG/Brasil,Boleto,Entregue
TRX0004587,PED002447,13/10/2025,CLI00327,Vestido Midi,Moda,"215,35",2,Sao Paulo/SP/Brasil,Cartao de Credito,Entregue
TRX0004588,PED002447,13-10-2025,CLI00327,Camisa Social Slim,Moda,160.57,1,Sao Paulo/SP/Brasil,Cartao de Credito,Entregue
TRX0004589,PED002447,2025-10-13,CLI00327,Headset Gamer,Acessorios,"258,87",1,Sao Paulo/SP/Brasil,Cartao de Credito,Entregue
TRX0004590,PED002447,13/10/2025,CLI00327,Jaqueta Corta Vento,Moda,"R$ 262,37",1,Sao Paulo/SP/Brasil,Cartao de Credito,Entregue
TRX0004591,PED002448,2025-10-15,CLI00031,Vestido Midi,Moda,234.32,1,Rio de Janeiro/RJ/Brasil,Boleto,Entregue
TRX0004592,PED002448,2025-10-15,CLI00031,Headset Gamer,Acessorios,252.89,4,Rio de Janeiro/RJ/Brasil,Boleto,Entregue
TRX0004593,PED002448,15/10/2025,CLI00031,Camiseta Dry Fit,Esporte,"79,53",1,Rio de Janeiro/RJ/Brasil,Boleto,Entregue
TRX0004594,PED002449,2025-10-29,CLI00305,Aspirador Robo,Casa,"1.552,51",1,Campinas/SP/Brasil,Boleto,Entregue
TRX0004595,PED002449,29/10/2025,CLI00305,Livro Dados em Acao,Livros,89.40,1,Campinas/SP/Brasil,Boleto,Entregue
TRX0004596,PED002449,2025-10-29,CLI00305,Jaqueta Corta Vento,Moda,279.37,2,Campinas/SP/Brasil,Boleto,Entregue
TRX0004597,PED002449,29/10/2025,CLI00305,Camisa Social Slim,Moda,"R$ 152,62",1,Campinas/SP/Brasil,Boleto,Entregue
TRX0004598,PED002449,2025-10-29,CLI00305,Tablet 10,Eletronicos,1309.65,1,Campinas/SP/Brasil,Boleto,Entregue
TRX0004599,PED002450,2025-10-24,CLI00062,Halteres 10kg,Esporte,200.75,1,Curitiba/PR/Brasil,Pix,Enviado
TRX0004600,PED002450,24/10/2025,CLI00062,Livro Dados em Acao,Livros,86.70,1,Curitiba/PR/Brasil,Pix,Enviado
TRX0004601,PED002451,2025-10-23,CLI00164,Carregador Turbo,Acessorios,"106,20",1,Curitiba/PR/Brasil,Pix,Entregue
TRX0004602,PED002451,23/10/2025,CLI00164,Jaqueta Corta Vento,moda,"R$ 268,28",1,Curitiba/PR/Brasil,Pix,Entregue
TRX0004603,PED002452,2025-10-06,CLI00637,Headset Gamer,ACESSORIOS,"R$ 251,16",1,Porto Alegre/RS/Brasil,Cartao de Credito,Entregue
TRX0004604,PED002453,24/10/2025,CLI00173,Tenis Corrida Leve,Esporte,"R$ 350,65",2,Sao Paulo/SP/Brasil,Pix,Entregue
TRX0004605,PED002454,2025-10-04,CLI00319,Tapete de Yoga,Esporte,"153,52",1,Porto Alegre/RS/Brasil,Cartao de Credito,Cancelado
TRX0004606,PED002454,2025-10-04,CLI00319,Garrafa Termica,Esporte,"R$ 116,97",1,Porto Alegre/RS/Brasil,Cartao de Credito,Cancelado
TRX0004607,PED002454,04/10/2025,CLI00319,Halteres 10kg,Esporte,"188,75",1,Porto Alegre/RS/Brasil,Cartao de Credito,Cancelado
TRX0004608,PED002455,11-10-2025,CLI00222,Mouse Sem Fio,Acessorios,"90,19",2,Belo Horizonte/MG/Brasil,Cartao de Credito,Processando
TRX0004609,PED002455,2025-10-11,CLI00222,Notebook Ultrafino,Eletronicos,"3.709,43",1,Belo Horizonte/MG/Brasil,Cartao de Credito,Processando
TRX0004610,PED002456,06/10/2025,CLI00577,Camiseta Dry Fit,Esporte,83.30,2,Rio de Janeiro/RJ/Brasil,Cartao de Credito,entregue
TRX0004611,PED002456,06/10/2025,CLI00577,Luminaria de Mesa,Casa,"R$ 134,99",1,Rio de Janeiro/RJ/Brasil,Cartao de Credito,Entregue
TRX0004612,PED002456,06/10/2025,CLI00577,Livro SQL Essencial,Livros,"77,36",1,Rio de Janeiro/RJ/Brasil,Cartao de Credito,Entregue
TRX0004613,PED002457,2025-10-04,CLI00029,Headset Gamer,Acessorios,"R$ 257,46",1,Campinas/SP/Brasil,Cartao de Debito,Entregue
TRX0004614,PED002458,07/10/2025,CLI00433,Jogo de Panelas,CASA,415.37,3,Uberlandia/MG/Brasil,Cartao de Credito,Devolvido
TRX0004615,PED002458,2025-10-07,CLI00433,Tenis Corrida Leve,ESPORTE,"R$ 314,45",1,Uberlandia/MG/Brasil,Cartao de Credito,Devolvido
TRX0004616,PED002458,2025-10-07,CLI00433,Capa para Smartphone,Acessorios,52.35,1,Uberlandia/MG/Brasil,Cartao de Credito,Devolvido
TRX0004617,PED002458,07/10/2025,CLI00433,Vestido Midi,Moda,215.64,1,Uberlandia/MG/Brasil,Cartao de Credito,Devolvido
TRX0004618,PED002459,2025-10-07,CLI00014,Mouse Sem Fio,Acessorios,"93,94",1,Curitiba/PR/Brasil,Cartao de Credito,Cancelado
TRX0004619,PED002460,2025-10-06,CLI00261,Camisa Social Slim,Moda,"R$ 162,02",3,Brasilia/DF/Brasil,Cartao de Credito,Entregue
TRX0004620,PED002461,2025-10-25,CLI00191,Tapete de Yoga,Esporte,145.65,2,Sao Paulo/SP/Brasil,Cartao de Credito,Entregue
TRX0004621,PED002462,2025-10-24,CLI00519,Calca Jeans Reta,moda,"195,79",1,Brasilia/DF/Brasil,Pix,Enviado
TRX0004622,PED002462,2025-10-24,CLI00519,Notebook Ultrafino,Eletronicos,"R$ 3.462,54",1,Brasilia/DF/Brasil,Pix,Enviado
TRX0004623,PED002462,24-10-2025,CLI00519,Notebook Gamer,Eletronicos,"R$ 4.876,46",1,Brasilia/DF/Brasil,Pix,ENVIADO
TRX0004624,PED002462,2025-10-24,CLI00519,Camiseta Dry Fit,Esporte,"R$ 83,11",2,Brasilia/DF/Brasil,Pix,Enviado
TRX0004625,PED002463,2025-10-15,CLI00222,Tablet 10,Eletronicos,"R$ 1.281,79",2,Belo Horizonte/MG/Brasil,Cartao de Credito,Entregue
TRX0004626,PED002463,15/10/2025,CLI00222,Luminaria de Mesa,Casa,"146,22",1,Belo Horizonte/MG/Brasil,Cartao de Credito,Entregue
TRX0004627,PED002463,15-10-2025,CLI00222,Liquidificador Potente,Casa,217.79,1,Belo Horizonte/MG/Brasil,Cartao de Credito,Entregue
TRX0004628,PED002464,2025-10-27,CLI00596,Camiseta Dry Fit,Esporte,85.91,1,Rio de Janeiro/RJ/Brasil,Cartao de Credito,Entregue
TRX0004629,PED002464,2025-10-27,CLI00596,Tapete de Yoga,Esporte,"R$ 142,26",1,Rio de Janeiro/RJ/Brasil,Cartao de Credito,Entregue
TRX0004630,PED002465,11-10-2025,CLI00536,Liquidificador Potente,Casa,"R$ 209,30",2,Florianopolis/SC/Brasil,Cartao de Credito,entregue
TRX0004631,PED002465,2025-10-11,CLI00536,Livro SQL Essencial,Livros,81.69,1,Florianopolis/SC/Brasil,Cartao de Credito,Entregue
TRX0004632,PED002466,2025-10-02,CLI00270,Camiseta Dry Fit,Esporte,78.73,1,Fortaleza/CE/Brasil,Cartao de Credito,Processando
TRX0004633,PED002466,02/10/2025,CLI00270,Smart TV 50,Eletronicos,"R$ 2.520,11",2,Fortaleza/CE/Brasil,Cartao de Credito,Processando
TRX0004634,PED002467,2025-10-21,CLI00542,Aspirador Robo,Casa,"1.695,82",1,Curitiba/PR/Brasil,Pix,Entregue
TRX0004635,PED002467,2025-10-21,CLI00542,Jogo de Panelas,CASA,424.23,1,Curitiba/PR/Brasil,Pix,Entregue
TRX0004636,PED002467,21/10/2025,CLI00542,Smartphone X200,Eletronicos,"R$ 2.344,66",1,Curitiba/PR/Brasil,Pix,Entregue
TRX0004637,PED002468,01-10-2025,CLI00641,Calca Jeans Reta,MODA,191.74,1,Fortaleza/CE/Brasil,Boleto,Entregue
TRX0004638,PED002468,01-10-2025,CLI00641,Vestido Midi,Moda,231.48,1,Fortaleza/CE/Brasil,Boleto,Entregue
TRX0004639,PED002469,2025-10-01,CLI00329,Cafeteira Eletrica,Casa,"R$ 300,96",1,Recife/PE/Brasil,Cartao de Credito,Entregue
TRX0004640,PED002470,2025-10-12,CLI00444,Camisa Social Slim,Moda,155.17,1,Belo Horizonte/MG/Brasil,Cartao de Debito,ENTREGUE
TRX0004641,PED002470,2025-10-12,CLI00444,Notebook Gamer,Eletronicos,"R$ 5.196,97",1,Belo Horizonte/MG/Brasil,Cartao de Debito,ENTREGUE
TRX0004642,PED002471,03/10/2025,CLI00339,Hub USB-C,Acessorios,"125,63",1,Rio de Janeiro/RJ/Brasil,Cartao de Credito,Entregue
TRX0004643,PED002471,2025-10-03,CLI00339,Tenis Corrida Leve,Esporte,331.40,1,Rio de Janeiro/RJ/Brasil,Cartao de Credito,Entregue
TRX0004644,PED002471,2025-10-03,CLI00339,Teclado Mecanico,ACESSORIOS,"R$ 337,99",3,Rio de Janeiro/RJ/Brasil,Cartao de Credito,Entregue
TRX0004645,PED002472,2025-10-22,CLI00510,Aspirador Robo,Casa,1618.03,1,Curitiba/PR/Brasil,Cartao de Credito,Entregue
TRX0004646,PED002472,22-10-2025,CLI00510,Halteres 10kg,Esporte,"196,49",1,Curitiba/PR/Brasil,Cartao de Credito,Entregue
TRX0004647,PED002472,22/10/2025,CLI00510,Headset Gamer,Acessorios,"R$ 249,81",1,Curitiba/PR/Brasil,Cartao de Credito,Entregue
TRX0004648,PED002473,2025-10-15,CLI00095,Headset Gamer,Acessorios,"R$ 277,67",1,Belo Horizonte/MG/Brasil,Boleto,Processando
TRX0004649,PED002473,15/10/2025,CLI00095,Teclado Mecanico,Acessorios,334.54,3,Belo Horizonte/MG/Brasil,Boleto,Processando
TRX0004650,PED002474,04-10-2025,CLI00301,Mouse Sem Fio,Acessorios,"R$ 96,04",2,Sao Paulo/SP/Brasil,Cartao de Credito,Entregue
TRX0004651,PED002475,20/10/2025,CLI00021,Mochila para Notebook,Acessorios,"183,80",1,Uberlandia/MG/Brasil,Cartao de Credito,Entregue
TRX0004652,PED002476,2025-10-31,CLI00127,Livro Historia do Brasil,LIVROS,"R$ 69,01",1,Porto Alegre/RS/Brasil,Cartao de Credito,Entregue
TRX0004653,PED002476,2025-10-31,CLI00127,Notebook Gamer,eletronicos,"R$ 4.985,43",1,Porto Alegre/RS/Brasil,Cartao de Credito,Entregue
TRX0004654,PED002477,2025-10-16,CLI00021,Livro SQL Essencial,Livros,76.76,1,Uberlandia/MG/Brasil,Pix,Aguardando pagamento
TRX0004655,PED002478,2025-10-10,CLI00555,Camisa Social Slim,MODA,"165,48",1,Porto Alegre/RS/Brasil,Cartao de Debito,Entregue
TRX0004656,PED002478,2025-10-10,CLI00555,Liquidificador Potente,Casa,"R$ 227,58",2,Porto Alegre/RS/Brasil,Cartao de Debito,Entregue
TRX0004657,PED002479,2025-10-02,CLI00624,Luminaria de Mesa,Casa,"142,03",1,Sao Paulo/SP/Brasil,Pix,Devolvido
TRX0004658,PED002479,02/10/2025,CLI00624,Aspirador Robo,Casa,"R$ 1.657,52",1,Sao Paulo/SP/Brasil,Pix,Devolvido
TRX0004659,PED002480,19/10/2025,CLI00643,Notebook Ultrafino,Eletrônicos,"R$ 3.462,99",2,Sao Paulo/SP/Brasil,Boleto,Entregue
TRX0004660,PED002480,19/10/2025,CLI00643,Hub USB-C,Acessorios,"R$ 136,54",2,Sao Paulo/SP/Brasil,Boleto,Entregue
TRX0004661,PED002480,19/10/2025,CLI00643,Mochila para Notebook,Acessorios,gratis,1,Sao Paulo/SP/Brasil,Boleto,Entregue
TRX0004662,PED002481,2025-10-14,CLI00433,Notebook Gamer,Eletronicos,4991.24,1,Uberlandia/MG/Brasil,Boleto,Entregue
TRX0004663,PED002482,11/10/2025,CLI00567,Capa para Smartphone,Acessorios,"R$ 49,47",1,Belo Horizonte/MG/Brasil,Cartao de Credito,Entregue
TRX0004664,PED002482,2025-10-11,CLI00567,Vestido Midi,Moda,"R$ 215,32",1,Belo Horizonte/MG/Brasil,Cartao de Credito,Entregue
TRX0004665,PED002483,2025-10-31,CLI00142,Monitor 27,Eletronicos,"1.219,14",1,Belo Horizonte/MG/Brasil,Cartao de Credito,Entregue
TRX0004666,PED002484,10/10/2025,CLI00108,Teclado Mecanico,acessorios,"R$ 376,37",1,Goiania/GO/Brasil,Cartao de Credito,Entregue
TRX0004667,PED002484,10/10/2025,CLI00108,Halteres 10kg,Esporte,"R$ 200,30",1,Goiania/GO/Brasil,Cartao de Credito,Entregue
TRX0004668,PED002485,26/10/2025,CLI00293,Luminaria de Mesa,Casa,"139,50",1,Florianopolis/SC/Brasil,Cartao de Credito,Entregue
TRX0004669,PED002486,2025-10-17,CLI00066,Garrafa Termica,Esporte,"R$ 127,33",2,Curitiba/PR/Brasil,Cartao de Credito,Entregue
TRX0004670,PED002486,2025-10-17,CLI00066,Smart TV 50,Eletronicos,2693.57,2,Curitiba/PR/Brasil,Cartao de Credito,Entregue
TRX0004671,PED002486,17/10/2025,CLI00066,Monitor 27,Eletronicos,1126.39,2,Curitiba/PR/Brasil,Cartao de Credito,Entregue
TRX0004672,PED002486,17/10/2025,CLI00066,Mochila para Notebook,Acessorios,"R$ 177,75",3,Curitiba/PR/Brasil,Cartao de Credito,Entregue
TRX0004673,PED002487,2025-10-08,CLI00684,Calca Jeans Reta,Moda,"R$ 195,69",4,Sao Paulo/SP/Brasil,Cartao de Credito,Entregue
TRX0004674,PED002487,2025-10-08,CLI00684,Vestido Midi,Moda,"R$ 221,97",1,Sao Paulo/SP/Brasil,Cartao de Credito,Entregue
TRX0004675,PED002488,2025-10-29,CLI00482,Liquidificador Potente,Casa,231.63,1,Fortaleza/CE/Brasil,Pix,Entregue
TRX0004676,PED002489,07/10/2025,CLI00536,Tenis Corrida Leve,Esporte,327.41,1,Florianopolis/SC/Brasil,Pix,Entregue
TRX0004677,PED002490,2025-10-20,CLI00541,Smart TV 50,eletronicos,2783.15,1,Sao Paulo/SP/Brasil,Cartao de Credito,Enviado
TRX0004678,PED002490,2025-10-20,CLI00541,Capa para Smartphone,Acessorios,"R$ 50,70",1,Sao Paulo/SP/Brasil,Cartao de Credito,Enviado
TRX0004679,PED002491,16/10/2025,CLI00460,Monitor 27,Eletronicos,1151.73,4,Sao Paulo/SP/Brasil,Cartao de Credito,Entregue
TRX0004680,PED002491,2025-10-16,CLI00460,Teclado Mecanico,Acessorios,"R$ 353,60",1,Sao Paulo/SP/Brasil,Cartao de Credito,Entregue
TRX0004681,PED002492,03/10/2025,CLI00641,Calca Jeans Reta,Moda,"182,18",1,Fortaleza/CE/Brasil,Boleto,Entregue
TRX0004682,PED002493,2025-10-02,CLI00062,Tenis Corrida Leve,Esporte,"R$ 327,90",4,Curitiba/PR/Brasil,Pix,Entregue
TRX0004683,PED002494,2025-10-13,CLI00588,Mochila para Notebook,Acessorios,"R$ 178,67",1,Uberlandia/MG/Brasil,Cartao de Debito,Entregue
TRX0004684,PED002495,2025-10-28,CLI00127,Garrafa Termica,Esporte,115.42,1,Porto Alegre/RS/Brasil,Boleto,Entregue
TRX0004685,PED002495,2025-10-28,CLI00127,Smartphone X200,Eletronicos,2270.82,1,Porto Alegre/RS/Brasil,Boleto,Entregue
TRX0004686,PED002496,2025-10-15,CLI00111,Jaqueta Corta Vento,Moda,"R$ 283,07",1,Sao Paulo/SP/Brasil,Cartao de Credito,Cancelado
TRX0004687,PED002496,2025-10-15,CLI00111,Livro Dados em Acao,Livros,95.02,1,Sao Paulo/SP/Brasil,Cartao de Credito,Cancelado
TRX0004688,PED002496,2025-10-15,CLI00111,Mouse Sem Fio,Acessorios,89.13,1,Sao Paulo/SP/Brasil,Cartao de Credito,Cancelado
TRX0004689,PED002496,2025-10-15,CLI00111,Livro SQL Essencial,Livros,"R$ 79,28",1,Sao Paulo/SP/Brasil,Cartao de Credito,Cancelado
TRX0004690,PED002497,17/10/2025,CLI00270,Jaqueta Corta Vento,Moda,"R$ 261,32",1,Fortaleza/CE/Brasil,Boleto,Entregue
TRX0004691,PED002497,2025-10-17,CLI00270,Livro Dados em Acao,Livros,"R$ 87,93",3,Fortaleza/CE/Brasil,Boleto,Entregue
TRX0004692,PED002497,17/10/2025,CLI00270,Tenis Corrida Leve,ESPORTE,"R$ 312,70",2,Fortaleza/CE/Brasil,Boleto,Entregue
TRX0004693,PED002498,2025-10-16,CLI00179,Mouse Sem Fio,Acessorios,"91,18",1,Sao Paulo/SP/Brasil,Pix,Entregue
TRX0004694,PED002498,2025-10-16,CLI00179,Capa para Smartphone,Acessorios,"R$ 48,49",3,Sao Paulo/SP/Brasil,Pix,Entregue
TRX0004695,PED002498,2025-10-16,CLI00179,Hub USB-C,Acessorios,128.41,1,Sao Paulo/SP/Brasil,Pix,Entregue
TRX0004696,PED002498,2025-10-16,CLI00179,Monitor 27,eletronicos,1160.12,2,Sao Paulo/SP/Brasil,Pix,Entregue
TRX0004697,PED002499,2025-10-11,CLI00011,Smart TV 50,ELETRONICOS,"2.794,15",4,Sao Paulo/SP/Brasil,Cartao de Credito,Entregue
TRX0004698,PED002499,2025-10-11,CLI00011,Tapete de Yoga,Esporte,"R$ 148,59",1,Sao Paulo/SP/Brasil,Cartao de Credito,Entregue
TRX0004699,PED002499,2025-10-11,CLI00011,Livro SQL Essencial,Livros,84.15,0,Sao Paulo/SP/Brasil,Cartao de Credito,Entregue
TRX0004700,PED002500,25/10/2025,CLI00248,Livro Historia do Brasil,LIVROS,72.50,2,Sao Paulo/SP/Brasil,Cartao de Credito,Entregue
TRX0004701,PED002500,2025-10-25,CLI00248,Jaqueta Corta Vento,moda,"R$ 287,55",1,Sao Paulo/SP/Brasil,Cartao de Credito,Entregue
TRX0004702,PED002500,25/10/2025,CLI00248,Tapete de Yoga,Esporte,151.76,1,Sao Paulo/SP/Brasil,Cartao de Credito,Entregue
TRX0004703,PED002500,2025-10-25,CLI00248,Hub USB-C,Acessorios,"138,50",1,Sao Paulo/SP/Brasil,Cartao de Credito,entregue
TRX0004704,PED002501,2025-10-09,CLI00652,Liquidificador Potente,Casa,"214,13",3,Fortaleza/CE/Brasil,Pix,Entregue
TRX0004705,PED002502,2025-10-06,CLI00248,Carregador Turbo,Acessorios,99.76,1,Sao Paulo/SP/Brasil,Cartao de Credito,Entregue
TRX0004706,PED002503,2025-10-08,CLI00444,Hub USB-C,Acessorios,131.90,2,Belo Horizonte/MG/Brasil,Cartao de Credito,Entregue
TRX0004707,PED002503,08-10-2025,CLI00444,Carregador Turbo,Acessorios,104.75,2,Belo Horizonte/MG/Brasil,Cartao de Credito,Entregue
TRX0004708,PED002504,2025-10-21,CLI00610,Smartphone X200,Eletronicos,"R$ 2.239,31",1,Campinas/SP/Brasil,Cartao de Debito,Entregue
TRX0004709,PED002504,21/10/2025,CLI00610,Livro Historia do Brasil,Livros,67.51,1,Campinas/SP/Brasil,Cartao de Debito,Entregue
TRX0004710,PED002505,13/10/2025,CLI00571,Garrafa Termica,Esporte,"R$ 118,79",1,Sao Paulo/SP/Brasil,Pix,Cancelado
TRX0004711,PED002505,13-10-2025,CLI00571,Halteres 10kg,Esporte,"199,77",1,Sao Paulo/SP/Brasil,Pix,Cancelado
TRX0004712,PED002506,02/10/2025,CLI00613,Luminaria de Mesa,Casa,"R$ 132,59",1,Florianopolis/SC/Brasil,Cartao de Credito,Entregue
TRX0004713,PED002507,2025-10-15,CLI00285,Smart TV 50,Eletronicos,"R$ 2.631,57",1,Rio de Janeiro/RJ/Brasil,Pix,Entregue
TRX0004714,PED002507,2025-10-15,CLI00285,Calca Jeans Reta,Moda,"R$ 196,62",1,Rio de Janeiro/RJ/Brasil,Pix,Entregue
TRX0004715,PED002508,2025-10-16,CLI00699,Jaqueta Corta Vento,Moda,"R$ 282,15",3,Santos/SP/Brasil,Boleto,Entregue
TRX0004716,PED002509,2025-10-15,CLI00583,Jaqueta Corta Vento,MODA,265.72,1,Niteroi/RJ/Brasil,Cartao de Credito,Entregue
TRX0004717,PED002510,2025-10-28,CLI00394,Aspirador Robo,Casa,"R$ 1.619,04",1,Sao Paulo/SP/Brasil,Cartao de Credito,Cancelado
TRX0004718,PED002511,01/10/2025,CLI00406,Tapete de Yoga,Esporte,"R$ 154,63",1,Rio de Janeiro/RJ/Brasil,Cartao de Credito,Entregue
TRX0004719,PED002511,2025-10-01,CLI00406,Garrafa Termica,Esporte,120.40,1,Rio de Janeiro/RJ/Brasil,Cartao de Credito,Entregue
TRX0004720,PED002512,2025-10-11,CLI00199,Hub USB-C,Acessorios,122.72,2,Brasilia/DF/Brasil,Cartao de Debito,Entregue
TRX0004721,PED002513,16-10-2025,CLI00478,Capa para Smartphone,Acessorios,"49,53",1,Uberlandia/MG/Brasil,Cartao de Credito,Entregue
TRX0004722,PED002514,20/10/2025,CLI00192,Tapete de Yoga,Esporte,"159,99",1,Campinas/SP/Brasil,Pix,Entregue
TRX0004723,PED002515,06-10-2025,CLI00305,Camisa Social Slim,Moda,"157,52",2,Campinas/SP/Brasil,Pix,Enviado
TRX0004724,PED002515,2025-10-06,CLI00305,Luminaria de Mesa,Casa,"149,42",2,Campinas/SP/Brasil,Pix,Enviado
TRX0004725,PED002515,06-10-2025,CLI00305,Tenis Corrida Leve,Esporte,320.09,1,Campinas/SP/Brasil,Pix,Enviado
TRX0004726,PED002516,2025-10-19,CLI00062,Calca Jeans Reta,moda,187.55,1,Curitiba/PR/Brasil,Boleto,Entregue
TRX0004727,PED002516,2025-10-19,CLI00062,Livro SQL Essencial,LIVROS,"R$ 82,23",1,Curitiba/PR/Brasil,Boleto,Entregue
TRX0004728,PED002516,19/10/2025,CLI00062,Mouse Sem Fio,Acessorios,90.90,1,Curitiba/PR/Brasil,Boleto,Entregue
TRX0004729,PED002517,21-10-2025,CLI00564,Liquidificador Potente,Casa,"R$ 225,81",1,Belo Horizonte/MG/Brasil,Cartao de Credito,Entregue
TRX0004730,PED002518,2025-10-06,CLI00173,Liquidificador Potente,CASA,218.88,2,Sao Paulo/SP/Brasil,Cartao de Credito,Entregue
TRX0004731,PED002519,17/10/2025,CLI00301,,Eletronicos,"R$ 1.101,87",1,Sao Paulo/SP/Brasil,Pix,Entregue
TRX0004732,PED002519,2025-10-17,CLI00301,Mochila para Notebook,Acessorios,"R$ 186,65",1,Sao Paulo/SP/Brasil,Pix,Entregue
TRX0004733,PED002520,2025-10-22,CLI00341,Halteres 10kg,Esporte,188.88,-2,Sao Paulo/SP/Brasil,Cartao de Credito,Entregue
TRX0004734,PED002521,2025-10-15,CLI00088,Garrafa Termica,Esporte,"R$ 113,90",1,Porto Alegre/RS/Brasil,Cartao de Credito,Cancelado
TRX0004735,PED002521,2025-10-15,CLI00088,Camiseta Dry Fit,Esporte,"77,12",3,Porto Alegre/RS/Brasil,Cartao de Credito,Cancelado
TRX0004736,PED002522,2025-10-19,CLI00191,Notebook Ultrafino,Eletronicos,,1,Sao Paulo/SP/Brasil,Pix,Devolvido
TRX0004737,PED002523,2025-10-23,CLI00088,Mochila para Notebook,Acessorios,178.12,1,Porto Alegre/RS/Brasil,Cartao de Credito,Entregue
TRX0004738,PED002524,2025-10-31,CLI00576,Capa para Smartphone,Acessorios,"50,70",1,Curitiba/PR/Brasil,Cartao de Credito,Entregue
TRX0004739,PED002524,31/10/2025,CLI00576,Cafeteira Eletrica,Casa,278.28,1,Curitiba/PR/Brasil,Cartao de Credito,Entregue
TRX0004740,PED002525,27-10-2025,CLI00421,Smart TV 50,Eletronicos,2614.73,-2,Porto Alegre/RS/Brasil,Pix,Cancelado
TRX0004741,PED002525,27-10-2025,CLI00421,Luminaria de Mesa,Casa,149.82,1,Porto Alegre/RS/Brasil,Pix,Cancelado
TRX0004742,PED002525,27-10-2025,CLI00421,Hub USB-C,ACESSORIOS,"126,00",1,Porto Alegre/RS/Brasil,Pix,Cancelado
TRX0004743,PED002526,2025-10-26,CLI00402,Cafeteira Eletrica,Casa,291.70,1,Sao Paulo/SP/Brasil,Pix,Entregue
TRX0004744,PED002527,2025-10-19,CLI00122,Capa para Smartphone,Acessorios,"R$ 49,22",2,Brasilia/DF/Brasil,Cartao de Credito,Entregue
TRX0004745,PED002527,19-10-2025,CLI00122,Garrafa Termica,Esporte,126.00,1,Brasilia/DF/Brasil,Cartao de Credito,Entregue
TRX0004746,PED002528,2025-10-12,CLI00253,Tenis Corrida Leve,Esporte,321.15,2,Brasilia/DF/Brasil,Cartao de Credito,Entregue
TRX0004747,PED002529,2025-10-13,CLI00517,Headset Gamer,Acessorios,"268,63",1,Rio de Janeiro/RJ/Brasil,Cartao de Credito,Entregue
TRX0004748,PED002529,2025-10-13,CLI00517,Vestido Midi,Moda,"223,80",1,Rio de Janeiro/RJ/Brasil,Cartao de Credito,Entregue
TRX0004749,PED002530,2025-10-30,CLI00062,Capa para Smartphone,Acessorios,"R$ 50,38",2,Curitiba/PR/Brasil,Cartao de Debito,Processando
TRX0004750,PED002530,2025-10-30,CLI00062,Garrafa Termica,Esporte,"R$ 126,40",1,Curitiba/PR/Brasil,Cartao de Debito,Processando
TRX0004751,PED002530,30-10-2025,CLI00062,Liquidificador Potente,Casa,"208,23",4,Curitiba/PR/Brasil,Cartao de Debito,Processando
TRX0004752,PED002531,2025-10-15,CLI00571,Garrafa Termica,Esporte,120.87,2,Sao Paulo/SP/Brasil,Pix,Entregue
TRX0004753,PED002531,2025-10-15,CLI00571,,Esporte,"R$ 155,76",1,Sao Paulo/SP/Brasil,Pix,entregue
TRX0004754,PED002532,2025-10-20,CLI00361,Tenis Corrida Leve,Esporte,"327,30",1,Santos/SP/Brasil,Pix,Devolvido
TRX0004755,PED002533,21-10-2025,CLI00403,Headset Gamer,Acessorios,270.45,1,Rio de Janeiro/RJ/Brasil,Pix,Entregue
TRX0004756,PED002533,2025-10-21,CLI00403,Camiseta Dry Fit,ESPORTE,"R$ 85,28",1,Rio de Janeiro/RJ/Brasil,Pix,Entregue
TRX0004757,PED002534,30/10/2025,CLI00172,Luminaria de Mesa,Casa,143.79,3,Fortaleza/CE/Brasil,Pix,Entregue
TRX0004758,PED002534,2025-10-30,CLI00172,Garrafa Termica,ESPORTE,"R$ 117,56",1,Fortaleza/CE/Brasil,Pix,Entregue
TRX0004759,PED002534,30/10/2025,CLI00172,Livro Dados em Acao,Livros,"89,80",1,Fortaleza/CE/Brasil,Pix,Entregue
TRX0004760,PED002535,2025-10-03,CLI00160,Livro SQL Essencial,livros,"R$ 77,90",1,Brasilia/DF/Brasil,Cartao de Credito,Processando
TRX0004761,PED002535,03-10-2025,CLI00160,Mochila para Notebook,Acessorios,"181,78",1,Brasilia/DF/Brasil,Cartao de Credito,Processando
TRX0004762,PED002536,19/10/2025,CLI00571,Livro Historia do Brasil,LIVROS,"72,55",3,Sao Paulo/SP/Brasil,Cartao de Credito,Enviado
TRX0004763,PED002536,2025-10-19,CLI00571,Teclado Mecanico,Acessorios,"R$ 373,87",1,Sao Paulo/SP/Brasil,Cartao de Credito,Enviado
TRX0004764,PED002537,2025-10-22,CLI00449,Jaqueta Corta Vento,Moda,"R$ 258,30",1,Rio de Janeiro/RJ/Brasil,Cartao de Credito,Entregue
TRX0004765,PED002537,22/10/2025,CLI00449,Tapete de Yoga,Esporte,143.60,1,Rio de Janeiro/RJ/Brasil,Cartao de Credito,Entregue
TRX0004766,PED002537,22/10/2025,CLI00449,Capa para Smartphone,Acessorios,"48,45",1,Rio de Janeiro/RJ/Brasil,Cartao de Credito,Entregue
TRX0004767,PED002538,24/10/2025,CLI00339,Capa para Smartphone,Acessorios,53.54,1,Rio de Janeiro/RJ/Brasil,Pix,Entregue
TRX0004768,PED002538,2025-10-24,CLI00339,Smart TV 50,Eletronicos,"R$ 2.682,59",3,Rio de Janeiro/RJ/Brasil,Pix,Entregue
TRX0004769,PED002538,24/10/2025,CLI00339,Teclado Mecanico,Acessórios,"345,98",1,Rio de Janeiro/RJ/Brasil,Pix,Entregue
TRX0004770,PED002539,20-10-2025,CLI00221,Aspirador Robo,Casa,"R$ 1.553,50",1,Curitiba/PR/Brasil,Cartao de Credito,ENTREGUE
TRX0004771,PED002540,2025-10-20,CLI00596,Luminaria de Mesa,Casa,134.21,1,Rio de Janeiro/RJ/Brasil,Cartao de Credito,Entregue
TRX0004772,PED002541,2025-10-27,CLI00093,Monitor 27,Eletronicos,"1.214,99",4,Santos/SP/Brasil,Pix,Entregue
TRX0004773,PED002541,27-10-2025,CLI00093,Garrafa Termica,esporte,"114,42",1,Santos/SP/Brasil,Pix,Entregue
TRX0004774,PED002542,22/10/2025,CLI00482,Livro SQL Essencial,LIVROS,"R$ 76,92",1,Fortaleza/CE/Brasil,Cartao de Credito,Entregue
TRX0004775,PED002542,22/10/2025,CLI00482,Headset Gamer,Acessorios,"R$ 254,21",2,Fortaleza/CE/Brasil,Cartao de Credito,Entregue
TRX0004776,PED002543,2025-10-09,CLI00232,Livro Dados em Acao,Livros,"R$ 87,24",1,Sao Paulo/SP/Brasil,Pix,Entregue
TRX0004777,PED002544,17/10/2025,CLI00369,Calca Jeans Reta,Moda,187.97,1,Uberlandia/MG/Brasil,Pix,Entregue
TRX0004778,PED002544,2025-10-17,CLI00369,Smartphone X200,Eletronicos,"2.282,26",1,Uberlandia/MG/Brasil,Pix,Entregue
TRX0004779,PED002544,2025-10-17,CLI00369,Cafeteira Eletrica,Casa,296.12,1,Uberlandia/MG/Brasil,Pix,Entregue
TRX0004780,PED002544,17/10/2025,CLI00369,Hub USB-C,Acessorios,"R$ 135,73",2,Uberlandia/MG/Brasil,Pix,Entregue
TRX0004781,PED002545,14/10/2025,CLI00461,Tapete de Yoga,Esporte,153.91,1,Porto Alegre/RS/Brasil,Pix,Entregue
TRX0004782,PED002545,14/10/2025,CLI00461,Halteres 10kg,Esporte,"199,26",1,Porto Alegre/RS/Brasil,Pix,Entregue
TRX0004783,PED002546,27/10/2025,CLI00321,Garrafa Termica,Esporte,115.84,1,Rio de Janeiro/RJ/Brasil,Cartao de Credito,Entregue
TRX0004784,PED002547,17/10/2025,CLI00207,Liquidificador Potente,casa,"R$ 231,98",2,Recife/PE/Brasil,Cartao de Credito,Entregue
TRX0004785,PED002548,03/10/2025,CLI00542,Cafeteira Eletrica,casa,294.19,1,Curitiba/PR/Brasil,Cartao de Credito,Entregue
TRX0004786,PED002549,2025-10-20,CLI00582,Livro SQL Essencial,Livros,"77,74",1,Belo Horizonte/MG/Brasil,Pix,Entregue
TRX0004787,PED002550,2025-10-12,CLI00353,Halteres 10kg,Esporte,"187,91",3,Recife/PE/Brasil,Boleto,Entregue
TRX0004788,PED002551,11/10/2025,CLI00199,Livro Dados em Acao,Livros,"95,37",1,Brasilia/DF/Brasil,Pix,Entregue
TRX0004789,PED002551,11-10-2025,CLI00199,Tenis Corrida Leve,Esporte,"329,44",1,Brasilia/DF/Brasil,Pix,Entregue
TRX0004790,PED002551,11/10/2025,CLI00199,Livro Historia do Brasil,Livros,"68,55",1,Brasilia/DF/Brasil,Pix,Entregue
TRX0004791,PED002551,2025-10-11,CLI00199,Smart TV 50,Eletronicos,2783.00,4,Brasilia/DF/Brasil,Pix,Entregue
TRX0004792,PED002552,02/10/2025,CLI00451,Tablet 10,Eletronicos,1328.12,2,Curitiba/PR/Brasil,Cartao de Debito,Entregue
TRX0004793,PED002553,19-10-2025,CLI00283,Halteres 10kg,Esporte,"R$ 193,86",1,Sao Paulo/SP/Brasil,Pix,Processando
TRX0004794,PED002554,00/00/0000,CLI00215,Camiseta Dry Fit,Esporte,78.99,1,Porto Alegre/RS/Brasil,Cartao de Credito,Enviado
TRX0004795,PED002555,2025-10-06,CLI00471,Teclado Mecanico,Acessórios,"366,34",1,Rio de Janeiro/RJ/Brasil,Cartao de Credito,Entregue
TRX0004796,PED002555,2025-10-06,CLI00471,Livro Historia do Brasil,Livros,75.03,1,Rio de Janeiro/RJ/Brasil,Cartao de Credito,Entregue
TRX0004797,PED002555,06/10/2025,CLI00471,Liquidificador Potente,Casa,"234,58",1,Rio de Janeiro/RJ/Brasil,Cartao de Credito,entregue
TRX0004798,PED002556,2025-10-22,CLI00320,,LIVROS,70.80,1,Brasilia/DF/Brasil,Cartao de Debito,ENTREGUE
TRX0004799,PED002556,22-10-2025,CLI00320,Calca Jeans Reta,Moda,"R$ 189,55",1,Brasilia/DF/Brasil,Cartao de Debito,ENTREGUE
TRX0004800,PED002556,22/10/2025,CLI00320,Headset Gamer,Acessorios,"276,07",1,Brasilia/DF/Brasil,Cartao de Debito,Em analise
TRX0004801,PED002556,22/10/2025,CLI00320,Smart TV 50,Eletronicos,"R$ 2.771,28",1,Brasilia/DF/Brasil,Cartao de Debito,Entregue
TRX0004802,PED002557,2025-10-29,CLI00577,Smartphone X200,Eletronicos,2307.94,1,Rio de Janeiro/RJ/Brasil,Cartao de Credito,Entregue
TRX0004803,PED002557,29-10-2025,CLI00577,Capa para Smartphone,Acessorios,"R$ 51,10",1,Rio de Janeiro/RJ/Brasil,Cartao de Credito,Entregue
TRX0004804,PED002558,2025-10-04,CLI00582,Camisa Social Slim,Moda,"R$ 159,39",1,Belo Horizonte/MG/Brasil,Cartao de Credito,Cancelado
TRX0004805,PED002559,30-10-2025,CLI00637,Vestido Midi,Moda,219.82,1,Porto Alegre/RS/Brasil,Cartao de Debito,Entregue
TRX0004806,PED002559,2025-10-30,CLI00637,Garrafa Termica,Esporte,"R$ 119,48",2,Porto Alegre/RS/Brasil,Cartao de Debito,Entregue
TRX0004807,PED002560,2025-10-01,CLI00571,Halteres 10kg,Esporte,"R$ 191,40",1,Sao Paulo/SP/Brasil,Cartao de Credito,Entregue
TRX0004808,PED002560,2025-10-01,CLI00571,Camisa Social Slim,Moda,"170,53",1,Sao Paulo/SP/Brasil,Cartao de Credito,Entregue
TRX0004809,PED002561,2025-10-14,CLI00155,Halteres 10kg,ESPORTE,"R$ 181,58",1,Belo Horizonte/MG/Brasil,Cartao de Credito,Entregue
TRX0004810,PED002561,2025-10-14,CLI00155,Livro SQL Essencial,Livros,80.61,1,Belo Horizonte/MG/Brasil,Cartao de Credito,Entregue
TRX0004811,PED002561,2025-10-14,CLI00155,Tablet 10,Eletronicos,"R$ 1.287,89",1,Belo Horizonte/MG/Brasil,Cartao de Credito,ENTREGUE
TRX0004812,PED002561,2025-10-14,CLI00155,Jogo de Panelas,Casa,"422,87",1,Belo Horizonte/MG/Brasil,Cartao de Credito,Entregue
TRX0004813,PED002562,2025-10-29,CLI00492,Cafeteira Eletrica,Casa,"R$ 292,42",1,Rio de Janeiro/RJ/Brasil,Cartao de Credito,Cancelado
TRX0004814,PED002562,2025-10-29,CLI00492,Hub USB-C,Acessorios,137.75,4,Rio de Janeiro/RJ/Brasil,Cartao de Credito,Cancelado
TRX0004815,PED002562,2025-10-29,CLI00492,Liquidificador Potente,casa,"224,38",1,Rio de Janeiro/RJ/Brasil,Cartao de Credito,Cancelado
TRX0004816,PED002563,2025-10-05,CLI00048,Halteres 10kg,Esporte,198.09,1,Salvador/BA/Brasil,Cartao de Credito,Entregue
TRX0004817,PED002564,2025-10-22,CLI00577,Cafeteira Eletrica,Casa,"288,08",1,Rio de Janeiro/RJ/Brasil,Cartao de Debito,Devolvido
TRX0004818,PED002564,22-10-2025,CLI00577,Liquidificador Potente,casa,224.90,2,Rio de Janeiro/RJ/Brasil,Cartao de Debito,Devolvido
TRX0004819,PED002565,2025-10-14,CLI00408,Halteres 10kg,ESPORTE,185.38,2,Sao Paulo/SP/Brasil,Pix,Entregue
TRX0004820,PED002566,2025-10-11,CLI00389,Tablet 10,Eletronicos,"R$ 1.312,81",1,Sao Paulo/SP/Brasil,Boleto,Cancelado
TRX0004821,PED002567,2025-10-25,CLI00374,Camisa Social Slim,Moda,151.21,1,Rio de Janeiro/RJ/Brasil,Pix,Entregue
TRX0004822,PED002567,25-10-2025,CLI00374,Capa para Smartphone,Acessorios,53.43,1,Rio de Janeiro/RJ/Brasil,Pix,Entregue
TRX0004823,PED002568,2025-10-06,CLI00375,Jaqueta Corta Vento,Moda,"R$ 267,51",4,Belo Horizonte/MG/Brasil,Cartao de Credito,devolvido
TRX0004824,PED002568,2025-10-06,CLI00375,Notebook Ultrafino,Eletronicos,3362.97,2,Belo Horizonte/MG/Brasil,Cartao de Credito,Devolvido
TRX0004825,PED002568,2025-10-06,CLI00375,Tapete de Yoga,Esporte,"158,29",1,Belo Horizonte/MG/Brasil,Cartao de Credito,Devolvido
TRX0004826,PED002568,2025-10-06,CLI00375,Livro SQL Essencial,Livros,83.91,1,Belo Horizonte/MG/Brasil,Cartao de Credito,Devolvido
TRX0004827,PED002569,2025-10-18,CLI00649,Cafeteira Eletrica,casa,279.01,1,Curitiba/PR/Brasil,Boleto,Entregue
TRX0004828,PED002570,2025-10-11,CLI00071,Hub USB-C,Acessorios,"R$ 127,45",1,Brasilia/DF/Brasil,Pix,entregue
TRX0004829,PED002571,2025-10-14,CLI00513,Headset Gamer,Acessorios,255.52,2,Belo Horizonte/MG/Brasil,Cartao de Debito,Entregue
TRX0004830,PED002571,14/10/2025,CLI00513,Vestido Midi,Moda,215.69,1,Belo Horizonte/MG/Brasil,Cartao de Debito,Entregue
TRX0004831,PED002572,2025-10-23,CLI00014,Camiseta Dry Fit,Esporte,79.48,-2,Curitiba/PR/Brasil,Cartao de Credito,Entregue
TRX0004832,PED002572,2025-10-23,CLI00014,Livro Historia do Brasil,Livros,"68,79",1,Curitiba/PR/Brasil,Cartao de Credito,Entregue
TRX0004833,PED002572,2025-10-23,CLI00014,Cafeteira Eletrica,Casa,"R$ 290,93",1,Curitiba/PR/Brasil,Cartao de Credito,Entregue
TRX0004834,PED002572,2025-10-23,CLI00014,Jaqueta Corta Vento,Moda,"1,2,3",1,Curitiba/PR/Brasil,Cartao de Credito,Entregue
TRX0004835,PED002573,10-10-2025,CLI00173,Headset Gamer,Acessorios,"255,96",3,Sao Paulo/SP/Brasil,Pix,Entregue
TRX0004836,PED002574,2025-10-17,CLI00270,Smartphone X200,Eletronicos,2273.39,1,Fortaleza/CE/Brasil,Cartao de Credito,Entregue
TRX0004837,PED002575,15/10/2025,CLI00451,Aspirador Robo,Casa,"1.625,46",1,Curitiba/PR/Brasil,Cartao de Debito,Entregue
TRX0004838,PED002576,11/10/2025,CLI00111,Tapete de Yoga,Esporte,"R$ 157,70",1,Sao Paulo/SP/Brasil,Cartao de Credito,Entregue
TRX0004839,PED002577,2025-10-18,CLI00523,Camisa Social Slim,Moda,"R$ 162,22",1,Porto Alegre/RS/Brasil,Cartao de Credito,Entregue
TRX0004840,PED002578,2025-10-16,CLI00169,Livro Dados em Acao,Livros,93.94,4,Porto Alegre/RS/Brasil,Pix,Entregue
TRX0004841,PED002579,,CLI00652,Headset Gamer,Acessorios,"279,10",1,Fortaleza/CE/Brasil,Boleto,Entregue
TRX0004842,PED002579,2025-10-17,CLI00652,Jogo de Panelas,Casa,,1,Fortaleza/CE/Brasil,Boleto,Entregue
,PED002580,2025-10-14,CLI00121,Hub USB-C,Acessorios,138.42,3,Uberlandia/MG/Brasil,Cartao de Credito,Entregue
TRX0004844,PED002581,2025-10-19,CLI00011,Jogo de Panelas,Casa,"R$ 426,55",1,Sao Paulo/SP/Brasil,Cartao de Credito,Entregue
TRX0004845,PED002582,2025-10-21,CLI00547,Vestido Midi,MODA,"R$ 225,15",1,Sao Paulo/SP/Brasil,Pix,Entregue
TRX0004846,PED002582,2025-10-21,CLI00547,Calca Jeans Reta,Moda,"182,97",1,Sao Paulo/SP/Brasil,Pix,Entregue
TRX0004847,PED002582,2025-10-21,CLI00547,Liquidificador Potente,Casa,"228,32",1,Sao Paulo/SP/Brasil,Pix,Entregue
TRX0004848,PED002583,2025-10-06,CLI00393,Tapete de Yoga,Esporte,"R$ 160,46",3,Sao Paulo/SP/Brasil,Cartao de Credito,entregue
TRX0004849,PED002584,22/10/2025,CLI00350,Camisa Social Slim,Moda,"R$ 163,37",1,Porto Alegre/RS/Brasil,Pix,Entregue
TRX0004850,PED002585,2025-10-03,CLI00121,Livro Dados em Acao,Livros,92.26,3,Uberlandia/MG/Brasil,Pix,entregue
TRX0004851,PED002585,2025-10-03,CLI00121,Carregador Turbo,Acessórios,100.74,1,Uberlandia/MG/Brasil,Pix,Entregue
TRX0004852,PED002586,16/10/2025,CLI00684,Camiseta Dry Fit,Esporte,"83,76",1,Sao Paulo/SP/Brasil,Cartao de Debito,Entregue
TRX0004853,PED002586,2025-10-16,CLI00684,Carregador Turbo,Acessorios,"R$ 100,47",2,Sao Paulo/SP/Brasil,Cartao de Debito,entregue
TRX0004854,PED002586,2025-10-16,CLI00684,Cafeteira Eletrica,CASA,"R$ 274,98",1,Sao Paulo/SP/Brasil,Cartao de Debito,entregue
TRX0004855,PED002587,30-10-2025,CLI00652,Camisa Social Slim,moda,166.05,1,Fortaleza/CE/Brasil,Boleto,Entregue
TRX0004856,PED002587,2025-10-30,CLI00652,Notebook Ultrafino,Eletronicos,"R$ 3.658,27",1,Fortaleza/CE/Brasil,Boleto,Entregue
TRX0004857,PED002588,13/10/2025,CLI00523,Halteres 10kg,Esporte,191.69,1,Porto Alegre/RS/Brasil,Cartao de Debito,Entregue
TRX0004858,PED002589,29/10/2025,CLI00339,,Eletronicos,"R$ 2.197,44",1,Rio de Janeiro/RJ/Brasil,Cartao de Debito,processando
TRX0004859,PED002590,18/10/2025,CLI00385,Livro SQL Essencial,Livros,77.91,2,Belo Horizonte/MG/Brasil,Cartao de Credito,ENTREGUE
TRX0004860,PED002591,2025-10-31,CLI00638,Monitor 27,Eletronicos,"R$ 1.125,91",1,Salvador/BA/Brasil,Pix,Entregue
TRX0004861,PED002592,15-10-2025,CLI00179,Camisa Social Slim,Moda,"162,27",2,Sao Paulo/SP/Brasil,Cartao de Credito,Entregue
TRX0004862,PED002592,15/10/2025,CLI00179,Tenis Corrida Leve,Esporte,"R$ 323,55",2,Sao Paulo/SP/Brasil,Cartao de Credito,Entregue
TRX0004863,PED002592,15/10/2025,CLI00179,Luminaria de Mesa,Casa,"137,63",1,Sao Paulo/SP/Brasil,Cartao de Credito,Entregue
TRX0004864,PED002593,2025-10-06,CLI00547,Headset Gamer,Acessorios,"R$ 278,81",2,Sao Paulo/SP/Brasil,Cartao de Credito,Cancelado
TRX0004865,PED002594,2025-10-25,CLI00360,Mouse Sem Fio,Acessorios,"87,50",1,Belo Horizonte/MG/Brasil,Cartao de Credito,PROCESSANDO
TRX0004866,PED002594,2025-10-25,CLI00360,Tablet 10,Eletronicos,"R$ 1.256,08",1,Belo Horizonte/MG/Brasil,Cartao de Credito,processando
TRX0004867,PED002595,2025-10-18,CLI00471,Livro Historia do Brasil,Livros,"R$ 72,57",1,Rio de Janeiro/RJ/Brasil,Pix,Entregue
TRX0004868,PED002595,2025-10-18,CLI00471,Halteres 10kg,Esporte,"180,90",1,Rio de Janeiro/RJ/Brasil,Pix,Entregue
TRX0004869,PED002595,2025-10-18,CLI00471,Camisa Social Slim,Moda,"R$ 161,52",1,Rio de Janeiro/RJ/Brasil,Pix,Entregue
TRX0004870,PED002595,2025-10-18,CLI00471,Tablet 10,Eletronicos,1333.18,1,Rio de Janeiro/RJ/Brasil,Pix,Entregue
TRX0004871,PED002596,20-10-2025,CLI00473,Aspirador Robo,Casa,"R$ 1.519,03",1,Campinas/SP/Brasil,Cartao de Credito,Entregue
TRX0004872,PED002597,07/10/2025,CLI00339,,Eletronicos,1227.85,2,Rio de Janeiro/RJ/Brasil,Cartao de Credito,Devolvido
TRX0004873,PED002597,07-10-2025,,Livro Dados em Acao,Livros,"1,2,3",3,Rio de Janeiro/RJ/Brasil,Cartao de Credito,Devolvido
TRX0004874,PED002598,25/10/2025,CLI00135,Liquidificador Potente,Casa,231.56,3,Sao Paulo/SP/Brasil,Cartao de Credito,ENTREGUE
TRX0004875,PED002599,2025-10-24,CLI00492,Notebook Ultrafino,Eletronicos,3291.31,2,Rio de Janeiro/RJ/Brasil,Cartao de Credito,Enviado
TRX0004876,PED002599,2025-10-24,CLI00492,Livro SQL Essencial,Livros,80.95,3,Rio de Janeiro/RJ/Brasil,Cartao de Credito,Enviado
TRX0004877,PED002600,23/10/2025,CLI00385,Garrafa Termica,Esporte,118.54,1,Belo Horizonte/MG/Brasil,Pix,ENTREGUE
TRX0004878,PED002601,22/10/2025,CLI00270,Tablet 10,Eletronicos,1348.78,2,Fortaleza/CE/Brasil,Cartao de Debito,Cancelado
TRX0004879,PED002601,2025-10-22,CLI00270,Notebook Ultrafino,Eletronicos,"3.450,03",1,Fortaleza/CE/Brasil,Cartao de Debito,Cancelado
TRX0004880,PED002601,22/10/2025,CLI00270,Smart TV 50,Eletronicos,2698.11,1,Fortaleza/CE/Brasil,Cartao de Debito,Cancelado
TRX0004881,PED002602,2025-10-14,CLI00444,Hub USB-C,Acessórios,130.72,1,Belo Horizonte/MG/Brasil,Cartao de Credito,Entregue
TRX0004882,PED002603,09-10-2025,CLI00447,Notebook Ultrafino,Eletronicos,3586.72,1,Sao Paulo/SP/Brasil,Pix,Entregue
TRX0004883,PED002603,2025-10-09,CLI00447,Tapete de Yoga,ESPORTE,160.31,2,Sao Paulo/SP/Brasil,Pix,Entregue
TRX0004884,PED002603,2025-10-09,CLI00447,Smartphone X200,ELETRONICOS,2361.14,1,Sao Paulo/SP/Brasil,Pix,entregue
TRX0004885,PED002604,2025-10-31,CLI00631,Luminaria de Mesa,CASA,142.90,2,Campinas/SP/Brasil,Cartao de Credito,Processando
TRX0004886,PED002604,2025-10-31,CLI00631,Calca Jeans Reta,moda,203.02,1,Campinas/SP/Brasil,Cartao de Credito,Processando
TRX0004887,PED002604,2025-10-31,CLI00631,Tenis Corrida Leve,Esporte,"350,64",1,Campinas/SP/Brasil,Cartao de Credito,Processando
TRX0004888,PED002604,2025-10-31,CLI00631,Livro Dados em Acao,Livros,85.10,1,Campinas/SP/Brasil,Cartao de Credito,Processando
TRX0004889,PED002605,31/10/2025,CLI00130,Tablet 10,Eletronicos,1253.29,1,Sao Paulo/SP/Brasil,Pix,Entregue
TRX0004890,PED002606,2025-10-11,CLI00523,Liquidificador Potente,Casa,"R$ 2.269,89",1,Porto Alegre/RS/Brasil,Cartao de Credito,Entregue
TRX0004891,PED002607,2025-10-28,CLI00305,Jogo de Panelas,Casa,"R$ 396,96",2,Campinas/SP/Brasil,Pix,Processando
TRX0004892,PED002607,2025-10-28,CLI00305,Jaqueta Corta Vento,Moda,"R$ 281,49",1,Campinas/SP/Brasil,Pix,Processando
TRX0004893,PED002607,2025-10-28,CLI00305,Camisa Social Slim,Moda,166.79,1,Campinas/SP/Brasil,Pix,Processando
TRX0004894,PED002607,2025-10-28,CLI00305,Notebook Ultrafino,Eletronicos,3562.88,1,Campinas/SP/Brasil,Pix,Processando
TRX0004895,PED002608,07/10/2025,CLI00605,Mochila para Notebook,Acessorios,"R$ 179,24",3,Belo Horizonte/MG/Brasil,Pix,Entregue
TRX0004896,PED002608,2025-10-07,CLI00605,Mouse Sem Fio,Acessorios,"R$ 95,51",1,Belo Horizonte/MG/Brasil,Pix,Entregue
TRX0004897,PED002609,2025-10-09,CLI00621,Jaqueta Corta Vento,Moda,"255,88",2,Sao Paulo/SP/Brasil,Cartao de Debito,Entregue
TRX0004898,PED002609,2025-10-09,CLI00621,Livro SQL Essencial,Livros,"R$ 78,21",1,Sao Paulo/SP/Brasil,Cartao de Debito,Entregue
TRX0004899,PED002609,2025-10-09,CLI00621,Calca Jeans Reta,Moda,"R$ 195,80",1,Sao Paulo/SP/Brasil,Cartao de Debito,Entregue
TRX0004900,PED002610,2025-10-07,CLI00321,Livro Dados em Acao,Livros,"R$ 86,94",1,Rio de Janeiro/RJ/Brasil,Boleto,Entregue
TRX0004901,PED002610,2025-10-07,CLI00321,Jaqueta Corta Vento,Moda,"282,64",1,Rio de Janeiro/RJ/Brasil,Boleto,Entregue
TRX0004902,PED002610,2025-10-07,CLI00321,Hub USB-C,Acessorios,"R$ 131,72",1,Rio de Janeiro/RJ/Brasil,Boleto,Entregue
TRX0004903,PED002611,2025-10-24,CLI00637,Mochila para Notebook,Acessorios,"190,77",2,Porto Alegre/RS/Brasil,Cartao de Debito,Processando
TRX0004904,PED002611,2025-10-24,CLI00637,Jaqueta Corta Vento,Moda,"276,84",1,Porto Alegre/RS/Brasil,Cartao de Debito,Processando
TRX0004905,PED002611,24-10-2025,CLI00637,Tapete de Yoga,Esporte,"R$ 146,74",2,Porto Alegre/RS/Brasil,Cartao de Debito,Processando
TRX0004906,PED002612,2025-10-29,CLI00542,Vestido Midi,Moda,"227,93",3,Curitiba/PR/Brasil,Pix,Entregue
TRX0004907,PED002612,2025-10-29,CLI00542,Tapete de Yoga,Esporte,147.47,1,Curitiba/PR/Brasil,Pix,Entregue
TRX0004908,PED002613,2025-10-26,CLI00577,Vestido Midi,Moda,232.70,1,Rio de Janeiro/RJ/Brasil,Pix,Entregue
TRX0004909,PED002614,2025-10-08,CLI00441,Mouse Sem Fio,Acessórios,"R$ 93,35",1,Belo Horizonte/MG/Brasil,Pix,Entregue
TRX0003458,PED001836,05/06/2025,CLI00444,Jogo de Panelas,Casa,"R$ 398,69",2,Belo Horizonte/MG/Brasil,Cartao de Debito,Devolvido
TRX0004910,PED002615,2025-10-19,CLI00062,Calca Jeans Reta,Moda,190.32,1,Curitiba/PR/Brasil,Cartao de Credito,entregue
TRX0004911,PED002616,2025-10-31,CLI00093,Livro SQL Essencial,Livros,79.52,1,Santos/SP/Brasil,Cartao de Credito,DEVOLVIDO
TRX0004912,PED002616,2025-10-31,CLI00093,Carregador Turbo,Acessorios,"R$ 99,55",2,Santos/SP/Brasil,Cartao de Credito,Devolvido
TRX0004913,PED002616,2025-10-31,CLI00093,Tenis Corrida Leve,Esporte,"R$ 345,68",3,Santos/SP/Brasil,Cartao de Credito,Devolvido
TRX0004914,PED002616,2025-10-31,CLI00093,Vestido Midi,moda,216.29,1,Santos/SP/Brasil,Cartao de Credito,Devolvido
TRX0004915,PED002617,25/10/2025,CLI00567,Garrafa Termica,Esporte,"R$ 116,52",1,Belo Horizonte/MG/Brasil,Boleto,Devolvido
TRX0004916,PED002617,25-10-2025,CLI00567,Capa para Smartphone,Acessorios,53.69,2,Belo Horizonte/MG/Brasil,Boleto,Devolvido
TRX0004917,PED002617,2025-10-25,CLI00567,Mochila para Notebook,Acessorios,"R$ 188,39",1,Belo Horizonte/MG/Brasil,Boleto,Devolvido
TRX0004918,PED002617,2025-10-25,CLI00567,Livro Historia do Brasil,LIVROS,69.32,1,Belo Horizonte/MG/Brasil,Boleto,Devolvido
TRX0004919,PED002618,2025-10-30,CLI00421,Aspirador Robo,Casa,"R$ 1.633,57",1,Porto Alegre/RS/Brasil,Cartao de Credito,Cancelado
TRX0004920,PED002619,22-11-2025,CLI00029,Luminaria de Mesa,Casa,136.51,4,Campinas/SP/Brasil,Cartao de Credito,Entregue
TRX0004921,PED002620,24/11/2025,CLI00480,Camiseta Dry Fit,Esporte,"R$ 81,08",1,Porto Alegre/RS/Brasil,Pix,Entregue
TRX0004922,PED002620,2025-11-24,CLI00480,Tenis Corrida Leve,esporte,"R$ 319,51",2,Porto Alegre/RS/Brasil,Pix,Entregue
TRX0004923,PED002620,2025-11-24,CLI00480,Smart TV 50,Eletronicos,2773.01,1,Porto Alegre/RS/Brasil,Pix,Entregue
TRX0004924,PED002621,2025-11-02,CLI00542,Headset Gamer,Acessorios,"R$ 253,70",1,Curitiba/PR/Brasil,Cartao de Credito,enviado
TRX0004925,PED002622,2025-11-11,CLI00375,Smartphone X200,Eletronicos,2094.85,1,Belo Horizonte/MG/Brasil,Cartao de Credito,Entregue
TRX0004926,PED002622,11/11/2025,CLI00375,Carregador Turbo,Acessorios,98.59,1,Belo Horizonte/MG/Brasil,Cartao de Credito,Entregue
TRX0004927,PED002623,2025-11-29,CLI00188,Headset Gamer,Acessorios,"R$ 261,28",1,Curitiba/PR/Brasil,Pix,Entregue
TRX0004928,PED002623,2025-11-29,CLI00188,Notebook Ultrafino,Eletronicos,3355.96,4,Curitiba/PR/Brasil,Pix,Entregue
TRX0004929,PED002623,2025-11-29,CLI00188,Teclado Mecanico,Acessorios,"R$ 374,69",1,Curitiba/PR/Brasil,Pix,Entregue
TRX0004930,PED002623,2025-11-29,CLI00188,Mouse Sem Fio,Acessorios,"R$ 94,36",1,Curitiba/PR/Brasil,Pix,Entregue
TRX0004931,PED002623,00/00/0000,CLI00188,Jogo de Panelas,Casa,"R$ 404,41",1,Curitiba/PR/Brasil,Pix,Entregue
,PED002624,06-11-2025,CLI00647,Smartphone X200,Eletronicos,"R$ 2.123,91",1,Recife/PE/Brasil,Cartao de Credito,Entregue
TRX0004933,PED002625,2025-11-01,CLI00315,Jogo de Panelas,Casa,407.50,1,Campinas/SP/Brasil,Boleto,Entregue
TRX0004934,PED002626,20/11/2025,CLI00298,Tenis Corrida Leve,Esporte,"R$ 349,70",1,Campinas/SP/Brasil,Boleto,Entregue
TRX0004935,PED002626,2025-11-20,CLI00298,Garrafa Termica,Esporte,117.10,1,Campinas/SP/Brasil,Boleto,Entregue
TRX0004936,PED002627,22/11/2025,CLI00207,Monitor 27,Eletronicos,1094.21,2,Recife/PE/Brasil,Cartao de Credito,Entregue
TRX0004937,PED002627,22/11/2025,CLI00207,Tablet 10,eletronicos,1301.67,1,Recife/PE/Brasil,Cartao de Credito,Entregue
TRX0004938,PED002628,14/11/2025,CLI00259,Mouse Sem Fio,acessorios,94.05,1,Campinas/SP/Brasil,Cartao de Credito,Enviado
TRX0004939,PED002628,14/11/2025,CLI00259,Capa para Smartphone,Acessorios,"R$ 47,65",1,Campinas/SP/Brasil,Cartao de Credito,ENVIADO
TRX0004940,PED002629,2025-11-03,CLI00331,Tablet 10,Eletronicos,1376.48,2,Uberlandia/MG/Brasil,Pix,Entregue
TRX0004941,PED002629,03/11/2025,CLI00331,Aspirador Robo,Casa,"R$ 1.537,38",1,Uberlandia/MG/Brasil,Pix,Entregue
TRX0004942,PED002630,2025-11-27,CLI00504,Calca Jeans Reta,Moda,"197,44",1,Sao Paulo/SP/Brasil,Pix,Entregue
TRX0004943,PED002630,27/11/2025,CLI00504,Hub USB-C,Acessorios,132.08,1,Sao Paulo/SP/Brasil,Pix,Entregue
TRX0004944,PED002630,2025-11-27,CLI00504,Monitor 27,Eletronicos,1149.80,1,Sao Paulo/SP/Brasil,Pix,Entregue
TRX0004945,PED002631,2025-11-17,CLI00115,Mochila para Notebook,Acessorios,"R$ 187,41",1,Porto Alegre/RS/Brasil,Pix,Entregue
TRX0004946,PED002632,2025-11-23,CLI00236,Halteres 10kg,Esporte,186.12,1,Sao Paulo/SP/Brasil,Boleto,Entregue
TRX0004947,PED002632,2025-11-23,CLI00236,Livro Dados em Acao,LIVROS,"R$ 85,54",1,Sao Paulo/SP/Brasil,Boleto,Entregue
TRX0004948,PED002632,2025-11-23,CLI00236,Smart TV 50,Eletronicos,"R$ 2.656,52",2,Sao Paulo/SP/Brasil,Boleto,Entregue
TRX0004949,PED002632,2025-11-23,CLI00236,Calca Jeans Reta,moda,"R$ 195,22",1,Sao Paulo/SP/Brasil,Boleto,Entregue
TRX0004950,PED002633,25/11/2025,CLI00684,Camisa Social Slim,MODA,"169,91",4,Sao Paulo/SP/Brasil,Cartao de Credito,Entregue
TRX0004951,PED002633,2025-11-25,CLI00684,Smart TV 50,Eletronicos,2786.02,1,Sao Paulo/SP/Brasil,Cartao de Credito,Entregue
TRX0004952,PED002633,25/11/2025,CLI00684,Livro Historia do Brasil,livros,"R$ 72,92",1,Sao Paulo/SP/Brasil,Cartao de Credito,Entregue
TRX0004953,PED002634,2025-11-01,CLI00568,Smart TV 50,Eletronicos,2654.22,2,Sao Paulo/SP/Brasil,Cartao de Debito,Cancelado
TRX0004954,PED002635,2025-11-13,CLI00191,Tenis Corrida Leve,Esporte,329.88,2,Sao Paulo/SP/Brasil,Pix,Entregue
TRX0004955,PED002635,13/11/2025,CLI00191,Garrafa Termica,Esporte,126.65,1,Sao Paulo/SP/Brasil,Pix,ENTREGUE
TRX0004956,PED002635,2025-11-13,CLI00191,Camiseta Dry Fit,Esporte,"83,91",1,Sao Paulo/SP/Brasil,Pix,Entregue
TRX0004957,PED002636,01-11-2025,CLI00159,Livro Dados em Acao,Livros,92.32,2,Recife/PE/Brasil,Cartao de Debito,Entregue
TRX0004958,PED002636,2025-11-01,CLI00159,Headset Gamer,Acessorios,"R$ 270,44",1,Recife/PE/Brasil,Cartao de Debito,Entregue
TRX0004959,PED002637,28/11/2025,CLI00492,Livro Dados em Acao,Livros,86.63,1,Rio de Janeiro/RJ/Brasil,Pix,Entregue
TRX0004960,PED002637,2025-11-28,CLI00492,Vestido Midi,Moda,236.39,2,Rio de Janeiro/RJ/Brasil,Pix,Entregue
TRX0004961,PED002637,2025-11-28,CLI00492,Tablet 10,ELETRONICOS,"R$ 1.262,08",1,Rio de Janeiro/RJ/Brasil,Pix,Entregue
TRX0004962,PED002638,2025-11-16,CLI00523,Camiseta Dry Fit,Esporte,"R$ 80,84",1,Porto Alegre/RS/Brasil,Pix,Entregue
TRX0004963,PED002639,18-11-2025,CLI00595,Livro Dados em Acao,Livros,87.35,2,Curitiba/PR/Brasil,Cartao de Debito,Entregue
TRX0004964,PED002640,2025-11-06,CLI00191,Capa para Smartphone,Acessorios,51.96,2,Sao Paulo/SP/Brasil,Boleto,Entregue
TRX0004965,PED002641,03-11-2025,CLI00672,Tablet 10,Eletronicos,"R$ 1.279,75",2,Curitiba/PR/Brasil,Pix,enviado
TRX0004966,PED002642,18/11/2025,CLI00361,Tenis Corrida Leve,Esporte,320.49,1,Santos/SP/Brasil,Pix,Entregue
TRX0004967,PED002642,18/11/2025,CLI00361,Garrafa Termica,esporte,"R$ 122,40",2,Santos/SP/Brasil,Pix,Entregue
TRX0004968,PED002643,2025-11-06,CLI00577,Calca Jeans Reta,Moda,201.57,1,Rio de Janeiro/RJ/Brasil,Cartao de Debito,Entregue
TRX0004969,PED002644,2025-11-08,CLI00598,Camiseta Dry Fit,Esporte,"R$ 76,26",3,Fortaleza/CE/Brasil,Pix,Entregue
TRX0003786,PED002010,2025-07-01,CLI00026,Liquidificador Potente,casa,"220,49",2,Brasilia/DF/Brasil,Boleto,Entregue
TRX0004970,PED002644,08/11/2025,CLI00598,Mouse Sem Fio,Acessorios,"R$ 94,26",1,Fortaleza/CE/Brasil,Pix,Entregue
TRX0004971,PED002645,2025-11-07,CLI00173,Teclado Mecanico,Acessorios,352.43,4,Sao Paulo/SP/Brasil,Cartao de Credito,DEVOLVIDO
TRX0004972,PED002646,08-11-2025,CLI00629,Camisa Social Slim,Moda,"R$ 162,35",2,Rio de Janeiro/RJ/Brasil,Cartao de Credito,Extraviado
TRX0004973,PED002646,2025-11-08,CLI00629,Notebook Ultrafino,Eletronicos,"3.592,26",2,Rio de Janeiro/RJ/Brasil,Cartao de Credito,Entregue
TRX0004974,PED002646,08-11-2025,CLI00629,Garrafa Termica,Esporte,"R$ 118,46",1,Rio de Janeiro/RJ/Brasil,Cartao de Credito,Entregue
TRX0004975,PED002646,31/02/2025,CLI00629,Smartphone X200,Eletronicos,"2.330,65",4,Rio de Janeiro/RJ/Brasil,Cartao de Credito,Entregue
TRX0004976,PED002647,2025-11-19,CLI00050,Hub USB-C,acessorios,124.17,1,Curitiba/PR/Brasil,Pix,Cancelado
TRX0004977,PED002648,30/11/2025,CLI00305,Notebook Gamer,ELETRONICOS,"5.176,40",3,Campinas/SP/Brasil,Pix,Entregue
TRX0004978,PED002649,23/11/2025,CLI00342,Teclado Mecanico,acessorios,354.98,2,Recife/PE/Brasil,Cartao de Debito,Cancelado
TRX0004979,PED002649,2025-11-23,CLI00342,Halteres 10kg,Esporte,193.76,1,Recife/PE/Brasil,Cartao de Debito,Cancelado
TRX0004980,PED002649,2025-11-23,CLI00342,Aspirador Robo,casa,"R$ 1.712,73",1,Recife/PE/Brasil,Cartao de Debito,Cancelado
TRX0004981,PED002650,09-11-2025,CLI00488,Tablet 10,Eletronicos,"R$ 1.267,12",1,Curitiba/PR/Brasil,Pix,Entregue
TRX0004982,PED002650,2025-11-09,CLI00488,Jaqueta Corta Vento,Moda,288.37,1,Curitiba/PR/Brasil,Pix,ENTREGUE
TRX0004983,PED002651,2025-11-01,CLI00144,Livro Historia do Brasil,Livros,68.65,1,Curitiba/PR/Brasil,Boleto,entregue
TRX0004984,PED002651,2025-11-01,CLI00144,Teclado Mecanico,ACESSORIOS,"R$ 374,73",1,Curitiba/PR/Brasil,Boleto,Entregue
TRX0004985,PED002651,2025-11-01,CLI00144,Capa para Smartphone,Acessorios,"49,57",1,Curitiba/PR/Brasil,Boleto,entregue
TRX0004986,PED002652,2025-11-13,CLI00430,Aspirador Robo,Casa,"1.652,25",2,Porto Alegre/RS/Brasil,Boleto,Enviado
TRX0004987,PED002653,06/11/2025,CLI00071,Headset Gamer,Acessórios,"R$ 259,59",2,Brasilia/DF/Brasil,Pix,Entregue
TRX0004988,PED002654,2025-11-11,CLI00270,Notebook Gamer,ELETRONICOS,5253.70,1,Fortaleza/CE/Brasil,Cartao de Credito,Entregue
TRX0004989,PED002655,08/11/2025,CLI00421,Luminaria de Mesa,Casa,"R$ 135,18",4,Porto Alegre/RS/Brasil,Pix,Entregue
TRX0004990,PED002655,08/11/2025,CLI00421,Mouse Sem Fio,Acessorios,"R$ 89,95",2,Porto Alegre/RS/Brasil,Pix,Entregue
TRX0004991,PED002655,2025-11-08,CLI00421,Cafeteira Eletrica,casa,"R$ 289,88",1,Porto Alegre/RS/Brasil,Pix,Entregue
TRX0004992,PED002656,2025-11-06,CLI00621,Tablet 10,Eletronicos,"1.339,65",1,Sao Paulo/SP/Brasil,Pix,Cancelado
TRX0004993,PED002656,06-11-2025,CLI00621,Tapete de Yoga,Esporte,"144,02",1,Sao Paulo/SP/Brasil,Pix,Cancelado
TRX0004994,PED002657,2025-11-09,CLI00352,Tenis Corrida Leve,Esporte,"R$ 322,45",1,Sao Paulo/SP/Brasil,Cartao de Credito,Entregue
TRX0004995,PED002657,2025-11-09,CLI00352,Camiseta Dry Fit,esporte,82.18,1,Sao Paulo/SP/Brasil,Cartao de Credito,Entregue
TRX0004996,PED002658,02/11/2025,CLI00478,Aspirador Robo,Casa,1604.90,1,Uberlandia/MG/Brasil,Cartao de Credito,Devolvido
TRX0004997,PED002658,02/11/2025,CLI00478,Livro Dados em Acao,livros,95.07,1,Uberlandia/MG/Brasil,Cartao de Credito,Devolvido
TRX0004998,PED002658,2025-11-02,CLI00478,Notebook Ultrafino,Eletronicos,"3.640,86",2,Uberlandia/MG/Brasil,Cartao de Credito,devolvido
TRX0004999,PED002658,2025-11-02,CLI00478,Capa para Smartphone,Acessorios,"R$ 48,15",3,Uberlandia/MG/Brasil,Cartao de Credito,Devolvido
TRX0005000,PED002659,2025-11-10,CLI00089,Garrafa Termica,Esporte,"R$ 115,10",4,Salvador/BA/Brasil,Boleto,Entregue
TRX0005001,PED002660,06-11-2025,CLI00547,Camisa Social Slim,Moda,"R$ 164,88",1,Sao Paulo/SP/Brasil,Cartao de Credito,Entregue
TRX0005002,PED002660,2025-11-06,CLI00547,Teclado Mecanico,Acessorios,"354,16",1,Sao Paulo/SP/Brasil,Cartao de Credito,Entregue
TRX0005003,PED002660,2025-11-06,CLI00547,Liquidificador Potente,Casa,222.83,1,Sao Paulo/SP/Brasil,Cartao de Credito,ENTREGUE
TRX0005004,PED002660,06-11-2025,CLI00547,Cafeteira Eletrica,Casa,"R$ 294,67",1,Sao Paulo/SP/Brasil,Cartao de Credito,Entregue
TRX0005005,PED002661,2025-11-02,CLI00449,,Acessorios,94.15,4,Rio de Janeiro/RJ/Brasil,Cartao de Credito,Entregue
TRX0005006,PED002662,2025-11-15,CLI00635,Headset Gamer,Acessórios,"R$ 253,50",1,Salvador/BA/Brasil,Cartao de Credito,Entregue
TRX0005007,PED002662,15/11/2025,CLI00635,Jogo de Panelas,CASA,428.36,1,Salvador/BA/Brasil,Cartao de Credito,Entregue
TRX0005008,PED002662,2025-11-15,CLI00635,Capa para Smartphone,Acessorios,"50,11",2,Salvador/BA/Brasil,Cartao de Credito,Entregue
TRX0005009,PED002663,2025-11-01,CLI00385,Cafeteira Eletrica,Casa,"R$ 304,37",1,Belo Horizonte/MG/Brasil,Pix,Extraviado
TRX0005010,PED002663,,CLI00385,Liquidificador Potente,Casa,214.90,1,Belo Horizonte/MG/Brasil,Pix,Enviado
TRX0005011,PED002664,2025-11-21,CLI00357,Capa para Smartphone,Acessorios,48.91,1,Santos/SP/Brasil,Pix,Entregue
TRX0005012,PED002664,2025-11-21,CLI00357,Livro SQL Essencial,Livros,"R$ 77,07",2,Santos/SP/Brasil,Pix,Entregue
TRX0005013,PED002664,2025-11-21,CLI00357,Camiseta Dry Fit,esporte,80.33,3,Santos/SP/Brasil,Pix,Entregue
TRX0005014,PED002665,05/11/2025,CLI00062,Aspirador Robo,Casa,"1.525,62",1,Curitiba/PR/Brasil,Cartao de Credito,Cancelado
TRX0005015,PED002665,2025-11-05,CLI00062,Garrafa Termica,Esporte,"115,07",1,Curitiba/PR/Brasil,Cartao de Credito,Cancelado
TRX0005016,PED002666,07/11/2025,CLI00339,Halteres 10kg,Esporte,"R$ 199,97",1,Rio de Janeiro/RJ/Brasil,Boleto,Entregue
TRX0005017,PED002667,29-11-2025,CLI00612,Vestido Midi,Moda,"R$ 231,60",1,Salvador/BA/Brasil,Cartao de Credito,Entregue
TRX0005018,PED002668,2025-11-15,CLI00021,Tapete de Yoga,Esporte,"159,94",1,Uberlandia/MG/Brasil,Cartao de Credito,Entregue
TRX0005019,PED002668,2025-11-15,CLI00021,Halteres 10kg,Esporte,192.32,1,Uberlandia/MG/Brasil,Cartao de Credito,Entregue
TRX0005020,PED002669,2025-11-01,CLI00440,Jogo de Panelas,Casa,404.06,3,Sao Paulo/SP/Brasil,Cartao de Credito,Entregue
TRX0005021,PED002669,31/02/2025,CLI00440,Tenis Corrida Leve,Esporte,353.73,1,Sao Paulo/SP/Brasil,Cartao de Credito,Entregue
TRX0005022,PED002669,01/11/2025,CLI00440,Halteres 10kg,ESPORTE,"R$ 197,14",2,Sao Paulo/SP/Brasil,Cartao de Credito,Entregue
TRX0005023,PED002670,2025-11-05,CLI00039,Hub USB-C,Acessorios,136.56,1,Sao Paulo/SP/Brasil,Pix,Entregue
TRX0005024,PED002670,2025-11-05,CLI00039,Smart TV 50,Eletronicos,"R$ 2.749,93",1,Sao Paulo/SP/Brasil,Pix,Entregue
TRX0005025,PED002671,14/11/2025,CLI00556,Mochila para Notebook,Acessórios,174.05,3,Sao Paulo/SP/Brasil,Pix,Entregue
TRX0005026,PED002672,2025-11-20,CLI00699,Tablet 10,Eletronicos,"R$ 1.294,84",2,Santos/SP/Brasil,Cartao de Credito,entregue
TRX0005027,PED002672,20/11/2025,CLI00699,Calca Jeans Reta,Moda,"R$ 198,70",3,Santos/SP/Brasil,Cartao de Credito,Entregue
TRX0005028,PED002673,2025-11-08,CLI00179,,ACESSORIOS,"R$ 106,39",3,Sao Paulo/SP/Brasil,Pix,Entregue
TRX0005029,PED002673,2025-11-08,CLI00179,Smart TV 50,Eletronicos,"2.461,23",1,Sao Paulo/SP/Brasil,Pix,Entregue
TRX0005030,PED002673,2025-11-08,CLI00179,Cafeteira Eletrica,Casa,"R$ 286,72",1,Sao Paulo/SP/Brasil,Pix,Entregue
TRX0005031,PED002673,2025-11-08,CLI00179,Teclado Mecanico,Acessorios,"R$ 351,74",1,Sao Paulo/SP/Brasil,Pix,Entregue
TRX0005032,PED002674,2025-11-27,CLI00542,Camiseta Dry Fit,Esporte,"R$ 85,29",1,Curitiba/PR/Brasil,Cartao de Credito,Entregue
TRX0005033,PED002674,27/11/2025,CLI00542,Carregador Turbo,Acessorios,"R$ 102,84",2,Curitiba/PR/Brasil,Cartao de Credito,Entregue
TRX0005034,PED002674,27-11-2025,CLI00542,Luminaria de Mesa,Casa,"R$ 148,78",1,Curitiba/PR/Brasil,Cartao de Credito,Entregue
TRX0005035,PED002675,2025-11-20,CLI00179,Livro Dados em Acao,Livros,"R$ 92,42",1,Sao Paulo/SP/Brasil,Pix,Enviado
TRX0005036,PED002676,17/11/2025,CLI00422,Livro Historia do Brasil,Livros,"R$ 75,18",1,Salvador/BA/Brasil,Cartao de Credito,Entregue
TRX0005037,PED002677,20/11/2025,CLI00537,Liquidificador Potente,Casa,"214,89",1,Uberlandia/MG/Brasil,Cartao de Credito,Entregue
TRX0005038,PED002677,2025-11-20,CLI00537,Jaqueta Corta Vento,Moda,"R$ 259,53",1,Uberlandia/MG/Brasil,Cartao de Credito,Entregue
TRX0005039,PED002678,16/11/2025,CLI00480,Tenis Corrida Leve,Esporte,"R$ 328,94",1,Porto Alegre/RS/Brasil,Cartao de Debito,Devolvido
TRX0005040,PED002678,16-11-2025,CLI00480,Camiseta Dry Fit,Esporte,"R$ 80,43",3,Porto Alegre/RS/Brasil,Cartao de Debito,Devolvido
TRX0005041,PED002679,2025-11-05,CLI00684,Mouse Sem Fio,Acessorios,"R$ 94,66",2,Sao Paulo/SP/Brasil,Pix,Cancelado
TRX0005042,PED002679,05-11-2025,CLI00684,Livro Dados em Acao,Livros,"R$ 87,88",1,Sao Paulo/SP/Brasil,Pix,Cancelado
TRX0005043,PED002680,04/11/2025,CLI00144,Carregador Turbo,Acessorios,"R$ 106,23",1,Curitiba/PR/Brasil,Cartao de Credito,Cancelado
TRX0005044,PED002680,2025-11-04,CLI00144,Teclado Mecanico,Acessorios,350.63,1,Curitiba/PR/Brasil,Cartao de Credito,Cancelado
TRX0005045,PED002681,04-11-2025,CLI00356,Notebook Ultrafino,Eletronicos,3403.93,2,Sao Paulo/SP/Brasil,Pix,Entregue
TRX0005046,PED002681,2025-11-04,CLI00356,Hub USB-C,Acessorios,"R$ 134,18",1,Sao Paulo/SP/Brasil,Pix,Entregue
TRX0005047,PED002682,2025-11-05,CLI00173,Mochila para Notebook,Acessorios,182.52,3,Sao Paulo/SP/Brasil,Cartao de Credito,Entregue
TRX0005048,PED002683,2025-11-09,CLI00228,Vestido Midi,moda,234.62,1,Rio de Janeiro/RJ/Brasil,Boleto,Entregue
TRX0005049,PED002683,2025-11-09,CLI00228,Teclado Mecanico,Acessorios,"R$ 368,82",1,Rio de Janeiro/RJ/Brasil,Boleto,Entregue
TRX0005050,PED002683,2025-11-09,CLI00228,Tenis Corrida Leve,Esporte,"R$ 323,74",2,Rio de Janeiro/RJ/Brasil,Boleto,Entregue
TRX0005051,PED002684,2025-11-28,CLI00598,Mochila para Notebook,Acessorios,191.82,2,Fortaleza/CE/Brasil,Boleto,Entregue
TRX0005052,PED002685,2025-11-26,CLI00481,Teclado Mecanico,Acessorios,332.18,2,Curitiba/PR/Brasil,Boleto,Entregue
TRX0005053,PED002685,26/11/2025,CLI00481,Mochila para Notebook,Acessorios,"181,85",1,Curitiba/PR/Brasil,Boleto,Entregue
TRX0005054,PED002685,26-11-2025,CLI00481,Notebook Gamer,Eletronicos,"R$ 5.033,60",1,Curitiba/PR/Brasil,Boleto,Entregue
TRX0005055,PED002686,28-11-2025,CLI00014,Hub USB-C,Acessorios,132.67,1,Curitiba/PR/Brasil,Pix,Entregue
TRX0005056,PED002686,28/11/2025,CLI00014,Smart TV 50,Eletrônicos,2638.05,1,Curitiba/PR/Brasil,Pix,Entregue
TRX0005057,PED002686,28/11/2025,CLI00014,Cafeteira Eletrica,Casa,288.22,1,Curitiba/PR/Brasil,Pix,Entregue
TRX0005058,PED002686,28-11-2025,CLI00014,Livro Dados em Acao,Livros,"R$ 91,71",3,Curitiba/PR/Brasil,Pix,Entregue
TRX0005059,PED002687,07/11/2025,CLI00598,Tablet 10,Eletronicos,"R$ 1.363,05",2,Fortaleza/CE/Brasil,Cartao de Credito,Entregue
TRX0005060,PED002688,26-11-2025,CLI00350,Teclado Mecanico,Acessorios,"R$ 332,69",1,Porto Alegre/RS/Brasil,Cartao de Credito,Cancelado
TRX0005061,PED002689,2025-11-27,CLI00305,Capa para Smartphone,Acessorios,"52,25",1,Campinas/SP/Brasil,Cartao de Credito,Entregue
TRX0005062,PED002689,2025-11-27,CLI00305,Tenis Corrida Leve,Esporte,"R$ 316,36",2,Campinas/SP/Brasil,Cartao de Credito,Entregue
TRX0005063,PED002690,2025-11-28,CLI00629,Camisa Social Slim,MODA,163.25,1,Rio de Janeiro/RJ/Brasil,Cartao de Credito,Entregue
TRX0005064,PED002691,2025-11-23,CLI00584,Livro SQL Essencial,Livros,81.26,1,Salvador/BA/Brasil,Boleto,Extraviado
TRX0005065,PED002692,13/11/2025,CLI00571,Carregador Turbo,Acessorios,97.62,1,Sao Paulo/SP/Brasil,Pix,Entregue
TRX0005066,PED002692,2025-11-13,CLI00571,Tablet 10,Eletronicos,"1.358,96",1,Sao Paulo/SP/Brasil,Pix,Entregue
TRX0005067,PED002692,2025-11-13,CLI00571,Capa para Smartphone,Acessorios,50.57,1,Sao Paulo/SP/Brasil,Pix,Entregue
TRX0005068,PED002692,2025-11-13,CLI00571,Mochila para Notebook,Acessorios,"176,52",3,Sao Paulo/SP/Brasil,Pix,Entregue
TRX0005069,PED002693,,CLI00172,Garrafa Termica,Esporte,126.97,1,Fortaleza/CE/Brasil,Cartao de Credito,Processando
TRX0005070,PED002694,08/11/2025,CLI00558,Monitor 27,Eletronicos,"R$ 1.163,93",1,Sao Paulo/SP/Brasil,Cartao de Credito,Entregue
TRX0005071,PED002695,2025-11-19,CLI00547,Monitor 27,Eletrônicos,1155.57,4,Sao Paulo/SP/Brasil,Pix,Entregue
TRX0005072,PED002696,23/11/2025,CLI00537,Calca Jeans Reta,Moda,"203,91",3,Uberlandia/MG/Brasil,Pix,Entregue
TRX0005073,PED002696,2025-11-23,CLI00537,Aspirador Robo,Casa,"R$ 1.666,97",2,Uberlandia/MG/Brasil,Pix,entregue
TRX0005074,PED002697,22-11-2025,CLI00408,Livro Dados em Acao,Livros,"R$ 95,22",1,Sao Paulo/SP/Brasil,Cartao de Credito,Entregue
TRX0005075,PED002698,2025-11-29,CLI00420,Livro SQL Essencial,LIVROS,"R$ 75,11",1,Salvador/BA/Brasil,Pix,Entregue
TRX0005076,PED002698,2025-11-29,CLI00420,Tapete de Yoga,Esporte,"R$ 146,65",1,Salvador/BA/Brasil,Pix,ENTREGUE
TRX0005077,PED002698,2025-11-29,CLI00420,Smartphone X200,Eletronicos,"R$ 2.131,31",1,Salvador/BA/Brasil,Pix,Entregue
TRX0005078,PED002699,2025-11-28,CLI00339,Camiseta Dry Fit,ESPORTE,82.70,2,Rio de Janeiro/RJ/Brasil,Cartao de Credito,Cancelado
TRX0005079,PED002699,28/11/2025,CLI00339,Monitor 27,Eletronicos,1104.29,3,Rio de Janeiro/RJ/Brasil,Cartao de Credito,Cancelado
TRX0005080,PED002699,2025-11-28,CLI00339,Tenis Corrida Leve,Esporte,"R$ 317,39",3,Rio de Janeiro/RJ/Brasil,Cartao de Credito,Cancelado
TRX0005081,PED002700,14-11-2025,CLI00204,Liquidificador Potente,Casa,"R$ 223,15",1,Niteroi/RJ/Brasil,Pix,Entregue
TRX0005082,PED002700,2025-11-14,CLI00204,Carregador Turbo,Acessorios,95.20,1,Niteroi/RJ/Brasil,Pix,Entregue
TRX0005083,PED002700,14-11-2025,CLI00204,Smartphone X200,Eletronicos,"2.357,80",1,Niteroi/RJ/Brasil,Pix,Entregue
TRX0005084,PED002701,2025-11-25,CLI00584,Livro SQL Essencial,Livros,"78,25",1,Salvador/BA/Brasil,Cartao de Credito,Entregue
TRX0005085,PED002702,2025-11-28,CLI00014,Livro Historia do Brasil,Livros,"R$ 66,94",4,Curitiba/PR/Brasil,Cartao de Credito,Entregue
TRX0005086,PED002703,2025-11-13,CLI00296,Teclado Mecanico,Acessorios,370.40,2,Sao Paulo/SP/Brasil,Cartao de Credito,Entregue
TRX0005087,PED002704,2025-11-20,CLI00342,Camisa Social Slim,Moda,"R$ 161,13",1,Recife/PE/Brasil,Boleto,Entregue
TRX0005088,PED002705,2025-11-28,CLI00579,Monitor 27,Eletronicos,"R$ 1.232,92",2,Fortaleza/CE/Brasil,Cartao de Debito,Entregue
TRX0005089,PED002705,28/11/2025,CLI00579,Notebook Ultrafino,ELETRONICOS,3316.66,1,Fortaleza/CE/Brasil,Cartao de Debito,Entregue
TRX0006342,PED003352,2026-02-24,CLI00547,Teclado Mecanico,Acessórios,"347,58",1,Sao Paulo/SP/Brasil,Boleto,Entregue
TRX0005090,PED002705,28-11-2025,CLI00579,Tapete de Yoga,Esporte,156.47,2,Fortaleza/CE/Brasil,Cartao de Debito,Entregue
TRX0005091,PED002706,29/11/2025,CLI00182,Livro SQL Essencial,LIVROS,"84,42",3,Rio de Janeiro/RJ/Brasil,Boleto,Entregue
TRX0005092,PED002706,2025-11-29,CLI00182,Smartphone X200,Eletronicos,"R$ 2.220,34",1,Rio de Janeiro/RJ/Brasil,Boleto,Entregue
TRX0005093,PED002707,2025-11-10,CLI00420,Tapete de Yoga,Esporte,"146,14",1,Salvador/BA/Brasil,Cartao de Debito,Entregue
TRX0005094,PED002708,2025-11-13,CLI00239,Livro Historia do Brasil,Livros,"74,62",1,Campinas/SP/Brasil,Cartao de Credito,Devolvido
TRX0005095,PED002709,29-11-2025,CLI00461,Calca Jeans Reta,Moda,"R$ 201,10",1,Porto Alegre/RS/Brasil,Cartao de Credito,Entregue
TRX0005096,PED002710,2025-11-28,CLI00299,Capa para Smartphone,Acessorios,"R$ 51,49",1,Curitiba/PR/Brasil,Pix,Entregue
TRX0005097,PED002710,28/11/2025,CLI00299,Cafeteira Eletrica,Casa,"R$ 299,49",1,Curitiba/PR/Brasil,Pix,Entregue
TRX0005098,PED002710,2025-11-28,CLI00299,Luminaria de Mesa,Casa,"R$ 133,88",1,Curitiba/PR/Brasil,Pix,Entregue
TRX0005099,PED002710,2025-11-28,CLI00299,Monitor 27,Eletronicos,1221.74,2,Curitiba/PR/Brasil,Pix,Entregue
TRX0005100,PED002711,10-11-2025,CLI00182,Jogo de Panelas,Casa,411.47,1,Rio de Janeiro/RJ/Brasil,Pix,Entregue
TRX0005101,PED002711,2025-11-10,CLI00182,Aspirador Robo,Casa,1638.97,1,Rio de Janeiro/RJ/Brasil,Pix,Entregue
TRX0005102,PED002712,2025-11-11,CLI00635,Livro Dados em Acao,Livros,94.63,4,Salvador/BA/Brasil,Pix,Entregue
TRX0005103,PED002712,11/11/2025,CLI00635,Tapete de Yoga,Esporte,"R$ 159,34",2,Salvador/BA/Brasil,Pix,Entregue
TRX0005104,PED002712,11-11-2025,CLI00635,Notebook Ultrafino,Eletronicos,"R$ 3.637,36",1,Salvador/BA/Brasil,Pix,Entregue
TRX0005105,PED002712,2025-11-11,CLI00635,Cafeteira Eletrica,Casa,"309,34",1,Salvador/BA/Brasil,Pix,Entregue
TRX0005106,PED002713,13/11/2025,CLI00339,Livro Dados em Acao,Livros,"R$ 89,84",3,Rio de Janeiro/RJ/Brasil,Cartao de Credito,Processando
TRX0005107,PED002714,2025-11-22,CLI00313,Camiseta Dry Fit,Esporte,"82,78",1,Rio de Janeiro/RJ/Brasil,Cartao de Credito,Entregue
TRX0005108,PED002715,20/11/2025,CLI00341,Halteres 10kg,Esporte,"186,97",2,Sao Paulo/SP/Brasil,Cartao de Credito,Entregue
TRX0005109,PED002715,20/11/2025,CLI00341,Camisa Social Slim,Moda,"170,65",1,Sao Paulo/SP/Brasil,Cartao de Credito,Entregue
TRX0005110,PED002716,2025-11-09,CLI00675,Luminaria de Mesa,Casa,"R$ 136,97",1,Santos/SP/Brasil,Boleto,Entregue
TRX0005111,PED002717,2025-11-22,CLI00062,Cafeteira Eletrica,Casa,279.91,1,Curitiba/PR/Brasil,Cartao de Credito,Cancelado
TRX0005112,PED002718,2025-11-24,CLI00389,Liquidificador Potente,Casa,231.84,1,Sao Paulo/SP/Brasil,Cartao de Credito,Entregue
TRX0005113,PED002718,2025-11-24,CLI00389,Aspirador Robo,Casa,1595.51,1,Sao Paulo/SP/Brasil,Cartao de Credito,Entregue
TRX0005114,PED002719,2025-11-19,CLI00108,Teclado Mecanico,Acessorios,"364,69",2,Goiania/GO/Brasil,Pix,Cancelado
TRX0005115,PED002719,19/11/2025,CLI00108,Aspirador Robo,Casa,"1.684,66",1,Goiania/GO/Brasil,Pix,Cancelado
TRX0005116,PED002719,2025-11-19,CLI00108,Luminaria de Mesa,Casa,"R$ 135,91",2,Goiania/GO/Brasil,Pix,Cancelado
TRX0005117,PED002719,19/11/2025,CLI00108,Capa para Smartphone,Acessorios,"52,04",1,Goiania/GO/Brasil,Pix,Cancelado
TRX0005118,PED002719,19/11/2025,CLI00108,Monitor 27,Eletronicos,"R$ 1.168,46",1,Goiania/GO/Brasil,Pix,Cancelado
TRX0005119,PED002720,2025-11-15,CLI00588,Smart TV 50,Eletronicos,2616.78,1,Uberlandia/MG/Brasil,Cartao de Credito,Entregue
TRX0005120,PED002720,2025-11-15,CLI00588,Headset Gamer,Acessorios,249.06,1,Uberlandia/MG/Brasil,Cartao de Credito,Entregue
TRX0005121,PED002721,26-11-2025,CLI00352,Smart TV 50,Eletrônicos,"R$ 2.788,90",1,Sao Paulo/SP/Brasil,Cartao de Debito,Entregue
TRX0005122,PED002722,2025-11-18,CLI00626,Smartphone X200,Eletronicos,2226.02,1,Salvador/BA/Brasil,Pix,Processando
TRX0005123,PED002722,2025-11-18,CLI00626,Mouse Sem Fio,Acessorios,88.58,1,Salvador/BA/Brasil,Pix,Processando
TRX0005124,PED002722,2025-11-18,CLI00626,Capa para Smartphone,Acessorios,"R$ 47,66",1,Salvador/BA/Brasil,Pix,Processando
TRX0005125,PED002722,18/11/2025,CLI00626,Carregador Turbo,Acessorios,"103,21",1,Salvador/BA/Brasil,Pix,PROCESSANDO
TRX0005126,PED002723,2025-11-24,CLI00436,Carregador Turbo,Acessorios,"R$ 96,39",1,Sao Paulo/SP/Brasil,Cartao de Credito,Entregue
TRX0005127,PED002723,24/11/2025,CLI00436,Smart TV 50,Eletronicos,"R$ 2.716,35",1,Sao Paulo/SP/Brasil,Cartao de Credito,Entregue
TRX0005128,PED002724,2025-11-14,CLI00018,Vestido Midi,Moda,gratis,2,Salvador/BA/Brasil,Cartao de Credito,Entregue
TRX0005129,PED002724,2025-11-14,CLI00018,Tenis Corrida Leve,Esporte,347.76,3,Salvador/BA/Brasil,Cartao de Credito,Entregue
TRX0005130,PED002725,2025-11-03,CLI00136,Notebook Gamer,Eletronicos,"R$ 4.689,50",1,Curitiba/PR/Brasil,Cartao de Debito,Entregue
TRX0005131,PED002726,2025-11-10,CLI00226,Hub USB-C,Acessorios,131.22,2,Salvador/BA/Brasil,Cartao de Credito,Entregue
TRX0005132,PED002727,06-11-2025,CLI00501,Tenis Corrida Leve,ESPORTE,"R$ 344,85",2,Uberlandia/MG/Brasil,Pix,Entregue
TRX0005133,PED002727,2025-11-06,CLI00501,Livro Dados em Acao,Livros,"90,05",1,Uberlandia/MG/Brasil,Pix,Entregue
TRX0005134,PED002728,29/11/2025,CLI00089,Headset Gamer,Acessorios,"R$ 251,64",1,Salvador/BA/Brasil,Boleto,Cancelado
TRX0005135,PED002728,29-11-2025,CLI00089,Smartphone X200,Eletronicos,"2.112,33",2,Salvador/BA/Brasil,Boleto,Cancelado
TRX0005136,PED002728,2025-11-29,CLI00089,Garrafa Termica,esporte,"114,94",4,Salvador/BA/Brasil,Boleto,Cancelado
TRX0005137,PED002729,2025-11-26,CLI00584,Carregador Turbo,acessorios,"96,46",1,Salvador/BA/Brasil,Cartao de Debito,Entregue
TRX0005138,PED002730,14-11-2025,CLI00029,Garrafa Termica,ESPORTE,122.25,1,Campinas/SP/Brasil,Pix,Entregue
TRX0005139,PED002730,14-11-2025,CLI00029,Mouse Sem Fio,Acessorios,"89,51",2,Campinas/SP/Brasil,Pix,Entregue
TRX0005140,PED002730,14-11-2025,CLI00029,Carregador Turbo,Acessorios,"R$ 95,00",1,Campinas/SP/Brasil,Pix,Entregue
TRX0005141,PED002731,2025-11-03,CLI00676,Livro Historia do Brasil,Livros,67.03,-2,Belo Horizonte/MG/Brasil,Boleto,Cancelado
TRX0005142,PED002731,2025-11-03,CLI00676,Hub USB-C,Acessorios,"R$ 130,96",1,Belo Horizonte/MG/Brasil,Boleto,Cancelado
TRX0005143,PED002731,03/11/2025,CLI00676,Vestido Midi,Moda,"213,42",1,Belo Horizonte/MG/Brasil,Boleto,Cancelado
TRX0005144,PED002731,03-11-2025,CLI00676,Mouse Sem Fio,Acessorios,"93,10",1,Belo Horizonte/MG/Brasil,Boleto,Cancelado
TRX0005145,PED002732,2025-11-04,CLI00636,Headset Gamer,Acessorios,278.95,2,Sao Paulo/SP/Brasil,Boleto,Entregue
TRX0005146,PED002732,04-11-2025,CLI00636,Garrafa Termica,esporte,"R$ 127,91",3,Sao Paulo/SP/Brasil,Boleto,Entregue
TRX0005147,PED002733,2025-11-10,CLI00544,Camiseta Dry Fit,Esporte,81.72,1,Rio de Janeiro/RJ/Brasil,Boleto,Devolvido
TRX0005148,PED002733,10-11-2025,CLI00544,Jaqueta Corta Vento,Moda,"R$ 286,48",4,Rio de Janeiro/RJ/Brasil,Boleto,Devolvido
TRX0005149,PED002734,16/11/2025,CLI00541,Smartphone X200,Eletronicos,"2.183,13",2,Sao Paulo/SP/Brasil,Boleto,Enviado
TRX0004807,PED002560,2025-10-01,CLI00571,Halteres 10kg,Esporte,"R$ 191,40",1,Sao Paulo/SP/Brasil,Cartao de Credito,Entregue
TRX0005150,PED002735,2025-11-08,CLI00029,Jaqueta Corta Vento,Moda,280.78,1,Campinas/SP/Brasil,Cartao de Credito,Entregue
,PED002736,2025-11-03,CLI00536,Garrafa Termica,Esporte,"R$ 113,65",1,Florianopolis/SC/Brasil,Pix,Entregue
TRX0005152,PED002737,2025-11-18,CLI00301,Halteres 10kg,Esporte,"181,94",1,Sao Paulo/SP/Brasil,Pix,Entregue
TRX0005153,PED002737,2025-11-18,CLI00301,Jogo de Panelas,Casa,"416,79",1,Sao Paulo/SP/Brasil,Pix,Entregue
TRX0005154,PED002738,25-11-2025,CLI00011,Tapete de Yoga,Esporte,"147,44",1,Sao Paulo/SP/Brasil,Cartao de Credito,Processando
TRX0005155,PED002738,2025-11-25,CLI00011,Halteres 10kg,Esporte,"R$ 186,04",1,Sao Paulo/SP/Brasil,Cartao de Credito,Processando
TRX0005156,PED002739,13/11/2025,CLI00236,Headset Gamer,Acessorios,"R$ 269,29",-1,Sao Paulo/SP/Brasil,Cartao de Debito,Enviado
,PED002739,2025-11-13,CLI00236,Mouse Sem Fio,Acessorios,96.06,2,Sao Paulo/SP/Brasil,Cartao de Debito,Enviado
TRX0005158,PED002740,2025-11-05,CLI00342,Smartphone X200,Eletrônicos,"R$ 2.336,95",1,Recife/PE/Brasil,Pix,Entregue
TRX0005159,PED002741,2025-11-06,CLI00339,Tapete de Yoga,Esporte,"R$ 159,00",1,Rio de Janeiro/RJ/Brasil,Cartao de Credito,Entregue
TRX0005160,PED002741,06-11-2025,CLI00339,Jaqueta Corta Vento,Moda,"R$ 271,38",1,Rio de Janeiro/RJ/Brasil,Cartao de Credito,Entregue
TRX0005161,PED002742,23-11-2025,CLI00207,Teclado Mecanico,Acessorios,"340,07",1,Recife/PE/Brasil,Cartao de Credito,Entregue
TRX0005162,PED002743,2025-11-30,CLI00305,Smart TV 50,Eletronicos,"2.536,77",1,Campinas/SP/Brasil,Pix,Devolvido
TRX0005163,PED002744,03/11/2025,CLI00544,Headset Gamer,Acessorios,"R$ 257,56",1,Rio de Janeiro/RJ/Brasil,Pix,entregue
TRX0005164,PED002744,03/11/2025,CLI00544,Tapete de Yoga,Esporte,"R$ 156,98",2,Rio de Janeiro/RJ/Brasil,Pix,Entregue
TRX0005165,PED002744,2025-11-03,CLI00544,Liquidificador Potente,casa,"R$ 210,87",1,Rio de Janeiro/RJ/Brasil,Pix,Entregue
TRX0005166,PED002745,2025-11-03,CLI00389,Cafeteira Eletrica,Casa,286.80,3,Sao Paulo/SP/Brasil,Cartao de Credito,Processando
TRX0005167,PED002745,2025-11-03,CLI00389,Liquidificador Potente,casa,"R$ 225,44",2,Sao Paulo/SP/Brasil,Cartao de Credito,Processando
TRX0005168,PED002746,2025-11-12,CLI00315,Tapete de Yoga,Esporte,"R$ 143,51",1,Campinas/SP/Brasil,Cartao de Debito,Enviado
TRX0005169,PED002746,2025-11-12,CLI00315,Garrafa Termica,Esporte,124.50,-2,Campinas/SP/Brasil,Cartao de Debito,Enviado
TRX0005170,PED002747,27-11-2025,CLI00638,Jogo de Panelas,Casa,"R$ 419,08",1,Salvador/BA/Brasil,Boleto,Entregue
TRX0005171,PED002747,2025-11-27,CLI00638,Monitor 27,Eletronicos,"R$ 1.105,01",1,Salvador/BA/Brasil,Boleto,Entregue
TRX0005172,PED002748,15-11-2025,CLI00330,Carregador Turbo,Acessórios,94.86,1,Belo Horizonte/MG/Brasil,Pix,Entregue
TRX0005173,PED002748,15-11-2025,CLI00330,Calca Jeans Reta,Moda,"R$ 191,21",1,Belo Horizonte/MG/Brasil,Pix,Entregue
TRX0005174,PED002748,2025-11-15,CLI00330,Livro Dados em Acao,Livros,"R$ 92,17",2,Belo Horizonte/MG/Brasil,Pix,Entregue
TRX0005175,PED002748,2025-11-15,CLI00330,Tapete de Yoga,Esporte,"R$ 156,05",1,Belo Horizonte/MG/Brasil,Pix,Entregue
TRX0005176,PED002749,19-11-2025,CLI00637,Tablet 10,ELETRONICOS,"R$ 1.384,46",2,Porto Alegre/RS/Brasil,Cartao de Credito,Entregue
TRX0005177,PED002749,19/11/2025,CLI00637,Calca Jeans Reta,MODA,"R$ 179,65",3,Porto Alegre/RS/Brasil,Cartao de Credito,Entregue
TRX0005178,PED002749,19-11-2025,CLI00637,Tenis Corrida Leve,Esporte,"338,41",1,Porto Alegre/RS/Brasil,Cartao de Credito,Entregue
TRX0005179,PED002750,2025-11-13,CLI00401,Mochila para Notebook,Acessorios,178.93,1,Recife/PE/Brasil,Boleto,Entregue
TRX0005180,PED002751,2025-11-03,CLI00556,Calca Jeans Reta,MODA,198.61,1,Sao Paulo/SP/Brasil,Cartao de Credito,Entregue
TRX0005181,PED002751,2025-11-03,CLI00556,Headset Gamer,Acessorios,274.29,1,Sao Paulo/SP/Brasil,Cartao de Credito,Entregue
TRX0005182,PED002751,2025-11-03,CLI00556,Mouse Sem Fio,acessorios,"R$ 96,32",1,Sao Paulo/SP/Brasil,Cartao de Credito,Entregue
TRX0005183,PED002752,04/11/2025,CLI00090,Jogo de Panelas,Casa,408.94,1,Rio de Janeiro/RJ/Brasil,Cartao de Debito,Cancelado
TRX0005184,PED002753,2025-11-14,CLI00598,Aspirador Robo,casa,"1.525,56",1,Fortaleza/CE/Brasil,Cartao de Debito,Entregue
TRX0005185,PED002754,2025-11-14,CLI00011,Halteres 10kg,Esporte,"R$ 194,51",2,Sao Paulo/SP/Brasil,Cartao de Credito,Entregue
TRX0005186,PED002754,,CLI00011,Tapete de Yoga,Esporte,"R$ 155,06",1,Sao Paulo/SP/Brasil,Cartao de Credito,Entregue
TRX0005187,PED002754,14-11-2025,CLI00011,Mochila para Notebook,Acessorios,173.05,1,Sao Paulo/SP/Brasil,Cartao de Credito,Entregue
TRX0005188,PED002755,2025-11-03,CLI00385,Jaqueta Corta Vento,Moda,,1,Belo Horizonte/MG/Brasil,Pix,entregue
TRX0005189,PED002755,03/11/2025,CLI00385,Vestido Midi,Moda,"228,93",1,Belo Horizonte/MG/Brasil,Pix,Entregue
TRX0005190,PED002755,03-11-2025,CLI00385,Liquidificador Potente,Casa,"228,26",1,Belo Horizonte/MG/Brasil,Pix,Entregue
TRX0005191,PED002755,2025-11-03,CLI00385,Halteres 10kg,Esporte,"R$ 191,33",1,Belo Horizonte/MG/Brasil,Pix,Entregue
TRX0005192,PED002756,2025-11-04,CLI00313,Livro SQL Essencial,Livros,"R$ 76,07",1,Rio de Janeiro/RJ/Brasil,Pix,Entregue
TRX0005193,PED002756,2025-11-04,CLI00313,Tablet 10,eletronicos,"R$ 1.242,22",4,Rio de Janeiro/RJ/Brasil,Pix,Entregue
TRX0005194,PED002757,02/11/2025,CLI00506,Calca Jeans Reta,Moda,"R$ 203,24",1,Belo Horizonte/MG/Brasil,Pix,Entregue
TRX0005195,PED002757,2025-11-02,CLI00506,Notebook Gamer,Eletronicos,"R$ 4.673,93",1,Belo Horizonte/MG/Brasil,Pix,Entregue
TRX0005196,PED002757,2025-11-02,CLI00506,Tablet 10,Eletronicos,1388.68,2,Belo Horizonte/MG/Brasil,Pix,Entregue
TRX0005197,PED002757,02/11/2025,CLI00506,Smart TV 50,Eletronicos,"R$ 2.508,87",2,Belo Horizonte/MG/Brasil,Pix,Entregue
TRX0005198,PED002758,2025-11-06,CLI00320,Tenis Corrida Leve,Esporte,333.27,3,Brasilia/DF/Brasil,Cartao de Credito,Entregue
TRX0005199,PED002758,06/11/2025,CLI00320,Headset Gamer,Acessorios,246.27,2,Brasilia/DF/Brasil,Cartao de Credito,Entregue
TRX0005200,PED002759,21/11/2025,CLI00652,Tenis Corrida Leve,Esporte,"R$ 315,88",1,Fortaleza/CE/Brasil,Cartao de Credito,Entregue
TRX0005201,PED002759,21-11-2025,CLI00652,Hub USB-C,Acessorios,"133,35",1,Fortaleza/CE/Brasil,Cartao de Credito,ENTREGUE
TRX0005202,PED002760,15/11/2025,CLI00360,Carregador Turbo,Acessorios,"R$ 105,54",3,Belo Horizonte/MG/Brasil,Cartao de Credito,Entregue
TRX0005203,PED002761,2025-11-20,CLI00029,Livro SQL Essencial,Livros,81.91,1,Campinas/SP/Brasil,Cartao de Credito,Entregue
TRX0005204,PED002762,20-11-2025,CLI00471,Livro SQL Essencial,Livros,"R$ 75,73",1,Rio de Janeiro/RJ/Brasil,Cartao de Credito,ENTREGUE
,PED002763,24-11-2025,CLI00449,Smartphone X200,Eletronicos,2234.28,1,Rio de Janeiro/RJ/Brasil,Pix,Entregue
TRX0005206,PED002764,2025-11-24,CLI00449,Monitor 27,Eletronicos,"R$ 1.230,22",2,Rio de Janeiro/RJ/Brasil,Cartao de Credito,Processando
TRX0005207,PED002765,2025-11-10,CLI00605,Calca Jeans Reta,Moda,"R$ 202,46",3,Belo Horizonte/MG/Brasil,Pix,ENTREGUE
TRX0005208,PED002765,2025-11-10,CLI00605,Luminaria de Mesa,Casa,,1,Belo Horizonte/MG/Brasil,Pix,Entregue
TRX0005209,PED002765,10/11/2025,CLI00605,Smartphone X200,Eletronicos,"R$ 2.137,05",1,Belo Horizonte/MG/Brasil,Pix,ENTREGUE
TRX0005210,PED002766,2025-11-19,CLI00130,Capa para Smartphone,Acessórios,"R$ 50,06",1,Sao Paulo/SP/Brasil,Cartao de Credito,Entregue
TRX0005211,PED002767,2025-11-28,CLI00563,Notebook Gamer,Eletronicos,5107.02,1,Porto Alegre/RS/Brasil,Cartao de Credito,Enviado
TRX0005212,PED002767,2025-11-28,CLI00563,Headset Gamer,Acessorios,"248,49",1,Porto Alegre/RS/Brasil,Cartao de Credito,Enviado
TRX0005213,PED002768,04/11/2025,CLI00539,Notebook Gamer,Eletronicos,"4.697,09",2,Rio de Janeiro/RJ/Brasil,Cartao de Credito,Entregue
TRX0005214,PED002768,2025-11-04,CLI00539,Mouse Sem Fio,Acessorios,88.24,1,Rio de Janeiro/RJ/Brasil,Cartao de Credito,entregue
TRX0005215,PED002769,,CLI00536,Jogo de Panelas,CASA,"R$ 410,89",1,Florianopolis/SC/Brasil,Cartao de Debito,Entregue
TRX0005216,PED002769,2025-11-06,CLI00536,Tapete de Yoga,Esporte,150.35,1,Florianopolis/SC/Brasil,Cartao de Debito,entregue
TRX0003918,PED002091,2025-07-24,CLI00385,Headset Gamer,Acessorios,"272,69",1,Belo Horizonte/MG/Brasil,Cartao de Credito,Entregue
TRX0005217,PED002769,2025-11-06,CLI00536,Vestido Midi,Moda,"R$ 222,82",1,Florianopolis/SC/Brasil,Cartao de Debito,Entregue
TRX0005218,PED002770,2025-11-23,CLI00577,Carregador Turbo,Acessorios,"R$ 106,28",2,Rio de Janeiro/RJ/Brasil,Cartao de Credito,Entregue
TRX0005219,PED002770,23/11/2025,CLI00577,Mochila para Notebook,Acessorios,"173,54",1,Rio de Janeiro/RJ/Brasil,Cartao de Credito,Entregue
TRX0005220,PED002771,23-11-2025,CLI00389,Camisa Social Slim,moda,"167,81",1,Sao Paulo/SP/Brasil,Cartao de Credito,Devolvido
TRX0005221,PED002772,12/11/2025,CLI00649,Livro Historia do Brasil,Livros,70.23,1,Curitiba/PR/Brasil,Pix,Enviado
TRX0005222,PED002772,2025-11-12,CLI00649,Notebook Gamer,Eletronicos,4661.51,1,Curitiba/PR/Brasil,Pix,Enviado
TRX0005223,PED002773,06-11-2025,CLI00547,Luminaria de Mesa,Casa,"134,96",2,Sao Paulo/SP/Brasil,Pix,Entregue
TRX0005224,PED002773,2025-11-06,CLI00547,Tenis Corrida Leve,Esporte,313.26,2,Sao Paulo/SP/Brasil,Pix,Entregue
TRX0005225,PED002773,2025-11-06,CLI00547,Livro SQL Essencial,LIVROS,78.67,1,Sao Paulo/SP/Brasil,Pix,Entregue
TRX0005226,PED002773,2025-11-06,CLI00547,Headset Gamer,Acessorios,"254,75",1,Sao Paulo/SP/Brasil,Pix,Entregue
TRX0005227,PED002774,2025-11-09,CLI00305,Notebook Ultrafino,Eletronicos,"3.289,41",1,Campinas/SP/Brasil,Cartao de Credito,Entregue
TRX0005228,PED002774,2025-11-09,CLI00305,Mouse Sem Fio,acessorios,85.86,1,Campinas/SP/Brasil,Cartao de Credito,Entregue
TRX0005229,PED002774,09/11/2025,CLI00305,Hub USB-C,Acessorios,"R$ 131,95",1,Campinas/SP/Brasil,Cartao de Credito,Entregue
TRX0001035,PED000551,2024-10-17,CLI00615,Mouse Sem Fio,Acessorios,"R$ 94,93",1,Campinas/SP/Brasil,Cartao de Credito,Entregue
TRX0005230,PED002775,30/11/2025,CLI00339,Carregador Turbo,Acessorios,"R$ 105,31",1,Rio de Janeiro/RJ/Brasil,Cartao de Debito,Entregue
TRX0005231,PED002775,2025-11-30,CLI00339,Livro Historia do Brasil,livros,"R$ 73,86",2,Rio de Janeiro/RJ/Brasil,Cartao de Debito,Entregue
TRX0005232,PED002775,2025-11-30,CLI00339,Smart TV 50,eletronicos,"R$ 2.496,26",1,Rio de Janeiro/RJ/Brasil,Cartao de Debito,Entregue
TRX0005233,PED002775,30-11-2025,CLI00339,Livro Dados em Acao,Livros,93.05,1,Rio de Janeiro/RJ/Brasil,Cartao de Debito,Entregue
TRX0006905,PED003644,2026-03-09,CLI00171,Capa para Smartphone,ACESSORIOS,"R$ 53,78",1,Brasilia/DF/Brasil,Cartao de Credito,Entregue
TRX0005234,PED002776,2025-11-05,CLI00508,Teclado Mecanico,Acessorios,351.44,2,Sao Paulo/SP/Brasil,Cartao de Credito,Entregue
TRX0005235,PED002776,2025-11-05,CLI00508,Halteres 10kg,Esporte,"184,96",4,Sao Paulo/SP/Brasil,Cartao de Credito,Entregue
TRX0005236,PED002776,2025-11-05,CLI00508,Smartphone X200,Eletronicos,"R$ 2.294,49",1,Sao Paulo/SP/Brasil,Cartao de Credito,Entregue
TRX0005237,PED002777,2025-11-14,CLI00541,Mouse Sem Fio,Acessorios,93.63,2,Sao Paulo/SP/Brasil,Cartao de Credito,Entregue
TRX0005238,PED002777,2025-11-14,CLI00541,Headset Gamer,Acessorios,"R$ 260,30",2,Sao Paulo/SP/Brasil,Cartao de Credito,ENTREGUE
TRX0001208,PED000644,04/11/2024,CLI00268,Vestido Midi,Moda,"R$ 218,83",2,Salvador/BA/Brasil,Pix,Cancelado
TRX0005239,PED002778,2025-11-27,CLI00184,Cafeteira Eletrica,Casa,275.17,1,Belo Horizonte/MG/Brasil,Cartao de Debito,Enviado
TRX0005240,PED002778,27-11-2025,CLI00184,Tenis Corrida Leve,Esporte,"R$ 335,60",1,Belo Horizonte/MG/Brasil,Cartao de Debito,Enviado
TRX0005241,PED002779,2025-11-16,CLI00090,Liquidificador Potente,Casa,228.28,1,Rio de Janeiro/RJ/Brasil,Pix,Enviado
TRX0005242,PED002780,2025-11-29,CLI00421,Jogo de Panelas,Casa,411.10,1,Porto Alegre/RS/Brasil,Cartao de Credito,Entregue
TRX0005243,PED002780,29/11/2025,CLI00421,Aspirador Robo,Casa,"R$ 1.533,49",2,Porto Alegre/RS/Brasil,Cartao de Credito,Entregue
TRX0005244,PED002781,19-11-2025,CLI00552,Teclado Mecanico,Acessorios,"R$ 338,70",1,Belo Horizonte/MG/Brasil,Cartao de Credito,Entregue
TRX0005245,PED002782,2025-11-18,CLI00544,Teclado Mecanico,Acessorios,367.10,2,Rio de Janeiro/RJ/Brasil,Pix,Entregue
TRX0005246,PED002783,21/11/2025,CLI00160,Luminaria de Mesa,Casa,149.61,1,Brasilia/DF/Brasil,Cartao de Credito,Enviado
TRX0005247,PED002784,2025-11-06,CLI00478,Smart TV 50,Eletronicos,"2.796,40",1,Uberlandia/MG/Brasil,Cartao de Credito,Entregue
TRX0005248,PED002784,2025-11-06,CLI00478,Liquidificador Potente,CASA,"229,07",1,Uberlandia/MG/Brasil,Cartao de Credito,Entregue
TRX0005249,PED002784,2025-11-06,CLI00478,Tapete de Yoga,Esporte,"155,28",1,Uberlandia/MG/Brasil,Cartao de Credito,Entregue
TRX0005250,PED002784,2025-11-06,CLI00478,Camisa Social Slim,Moda,"R$ 167,20",1,Uberlandia/MG/Brasil,Cartao de Credito,Entregue
TRX0005251,PED002784,2025-11-06,CLI00478,Garrafa Termica,Esporte,"122,44",1,Uberlandia/MG/Brasil,Cartao de Credito,Entregue
TRX0005252,PED002785,2025-11-23,CLI00410,Mochila para Notebook,Acessorios,"175,42",1,Campinas/SP/Brasil,Cartao de Debito,Entregue
TRX0005253,PED002785,2025-11-23,CLI00410,Vestido Midi,Moda,220.48,1,Campinas/SP/Brasil,Cartao de Debito,Entregue
TRX0005254,PED002786,,CLI00014,Halteres 10kg,Esporte,"R$ 193,87",1,Curitiba/PR/Brasil,Boleto,Entregue
TRX0005255,PED002787,2025-11-05,CLI00014,Livro Historia do Brasil,Livros,"R$ 72,73",1,Curitiba/PR/Brasil,Cartao de Credito,Entregue
TRX0005256,PED002787,05/11/2025,CLI00014,Vestido Midi,Moda,235.44,1,Curitiba/PR/Brasil,Cartao de Credito,Entregue
TRX0005257,PED002787,05/11/2025,CLI00014,Livro Dados em Acao,Livros,"94,33",2,Curitiba/PR/Brasil,Cartao de Credito,Entregue
TRX0005258,PED002788,2025-11-26,CLI00571,Mouse Sem Fio,Acessorios,86.87,2,Sao Paulo/SP/Brasil,Cartao de Debito,Enviado
TRX0005259,PED002788,26-11-2025,CLI00571,Tablet 10,Eletronicos,1279.80,1,Sao Paulo/SP/Brasil,Cartao de Debito,Enviado
TRX0005260,PED002789,2025-11-07,CLI00519,Monitor 27,Eletrônicos,1240.62,1,Brasilia/DF/Brasil,Cartao de Credito,Entregue
TRX0005261,PED002790,2025-11-21,CLI00547,Jaqueta Corta Vento,Moda,"R$ 278,73",1,Sao Paulo/SP/Brasil,Pix,Entregue
TRX0005262,PED002791,2025-11-02,CLI00256,Monitor 27,eletronicos,1118.82,1,Santos/SP/Brasil,Boleto,Entregue
TRX0005263,PED002791,02/11/2025,CLI00256,Hub USB-C,Acessorios,"R$ 135,58",1,Santos/SP/Brasil,Boleto,Entregue
TRX0005264,PED002791,2025-11-02,CLI00256,Mochila para Notebook,Acessorios,"R$ 174,62",3,Santos/SP/Brasil,Boleto,Entregue
TRX0005265,PED002792,19-11-2025,CLI00523,Camiseta Dry Fit,esporte,85.68,1,Porto Alegre/RS/Brasil,Cartao de Credito,Entregue
TRX0005266,PED002793,2025-11-13,CLI00116,Liquidificador Potente,Casa,"R$ 228,84",1,Belo Horizonte/MG/Brasil,Boleto,Entregue
TRX0005267,PED002794,27-11-2025,CLI00062,Hub USB-C,Acessorios,128.03,3,Curitiba/PR/Brasil,Cartao de Credito,Entregue
TRX0005268,PED002794,27-11-2025,CLI00062,Livro Historia do Brasil,Livros,"67,97",1,Curitiba/PR/Brasil,Cartao de Credito,Entregue
TRX0005269,PED002794,2025-11-27,CLI00062,Carregador Turbo,Acessorios,"99,66",2,Curitiba/PR/Brasil,Cartao de Credito,Entregue
TRX0005270,PED002795,24/11/2025,CLI00339,Aspirador Robo,Casa,1597.91,2,Rio de Janeiro/RJ/Brasil,Cartao de Credito,Entregue
TRX0005271,PED002796,09/11/2025,CLI00021,Aspirador Robo,Casa,"R$ 1.520,65",2,Uberlandia/MG/Brasil,Cartao de Credito,Entregue
TRX0005272,PED002797,2025-11-06,CLI00222,Livro SQL Essencial,LIVROS,79.15,2,Belo Horizonte/MG/Brasil,Cartao de Credito,Entregue
TRX0005273,PED002798,27-11-2025,CLI00605,Mochila para Notebook,Acessorios,"R$ 176,30",1,Belo Horizonte/MG/Brasil,Pix,Devolvido
TRX0005274,PED002799,24-11-2025,CLI00173,Monitor 27,Eletronicos,"1.171,60",1,Sao Paulo/SP/Brasil,Cartao de Credito,Entregue
TRX0005275,PED002799,24/11/2025,CLI00173,Garrafa Termica,ESPORTE,118.17,1,Sao Paulo/SP/Brasil,Cartao de Credito,Entregue
TRX0005276,PED002799,24/11/2025,CLI00173,Headset Gamer,Acessorios,"269,79",2,Sao Paulo/SP/Brasil,Cartao de Credito,entregue
TRX0005277,PED002800,2025-11-30,CLI00637,Livro Dados em Acao,Livros,88.20,1,Porto Alegre/RS/Brasil,Pix,Entregue
TRX0005278,PED002801,2025-11-14,CLI00549,Teclado Mecanico,Acessorios,"373,27",1,Salvador/BA/Brasil,Cartao de Credito,Entregue
TRX0005279,PED002801,14/11/2025,CLI00549,Headset Gamer,Acessorios,"R$ 252,04",1,Salvador/BA/Brasil,Cartao de Credito,Entregue
TRX0005280,PED002802,01/11/2025,CLI00482,Vestido Midi,Moda,217.05,1,Fortaleza/CE/Brasil,Cartao de Credito,Entregue
TRX0005281,PED002802,2025-11-01,CLI00482,Monitor 27,Eletronicos,"R$ 1.223,30",1,Fortaleza/CE/Brasil,Cartao de Credito,Entregue
TRX0005282,PED002803,2025-11-27,CLI00301,Garrafa Termica,esporte,"R$ 119,64",2,Sao Paulo/SP/Brasil,Boleto,Enviado
TRX0005283,PED002804,2025-11-09,CLI00536,Cafeteira Eletrica,Casa,"289,37",1,Florianopolis/SC/Brasil,Cartao de Debito,Entregue
TRX0005284,PED002804,09-11-2025,CLI00536,Teclado Mecanico,Acessorios,"R$ 356,17",2,Florianopolis/SC/Brasil,Cartao de Debito,Entregue
TRX0005285,PED002804,09/11/2025,CLI00536,Liquidificador Potente,Casa,220.76,2,Florianopolis/SC/Brasil,Cartao de Debito,Entregue
TRX0005286,PED002805,16-11-2025,CLI00607,Jogo de Panelas,casa,"R$ 429,94",1,Sao Paulo/SP/Brasil,Pix,Entregue
TRX0005287,PED002806,06-11-2025,CLI00191,Headset Gamer,Acessorios,"247,49",3,Sao Paulo/SP/Brasil,Pix,Entregue
TRX0005288,PED002807,21-11-2025,CLI00448,Carregador Turbo,Acessorios,"R$ 102,10",1,Florianopolis/SC/Brasil,Cartao de Credito,Entregue
TRX0005289,PED002807,21-11-2025,CLI00448,Liquidificador Potente,Casa,"R$ 231,98",1,Florianopolis/SC/Brasil,Cartao de Credito,Entregue
TRX0005290,PED002807,2025-11-21,CLI00448,Notebook Ultrafino,Eletronicos,3673.43,1,Florianopolis/SC/Brasil,Cartao de Credito,Entregue
TRX0005291,PED002808,2025-11-21,CLI00109,Jaqueta Corta Vento,moda,258.89,2,Salvador/BA/Brasil,Pix,Entregue
TRX0005292,PED002809,30/11/2025,CLI00477,Smartphone X200,Eletronicos,"R$ 2.252,06",1,Belo Horizonte/MG/Brasil,Pix,Entregue
TRX0005293,PED002809,2025-11-30,CLI00477,Smart TV 50,Eletronicos,"R$ 2.583,59",3,Belo Horizonte/MG/Brasil,Pix,Entregue
TRX0005294,PED002810,19/11/2025,CLI00598,Tapete de Yoga,Esporte,"160,19",1,Fortaleza/CE/Brasil,Cartao de Credito,Entregue
TRX0005295,PED002810,2025-11-19,CLI00598,Halteres 10kg,Esporte,184.20,2,Fortaleza/CE/Brasil,Cartao de Credito,Entregue
TRX0005296,PED002811,2025-11-18,CLI00301,Camiseta Dry Fit,esporte,79.40,2,Sao Paulo/SP/Brasil,Cartao de Credito,ENVIADO
TRX0005297,PED002812,2025-11-12,CLI00577,Teclado Mecanico,Acessorios,366.15,1,Rio de Janeiro/RJ/Brasil,Pix,Entregue
TRX0005298,PED002812,2025-11-12,CLI00577,Livro Dados em Acao,Livros,"R$ 88,04",2,Rio de Janeiro/RJ/Brasil,Pix,Entregue
TRX0005299,PED002813,2025-11-27,CLI00667,Calca Jeans Reta,Moda,"R$ 1.104,96",1,Belo Horizonte/MG/Brasil,Cartao de Debito,Entregue
TRX0005300,PED002814,12/11/2025,CLI00451,Tablet 10,Eletronicos,1246.08,1,Curitiba/PR/Brasil,Cartao de Credito,Entregue
TRX0005301,PED002814,2025-11-12,CLI00451,Livro Dados em Acao,Livros,"R$ 88,32",1,Curitiba/PR/Brasil,Cartao de Credito,Entregue
TRX0005302,PED002814,2025-11-12,CLI00451,Livro Historia do Brasil,Livros,"R$ 71,77",1,Curitiba/PR/Brasil,Cartao de Credito,Entregue
TRX0005303,PED002814,2025-11-12,CLI00451,Hub USB-C,Acessorios,135.61,1,Curitiba/PR/Brasil,Cartao de Credito,Entregue
TRX0005304,PED002815,2025-11-30,CLI00026,Livro Dados em Acao,Livros,88.62,4,Brasilia/DF/Brasil,Pix,Entregue
TRX0005305,PED002815,30-11-2025,CLI00026,Camisa Social Slim,Moda,158.01,3,Brasilia/DF/Brasil,Pix,Entregue
TRX0005306,PED002816,2025-11-20,CLI00449,Halteres 10kg,Esporte,"R$ 191,25",1,Rio de Janeiro/RJ/Brasil,Cartao de Credito,Entregue
TRX0005307,PED002816,2025-11-20,CLI00449,Vestido Midi,Moda,"R$ 219,47",1,Rio de Janeiro/RJ/Brasil,Cartao de Credito,Entregue
TRX0005308,PED002817,04/11/2025,CLI00037,Jogo de Panelas,Casa,"R$ 387,00",2,Sao Paulo/SP/Brasil,Pix,Enviado
TRX0005309,PED002818,29-11-2025,CLI00339,Headset Gamer,Acessorios,261.63,1,Rio de Janeiro/RJ/Brasil,Cartao de Credito,Entregue
TRX0005310,PED002819,2025-11-16,CLI00555,Tapete de Yoga,Esporte,"R$ 154,72",1,Porto Alegre/RS/Brasil,Pix,Entregue
TRX0005311,PED002819,2025-11-16,CLI00555,Hub USB-C,acessorios,138.75,2,Porto Alegre/RS/Brasil,Pix,Entregue
TRX0005312,PED002820,16/11/2025,CLI00537,Headset Gamer,Acessorios,"264,25",2,Uberlandia/MG/Brasil,Cartao de Credito,Entregue
TRX0005313,PED002821,22/11/2025,CLI00193,Livro Historia do Brasil,LIVROS,"R$ 74,45",3,Salvador/BA/Brasil,Pix,Entregue
TRX0005314,PED002822,29-11-2025,CLI00481,Mouse Sem Fio,Acessorios,87.99,1,Curitiba/PR/Brasil,Pix,Entregue
TRX0005315,PED002822,29/11/2025,CLI00481,Jogo de Panelas,Casa,"405,27",3,Curitiba/PR/Brasil,Pix,Entregue
TRX0005316,PED002823,13/11/2025,CLI00305,Hub USB-C,acessorios,"134,96",1,Campinas/SP/Brasil,Cartao de Credito,Cancelado
TRX0005317,PED002823,2025-11-13,CLI00305,Jogo de Panelas,Casa,"R$ 402,62",1,Campinas/SP/Brasil,Cartao de Credito,Cancelado
TRX0005318,PED002824,12/11/2025,CLI00238,Mochila para Notebook,Acessorios,184.76,2,Brasilia/DF/Brasil,Pix,Entregue
TRX0005319,PED002825,04/11/2025,CLI00417,Camisa Social Slim,Moda,170.00,1,Sao Paulo/SP/Brasil,Boleto,Entregue
TRX0005320,PED002826,2025-11-12,CLI00453,Cafeteira Eletrica,casa,"R$ 276,10",1,Recife/PE/Brasil,Cartao de Debito,Entregue
TRX0005321,PED002826,2025-11-12,CLI00453,Carregador Turbo,Acessorios,"R$ 105,19",1,Recife/PE/Brasil,Cartao de Debito,Entregue
TRX0005322,PED002827,12/11/2025,CLI00556,Tenis Corrida Leve,Esporte,314.19,1,Sao Paulo/SP/Brasil,Pix,Entregue
TRX0004809,PED002561,2025-10-14,CLI00155,Halteres 10kg,ESPORTE,"R$ 181,58",1,Belo Horizonte/MG/Brasil,Cartao de Credito,Entregue
TRX0005323,PED002828,16/11/2025,CLI00555,Livro SQL Essencial,Livros,"R$ 79,49",1,Porto Alegre/RS/Brasil,Cartao de Debito,Entregue
TRX0005324,PED002828,,CLI00555,Tenis Corrida Leve,Esporte,"R$ 333,22",1,Porto Alegre/RS/Brasil,Cartao de Debito,Entregue
TRX0005325,PED002828,16/11/2025,CLI00555,Aspirador Robo,Casa,1579.24,1,Porto Alegre/RS/Brasil,Cartao de Debito,Entregue
TRX0005326,PED002829,2025-11-15,CLI00462,Mouse Sem Fio,Acessorios,"R$ 91,48",2,Goiania/GO/Brasil,Pix,Entregue
TRX0005327,PED002830,2025-11-28,CLI00607,Notebook Gamer,Eletronicos,4675.05,1,Sao Paulo/SP/Brasil,Cartao de Credito,processando
TRX0005328,PED002830,2025-11-28,CLI00607,Livro Historia do Brasil,Livros,"R$ 69,43",2,Sao Paulo/SP/Brasil,Cartao de Credito,Processando
TRX0005329,PED002830,2025-11-28,CLI00607,Mouse Sem Fio,Acessórios,"R$ 87,42",1,Sao Paulo/SP/Brasil,Cartao de Credito,Processando
TRX0005330,PED002830,2025-11-28,CLI00607,Carregador Turbo,Acessorios,"101,02",1,Sao Paulo/SP/Brasil,Cartao de Credito,Processando
TRX0005331,PED002830,28/11/2025,CLI00607,Headset Gamer,Acessorios,"255,86",1,Sao Paulo/SP/Brasil,Cartao de Credito,Processando
TRX0005332,PED002831,2025-11-30,CLI00172,Camiseta Dry Fit,Esporte,"77,42",1,Fortaleza/CE/Brasil,Pix,Entregue
TRX0005333,PED002832,2025-11-17,CLI00577,Livro Historia do Brasil,Livros,"R$ 71,81",1,Rio de Janeiro/RJ/Brasil,Boleto,Entregue
TRX0005334,PED002832,2025-11-17,CLI00577,Livro SQL Essencial,livros,77.94,2,Rio de Janeiro/RJ/Brasil,Boleto,Entregue
TRX0005335,PED002832,2025-11-17,CLI00577,Garrafa Termica,Esporte,"R$ 119,36",2,Rio de Janeiro/RJ/Brasil,Boleto,Entregue
TRX0005336,PED002833,2025-11-06,CLI00607,Capa para Smartphone,acessorios,"R$ 48,56",1,Sao Paulo/SP/Brasil,Cartao de Credito,Entregue
TRX0005337,PED002833,2025-11-06,CLI00607,Aspirador Robo,Casa,"1,2,3",1,Sao Paulo/SP/Brasil,Cartao de Credito,Entregue
TRX0005338,PED002833,06/11/2025,CLI00607,Notebook Ultrafino,Eletronicos,"R$ 3.345,93",1,Sao Paulo/SP/Brasil,Cartao de Credito,Entregue
TRX0005339,PED002833,2025-11-06,CLI00607,Liquidificador Potente,Casa,"228,68",1,Sao Paulo/SP/Brasil,Cartao de Credito,Entregue
TRX0005340,PED002833,06-11-2025,CLI00607,Tablet 10,Eletronicos,"R$ 1.311,04",4,Sao Paulo/SP/Brasil,Cartao de Credito,Entregue
TRX0005341,PED002834,2025-11-08,CLI00075,Tablet 10,Eletronicos,"R$ 1.289,41",4,Campinas/SP/Brasil,Cartao de Credito,Cancelado
TRX0005342,PED002834,08-11-2025,CLI00075,Hub USB-C,Acessorios,"R$ 130,40",1,Campinas/SP/Brasil,Cartao de Credito,Cancelado
TRX0005343,PED002834,08-11-2025,CLI00075,Jogo de Panelas,Casa,"413,80",1,Campinas/SP/Brasil,Cartao de Credito,CANCELADO
TRX0005344,PED002835,2025-11-09,CLI00544,Notebook Gamer,Eletronicos,"4.954,17",1,Rio de Janeiro/RJ/Brasil,Boleto,Enviado
TRX0005345,PED002835,09-11-2025,CLI00544,Mouse Sem Fio,Acessorios,"91,50",1,Rio de Janeiro/RJ/Brasil,Boleto,Enviado
TRX0005346,PED002836,2025-11-26,CLI00228,Jaqueta Corta Vento,Moda,269.95,-2,Rio de Janeiro/RJ/Brasil,Pix,Enviado
TRX0005347,PED002836,2025-11-26,CLI00228,Notebook Gamer,Eletronicos,4730.84,-1,Rio de Janeiro/RJ/Brasil,Pix,Enviado
TRX0005348,PED002837,2025-11-12,CLI00637,Garrafa Termica,ESPORTE,"R$ 123,75",3,Porto Alegre/RS/Brasil,Pix,Entregue
TRX0005349,PED002837,12/11/2025,CLI00637,Smart TV 50,eletronicos,2743.92,1,Porto Alegre/RS/Brasil,Pix,Entregue
TRX0005350,PED002838,09/11/2025,CLI00658,Carregador Turbo,Acessorios,"97,78",1,Goiania/GO/Brasil,Cartao de Credito,Entregue
TRX0005351,PED002838,2025-11-09,CLI00658,Livro Historia do Brasil,Livros,69.38,2,Goiania/GO/Brasil,Cartao de Credito,Entregue
TRX0005352,PED002838,2025-11-09,CLI00658,Tapete de Yoga,Esporte,"148,72",1,Goiania/GO/Brasil,Cartao de Credito,Entregue
TRX0005353,PED002838,09/11/2025,CLI00658,Headset Gamer,Acessorios,"276,68",2,Goiania/GO/Brasil,Cartao de Credito,ENTREGUE
TRX0005354,PED002838,2025-11-09,CLI00658,Tablet 10,Eletronicos,"R$ 1.240,81",2,Goiania/GO/Brasil,Cartao de Credito,Entregue
TRX0005355,PED002839,15/11/2025,CLI00555,Notebook Ultrafino,Eletronicos,3604.79,1,Porto Alegre/RS/Brasil,Pix,Entregue
TRX0005356,PED002840,2025-11-06,CLI00021,Livro Historia do Brasil,livros,66.89,2,Uberlandia/MG/Brasil,Cartao de Credito,Entregue
TRX0005357,PED002841,2025-11-11,CLI00652,Headset Gamer,Acessorios,"253,70",3,Fortaleza/CE/Brasil,Cartao de Credito,Processando
TRX0005358,PED002841,2025-11-11,CLI00652,Aspirador Robo,casa,"R$ 1.715,49",2,Fortaleza/CE/Brasil,Cartao de Credito,Processando
TRX0005359,PED002842,2025-11-16,CLI00222,Livro Historia do Brasil,Livros,"73,80",1,Belo Horizonte/MG/Brasil,Cartao de Credito,Entregue
TRX0005360,PED002842,2025-11-16,CLI00222,Livro Dados em Acao,Livros,"R$ 85,02",2,Belo Horizonte/MG/Brasil,Cartao de Credito,Entregue
TRX0005361,PED002843,09/11/2025,CLI00232,Mochila para Notebook,Acessorios,176.23,1,Sao Paulo/SP/Brasil,Cartao de Credito,Enviado
TRX0005362,PED002844,2025-11-01,CLI00605,Vestido Midi,Moda,"R$ 215,09",1,Belo Horizonte/MG/Brasil,Cartao de Debito,Entregue
TRX0005363,PED002845,2025-11-19,CLI00357,Camiseta Dry Fit,Esporte,"R$ 77,55",3,Santos/SP/Brasil,Boleto,Entregue
TRX0005364,PED002846,2025-11-18,CLI00613,Liquidificador Potente,Casa,"R$ 230,85",2,Florianopolis/SC/Brasil,Cartao de Credito,Entregue
TRX0005365,PED002847,2025-11-22,CLI00192,Smartphone X200,Eletronicos,2283.28,1,Campinas/SP/Brasil,Pix,Entregue
TRX0005366,PED002847,2025-11-22,CLI00192,Carregador Turbo,Acessorios,105.21,1,Campinas/SP/Brasil,Pix,Entregue
TRX0005367,PED002848,2025-11-20,CLI00296,Garrafa Termica,ESPORTE,"R$ 113,14",1,Sao Paulo/SP/Brasil,Cartao de Credito,devolvido
TRX0005368,PED002849,2025-11-23,CLI00463,Cafeteira Eletrica,Casa,"R$ 275,80",1,Sao Paulo/SP/Brasil,Cartao de Credito,Cancelado
TRX0005369,PED002850,07-11-2025,CLI00014,Capa para Smartphone,Acessorios,"R$ 48,70",1,Curitiba/PR/Brasil,Cartao de Credito,Entregue
TRX0005370,PED002850,07/11/2025,CLI00014,Tapete de Yoga,Esporte,"145,04",1,Curitiba/PR/Brasil,Cartao de Credito,Entregue
TRX0005371,PED002851,28-11-2025,CLI00252,Aspirador Robo,Casa,1657.93,1,Sao Paulo/SP/Brasil,Boleto,Entregue
TRX0005372,PED002852,01/11/2025,CLI00305,Capa para Smartphone,Acessorios,"R$ 53,60",1,Campinas/SP/Brasil,Pix,Entregue
TRX0005373,PED002852,01-11-2025,CLI00305,Camisa Social Slim,moda,166.25,2,Campinas/SP/Brasil,Pix,Entregue
TRX0005374,PED002853,2025-11-06,CLI00410,Liquidificador Potente,Casa,211.98,1,Campinas/SP/Brasil,Cartao de Credito,CANCELADO
TRX0005375,PED002854,2025-11-18,CLI00359,Calca Jeans Reta,Moda,200.85,1,Sao Paulo/SP/Brasil,Boleto,Entregue
TRX0005376,PED002855,04/11/2025,CLI00577,Jaqueta Corta Vento,MODA,"R$ 283,33",1,Rio de Janeiro/RJ/Brasil,Cartao de Debito,Entregue
TRX0005377,PED002856,2025-11-04,CLI00050,Smartphone X200,Eletronicos,"2.236,32",1,Curitiba/PR/Brasil,Pix,Entregue
TRX0005378,PED002857,29/11/2025,CLI00191,Mochila para Notebook,Acessorios,170.53,1,Sao Paulo/SP/Brasil,Cartao de Credito,Entregue
TRX0005379,PED002858,2025-11-10,CLI00541,Luminaria de Mesa,Casa,"135,80",1,Sao Paulo/SP/Brasil,Cartao de Credito,Entregue
TRX0005380,PED002859,2025-11-29,CLI00158,Camiseta Dry Fit,Esporte,80.57,1,Rio de Janeiro/RJ/Brasil,Cartao de Credito,entregue
TRX0005381,PED002859,2025-11-29,CLI00158,Cafeteira Eletrica,CASA,288.95,1,Rio de Janeiro/RJ/Brasil,Cartao de Credito,entregue
TRX0005382,PED002860,2025-11-27,CLI00460,Tapete de Yoga,esporte,"R$ 144,76",1,Sao Paulo/SP/Brasil,Cartao de Credito,Entregue
TRX0005383,PED002861,04-11-2025,CLI00643,Capa para Smartphone,Acessorios,"R$ 53,73",1,Sao Paulo/SP/Brasil,Boleto,Entregue
TRX0005384,PED002861,2025-11-04,CLI00643,Tablet 10,Eletronicos,"R$ 1.329,38",2,Sao Paulo/SP/Brasil,Boleto,Entregue
TRX0005385,PED002861,04/11/2025,CLI00643,Vestido Midi,Moda,"222,36",4,Sao Paulo/SP/Brasil,Boleto,Entregue
TRX0005386,PED002861,2025-11-04,CLI00643,Hub USB-C,Acessorios,"R$ 125,79",1,Sao Paulo/SP/Brasil,Boleto,Entregue
TRX0005387,PED002862,03/11/2025,CLI00005,Livro Historia do Brasil,Livros,67.13,2,Curitiba/PR/Brasil,Cartao de Credito,Entregue
TRX0005388,PED002862,03/11/2025,CLI00005,Hub USB-C,Acessorios,"R$ 129,80",1,Curitiba/PR/Brasil,Cartao de Credito,Entregue
TRX0005389,PED002862,2025-11-03,CLI00005,Camiseta Dry Fit,Esporte,77.46,1,Curitiba/PR/Brasil,Cartao de Credito,Entregue
TRX0005390,PED002862,03/11/2025,CLI00005,Notebook Ultrafino,Eletronicos,"3.418,51",1,Curitiba/PR/Brasil,Cartao de Credito,Entregue
TRX0005391,PED002863,2025-11-25,CLI00552,Mouse Sem Fio,Acessorios,"87,96",2,Belo Horizonte/MG/Brasil,Cartao de Credito,Entregue
TRX0005392,PED002864,10-11-2025,CLI00321,Notebook Ultrafino,Eletrônicos,"R$ 3.500,43",3,Rio de Janeiro/RJ/Brasil,Cartao de Debito,entregue
TRX0005393,PED002864,10/11/2025,CLI00321,Teclado Mecanico,ACESSORIOS,354.58,2,Rio de Janeiro/RJ/Brasil,Cartao de Debito,Entregue
TRX0005394,PED002865,27-11-2025,CLI00652,Monitor 27,Eletronicos,1129.97,3,Fortaleza/CE/Brasil,Cartao de Credito,Entregue
TRX0005395,PED002866,17-11-2025,CLI00547,Camiseta Dry Fit,esporte,"R$ 84,36",3,Sao Paulo/SP/Brasil,Cartao de Debito,Processando
TRX0005396,PED002866,2025-11-17,CLI00547,Aspirador Robo,Casa,"R$ 1.646,40",1,Sao Paulo/SP/Brasil,Cartao de Debito,Processando
TRX0005397,PED002867,2025-11-03,CLI00108,Monitor 27,Eletronicos,1201.60,2,Goiania/GO/Brasil,Cartao de Debito,Entregue
TRX0005398,PED002868,12/11/2025,CLI00647,Mouse Sem Fio,Acessorios,96.60,1,Recife/PE/Brasil,Cartao de Credito,Entregue
TRX0005399,PED002869,2025-11-08,CLI00248,Headset Gamer,Acessorios,"R$ 276,24",2,Sao Paulo/SP/Brasil,Cartao de Credito,Entregue
TRX0005400,PED002869,2025-11-08,CLI00248,Camisa Social Slim,Moda,157.59,3,Sao Paulo/SP/Brasil,Cartao de Credito,Entregue
TRX0005401,PED002869,08/11/2025,CLI00248,Notebook Ultrafino,Eletronicos,3449.71,2,Sao Paulo/SP/Brasil,Cartao de Credito,Entregue
TRX0005402,PED002869,2025-11-08,CLI00248,Smart TV 50,Eletronicos,"R$ 2.672,36",1,Sao Paulo/SP/Brasil,Cartao de Credito,Entregue
TRX0005403,PED002869,2025-11-08,CLI00248,Smartphone X200,ELETRONICOS,"R$ 2.112,30",1,Sao Paulo/SP/Brasil,Cartao de Credito,Entregue
TRX0005404,PED002870,2025-11-28,CLI00675,Hub USB-C,acessorios,"R$ 136,50",1,Santos/SP/Brasil,Cartao de Credito,Devolvido
TRX0005405,PED002871,2025-11-23,CLI00643,Cafeteira Eletrica,Casa,306.58,3,Sao Paulo/SP/Brasil,Boleto,Entregue
TRX0005406,PED002871,2025-11-23,CLI00643,Liquidificador Potente,Casa,236.23,1,Sao Paulo/SP/Brasil,Boleto,Entregue
TRX0005407,PED002872,2025-11-24,CLI00542,Hub USB-C,Acessorios,"R$ 131,11",1,Curitiba/PR/Brasil,Pix,Entregue
TRX0005408,PED002872,24/11/2025,CLI00542,Teclado Mecanico,Acessorios,"R$ 376,10",1,Curitiba/PR/Brasil,Pix,Entregue
TRX0005409,PED002872,24/11/2025,CLI00542,Jogo de Panelas,Casa,"R$ 379,85",1,Curitiba/PR/Brasil,Pix,Entregue
TRX0005410,PED002872,24/11/2025,CLI00542,Smart TV 50,Eletronicos,22528.36,1,Curitiba/PR/Brasil,Pix,Entregue
TRX0005411,PED002872,2025-11-24,CLI00542,Livro SQL Essencial,Livros,77.53,1,Curitiba/PR/Brasil,Pix,Entregue
TRX0005412,PED002873,2025-11-12,CLI00277,Vestido Midi,Moda,"R$ 214,22",3,Brasilia/DF/Brasil,Pix,Entregue
TRX0005413,PED002873,12/11/2025,CLI00277,Camiseta Dry Fit,Esporte,84.42,2,Brasilia/DF/Brasil,Pix,Entregue
TRX0005414,PED002873,2025-11-12,CLI00277,Cafeteira Eletrica,Casa,287.65,1,Brasilia/DF/Brasil,Pix,Entregue
TRX0005415,PED002874,15/11/2025,CLI00542,Mouse Sem Fio,Acessorios,"92,38",1,Curitiba/PR/Brasil,Pix,Entregue
TRX0005416,PED002875,01-11-2025,CLI00243,Mouse Sem Fio,Acessorios,"92,71",1,Rio de Janeiro/RJ/Brasil,Cartao de Credito,Devolvido
TRX0005417,PED002875,2025-11-01,CLI00243,Livro Dados em Acao,LIVROS,"R$ 92,13",1,Rio de Janeiro/RJ/Brasil,Cartao de Credito,Devolvido
TRX0005418,PED002875,2025-11-01,CLI00243,Cafeteira Eletrica,Casa,"302,56",2,Rio de Janeiro/RJ/Brasil,Cartao de Credito,Devolvido
TRX0005419,PED002876,2025-11-09,CLI00536,Tapete de Yoga,Esporte,155.05,2,Florianopolis/SC/Brasil,Cartao de Debito,Entregue
TRX0005420,PED002876,2025-11-09,CLI00536,Calca Jeans Reta,moda,"R$ 202,39",3,Florianopolis/SC/Brasil,Cartao de Debito,Entregue
TRX0005421,PED002876,2025-11-09,CLI00536,Garrafa Termica,Esporte,"122,36",1,Florianopolis/SC/Brasil,Cartao de Debito,Entregue
TRX0005422,PED002877,2025-11-07,CLI00385,Halteres 10kg,Esporte,194.80,1,Belo Horizonte/MG/Brasil,Boleto,Entregue
TRX0005423,PED002877,07/11/2025,CLI00385,Capa para Smartphone,Acessorios,"R$ 52,00",1,Belo Horizonte/MG/Brasil,Boleto,Entregue
TRX0005424,PED002878,17/11/2025,CLI00011,Livro Historia do Brasil,Livros,67.30,2,Sao Paulo/SP/Brasil,Cartao de Credito,Entregue
TRX0005425,PED002878,2025-11-17,CLI00011,Hub USB-C,Acessorios,"127,98",1,Sao Paulo/SP/Brasil,Cartao de Credito,Entregue
TRX0005426,PED002879,2025-11-27,CLI00551,Liquidificador Potente,Casa,"R$ 213,51",1,Belo Horizonte/MG/Brasil,Boleto,Entregue
TRX0005427,PED002880,2025-11-19,CLI00471,Garrafa Termica,Esporte,113.33,1,Rio de Janeiro/RJ/Brasil,Cartao de Credito,Entregue
TRX0005428,PED002881,2025-11-19,CLI00093,Garrafa Termica,Esporte,114.76,2,Santos/SP/Brasil,Cartao de Credito,ENTREGUE
TRX0005429,PED002881,19/11/2025,CLI00093,Calca Jeans Reta,Moda,198.21,1,Santos/SP/Brasil,Cartao de Credito,Entregue
TRX0005430,PED002881,2025-11-19,CLI00093,Tenis Corrida Leve,Esporte,351.73,1,Santos/SP/Brasil,Cartao de Credito,Entregue
TRX0005431,PED002882,2025-11-03,CLI00685,Livro SQL Essencial,Livros,"R$ 80,50",1,Curitiba/PR/Brasil,Cartao de Credito,Entregue
TRX0005432,PED002883,17/11/2025,CLI00352,Notebook Ultrafino,Eletronicos,"R$ 3.606,13",2,Sao Paulo/SP/Brasil,Cartao de Credito,Enviado
TRX0005433,PED002883,2025-11-17,CLI00352,Capa para Smartphone,Acessorios,"R$ 51,37",3,Sao Paulo/SP/Brasil,Cartao de Credito,Enviado
TRX0005434,PED002883,17-11-2025,CLI00352,Monitor 27,Eletronicos,1145.69,3,Sao Paulo/SP/Brasil,Cartao de Credito,Enviado
TRX0005435,PED002883,17/11/2025,CLI00352,Hub USB-C,Acessorios,"R$ 131,57",1,Sao Paulo/SP/Brasil,Cartao de Credito,Enviado
TRX0005436,PED002883,17/11/2025,CLI00352,Livro Dados em Acao,Livros,"91,10",1,Sao Paulo/SP/Brasil,Cartao de Credito,Enviado
TRX0005437,PED002884,2025-11-14,CLI00299,Camisa Social Slim,Moda,170.41,1,Curitiba/PR/Brasil,Boleto,ENTREGUE
TRX0005438,PED002884,14-11-2025,CLI00299,Teclado Mecanico,Acessorios,"R$ 361,08",1,Curitiba/PR/Brasil,Boleto,Entregue
TRX0005439,PED002885,2025-11-04,CLI00171,Liquidificador Potente,Casa,214.52,1,Brasilia/DF/Brasil,Cartao de Debito,devolvido
TRX0005440,PED002886,21-11-2025,CLI00299,Teclado Mecanico,Acessorios,372.98,2,Curitiba/PR/Brasil,Cartao de Credito,Entregue
TRX0005441,PED002887,2025-11-09,CLI00339,Hub USB-C,Acessorios,137.92,1,Rio de Janeiro/RJ/Brasil,Boleto,Processando
TRX0005442,PED002887,09/11/2025,CLI00339,Notebook Gamer,Eletronicos,"5.121,68",1,Rio de Janeiro/RJ/Brasil,Boleto,Processando
TRX0005443,PED002888,2025-11-15,CLI00173,Halteres 10kg,Esporte,"R$ 192,15",2,Sao Paulo/SP/Brasil,Cartao de Credito,Entregue
TRX0005444,PED002889,2025-11-22,CLI00375,Notebook Gamer,Eletronicos,"4.673,83",1,Belo Horizonte/MG/Brasil,Pix,Cancelado
TRX0005445,PED002890,2025-11-17,CLI00637,Calca Jeans Reta,Moda,191.44,1,Porto Alegre/RS/Brasil,Boleto,Processando
TRX0005446,PED002891,19/11/2025,CLI00675,Jaqueta Corta Vento,Moda,"256,44",1,Santos/SP/Brasil,Cartao de Credito,Entregue
TRX0005447,PED002891,19-11-2025,CLI00675,Cafeteira Eletrica,Casa,276.09,1,Santos/SP/Brasil,Cartao de Credito,Entregue
TRX0005448,PED002892,2025-11-14,CLI00011,Smartphone X200,Eletronicos,"2.373,58",1,Sao Paulo/SP/Brasil,Cartao de Credito,Entregue
TRX0005449,PED002892,14/11/2025,CLI00011,Headset Gamer,Acessórios,266.33,2,Sao Paulo/SP/Brasil,Cartao de Credito,Entregue
TRX0005450,PED002893,2025-11-23,CLI00131,Carregador Turbo,Acessorios,"101,73",2,Sao Paulo/SP/Brasil,Pix,Devolvido
TRX0005451,PED002894,2025-11-12,CLI00121,Jaqueta Corta Vento,Moda,285.23,1,Uberlandia/MG/Brasil,Pix,Entregue
TRX0005452,PED002894,2025-11-12,CLI00121,Headset Gamer,Acessorios,"276,94",1,Uberlandia/MG/Brasil,Pix,Entregue
TRX0005453,PED002895,2025-11-02,CLI00624,Monitor 27,ELETRONICOS,"R$ 1.138,56",3,Sao Paulo/SP/Brasil,Cartao de Credito,Entregue
TRX0005454,PED002896,2025-11-26,CLI00613,Calca Jeans Reta,Moda,194.89,1,Florianopolis/SC/Brasil,Cartao de Credito,Entregue
TRX0005455,PED002896,2025-11-26,CLI00613,Vestido Midi,Moda,218.29,2,Florianopolis/SC/Brasil,Cartao de Credito,entregue
TRX0005456,PED002897,2025-11-19,CLI00059,Tablet 10,Eletronicos,"R$ 1.377,98",1,Santos/SP/Brasil,Boleto,Entregue
TRX0005457,PED002897,,CLI00059,Smartphone X200,Eletronicos,"R$ 2.130,11",1,Santos/SP/Brasil,Boleto,Entregue
TRX0001676,PED000888,24/12/2024,CLI00551,Livro SQL Essencial,Livros,"R$ 79,08",1,Belo Horizonte/MG/Brasil,Cartao de Credito,Entregue
TRX0005458,PED002898,29/11/2025,,Camiseta Dry Fit,Esporte,"79,42",1,Rio de Janeiro/RJ/Brasil,Pix,Entregue
TRX0005459,PED002898,2025-11-29,CLI00577,Luminaria de Mesa,Casa,145.02,1,Rio de Janeiro/RJ/Brasil,Pix,Entregue
TRX0005460,PED002898,29/11/2025,CLI00577,Mochila para Notebook,Acessorios,"171,84",1,Rio de Janeiro/RJ/Brasil,Pix,ENTREGUE
,PED002899,2025-11-04,CLI00556,Teclado Mecanico,Acessorios,"R$ 367,63",1,Sao Paulo/SP/Brasil,Pix,Entregue
TRX0005462,PED002899,2025-11-04,CLI00556,Cafeteira Eletrica,Casa,"R$ 307,64",1,Sao Paulo/SP/Brasil,Pix,Entregue
TRX0005463,PED002900,2025-11-07,CLI00222,Tapete de Yoga,Esporte,154.78,1,Belo Horizonte/MG/Brasil,Pix,Devolvido
TRX0005464,PED002900,2025-11-07,CLI00222,Garrafa Termica,Esporte,"R$ 113,51",1,Belo Horizonte/MG/Brasil,Pix,Devolvido
TRX0005465,PED002901,2025-11-15,CLI00005,Liquidificador Potente,Casa,212.27,1,Curitiba/PR/Brasil,Cartao de Credito,Devolvido
TRX0005466,PED002901,15-11-2025,CLI00005,Livro Dados em Acao,Livros,92.09,2,Curitiba/PR/Brasil,Cartao de Credito,Devolvido
TRX0005467,PED002901,15-11-2025,CLI00005,Vestido Midi,Moda,"R$ 231,88",2,Curitiba/PR/Brasil,Cartao de Credito,Devolvido
TRX0005468,PED002901,2025-11-15,CLI00005,Jogo de Panelas,Casa,"400,67",1,Curitiba/PR/Brasil,Cartao de Credito,Devolvido
TRX0005469,PED002902,2025-11-02,CLI00315,,Esporte,153.40,1,Campinas/SP/Brasil,Cartao de Credito,Entregue
TRX0005470,PED002902,02-11-2025,CLI00315,Halteres 10kg,Esporte,202.83,1,Campinas/SP/Brasil,Cartao de Credito,Entregue
TRX0008075,PED004261,05/06/2026,CLI00562,Camiseta Dry Fit,Esporte,81.81,1,Florianopolis/SC/Brasil,Cartao de Credito,Entregue
TRX0005471,PED002902,2025-11-02,CLI00315,Garrafa Termica,Esporte,125.07,3,Campinas/SP/Brasil,Cartao de Credito,Entregue
TRX0005472,PED002903,2025-11-13,CLI00577,Hub USB-C,Acessorios,"R$ 134,06",2,Rio de Janeiro/RJ/Brasil,Pix,Enviado
TRX0005473,PED002904,2025-11-26,CLI00258,Jaqueta Corta Vento,Moda,"R$ 261,66",1,Salvador/BA/Brasil,Cartao de Credito,Entregue
TRX0005474,PED002905,17-11-2025,CLI00267,Livro Dados em Acao,Livros,91.82,1,Sao Paulo/SP/Brasil,Cartao de Credito,Entregue
TRX0005475,PED002905,17/11/2025,CLI00267,Capa para Smartphone,ACESSORIOS,51.09,2,Sao Paulo/SP/Brasil,Cartao de Credito,Entregue
TRX0005476,PED002905,2025-11-17,CLI00267,Luminaria de Mesa,Casa,"R$ 143,98",1,Sao Paulo/SP/Brasil,Cartao de Credito,Entregue
TRX0005477,PED002905,2025-11-17,CLI00267,Jogo de Panelas,CASA,408.24,1,Sao Paulo/SP/Brasil,Cartao de Credito,Entregue
TRX0005478,PED002906,2025-11-22,CLI00315,Camiseta Dry Fit,esporte,85.47,1,Campinas/SP/Brasil,Pix,Entregue
TRX0005479,PED002906,2025-11-22,CLI00315,Notebook Gamer,Eletronicos,5104.13,1,Campinas/SP/Brasil,Pix,Entregue
TRX0005480,PED002907,2025-11-27,CLI00173,Cafeteira Eletrica,Casa,"309,38",2,Sao Paulo/SP/Brasil,Cartao de Credito,Extraviado
TRX0005481,PED002907,27/11/2025,CLI00173,Liquidificador Potente,CASA,231.20,2,Sao Paulo/SP/Brasil,Cartao de Credito,Entregue
TRX0005482,PED002908,2025-11-21,CLI00555,Liquidificador Potente,CASA,"R$ 215,29",2,Porto Alegre/RS/Brasil,Cartao de Debito,Entregue
TRX0005483,PED002908,2025-11-21,CLI00555,Smart TV 50,Eletronicos,"2.655,66",2,Porto Alegre/RS/Brasil,Cartao de Debito,Entregue
TRX0005484,PED002909,2025-11-22,CLI00417,Calca Jeans Reta,MODA,"R$ 200,40",1,Sao Paulo/SP/Brasil,Cartao de Credito,Enviado
TRX0005485,PED002910,2025-11-15,CLI00461,Livro Dados em Acao,livros,"91,17",1,Porto Alegre/RS/Brasil,Boleto,Entregue
TRX0005486,PED002911,01/11/2025,CLI00448,Vestido Midi,Moda,"R$ 224,95",1,Florianopolis/SC/Brasil,Cartao de Credito,Entregue
TRX0005487,PED002911,2025-11-01,CLI00448,Headset Gamer,Acessorios,"R$ 254,25",1,Florianopolis/SC/Brasil,Cartao de Credito,Entregue
TRX0005488,PED002911,2025-11-01,CLI00448,Capa para Smartphone,Acessorios,"R$ 49,28",1,Florianopolis/SC/Brasil,Cartao de Credito,Entregue
TRX0005489,PED002911,2025-11-01,CLI00448,Livro Dados em Acao,Livros,"90,90",1,Florianopolis/SC/Brasil,Cartao de Credito,Entregue
TRX0005490,PED002912,20-11-2025,CLI00669,Notebook Gamer,Eletronicos,4928.97,3,Salvador/BA/Brasil,Cartao de Credito,Processando
TRX0005491,PED002913,25-11-2025,CLI00277,Smartphone X200,Eletronicos,"R$ 2.287,26",1,Brasilia/DF/Brasil,Pix,Entregue
TRX0005492,PED002913,25/11/2025,CLI00277,Capa para Smartphone,Acessorios,"53,14",1,Brasilia/DF/Brasil,Pix,Entregue
TRX0005493,PED002914,15/11/2025,CLI00291,Camisa Social Slim,Moda,153.55,1,Rio de Janeiro/RJ/Brasil,Cartao de Credito,Entregue
TRX0005494,PED002914,15/11/2025,CLI00291,Tenis Corrida Leve,Esporte,"R$ 354,69",1,Rio de Janeiro/RJ/Brasil,Cartao de Credito,Entregue
TRX0005495,PED002914,2025-11-15,CLI00291,Tapete de Yoga,Esporte,"R$ 156,00",2,Rio de Janeiro/RJ/Brasil,Cartao de Credito,Entregue
TRX0005496,PED002915,2025-11-03,CLI00232,Notebook Gamer,Eletronicos,4890.24,3,Sao Paulo/SP/Brasil,Cartao de Debito,Entregue
TRX0005497,PED002915,2025-11-03,CLI00232,Mouse Sem Fio,acessorios,90.52,1,Sao Paulo/SP/Brasil,Cartao de Debito,entregue
TRX0005498,PED002916,20/11/2025,CLI00541,Liquidificador Potente,Casa,"R$ 229,81",4,Sao Paulo/SP/Brasil,Boleto,Entregue
TRX0005499,PED002916,20/11/2025,CLI00541,Calca Jeans Reta,Moda,179.93,1,Sao Paulo/SP/Brasil,Boleto,Entregue
TRX0005500,PED002916,2025-11-20,CLI00541,Notebook Gamer,Eletronicos,5234.78,1,Sao Paulo/SP/Brasil,Boleto,Entregue
TRX0005501,PED002917,2025-11-26,CLI00292,Vestido Midi,Moda,213.19,1,Uberlandia/MG/Brasil,Cartao de Debito,Entregue
TRX0005502,PED002917,2025-11-26,CLI00292,Notebook Ultrafino,Eletronicos,3428.24,1,Uberlandia/MG/Brasil,Cartao de Debito,entregue
TRX0005503,PED002918,2025-11-16,CLI00555,Tapete de Yoga,Esporte,"R$ 157,72",1,Porto Alegre/RS/Brasil,Pix,Cancelado
TRX0005504,PED002919,2025-11-16,CLI00007,Hub USB-C,Acessorios,"R$ 136,34",1,Sao Paulo/SP/Brasil,Cartao de Credito,Enviado
TRX0005505,PED002919,2025-11-16,CLI00007,Carregador Turbo,Acessorios,96.69,2,Sao Paulo/SP/Brasil,Cartao de Credito,Enviado
TRX0005506,PED002919,2025-11-16,CLI00007,Livro Historia do Brasil,livros,"R$ 73,79",2,Sao Paulo/SP/Brasil,Cartao de Credito,Enviado
TRX0005507,PED002919,2025-11-16,CLI00007,Tapete de Yoga,Esporte,"R$ 154,53",1,Sao Paulo/SP/Brasil,Cartao de Credito,ENVIADO
TRX0005508,PED002919,2025-11-16,CLI00007,Jaqueta Corta Vento,Moda,280.38,1,Sao Paulo/SP/Brasil,Cartao de Credito,Enviado
TRX0005509,PED002920,2025-11-15,CLI00007,Monitor 27,Eletronicos,1115.74,1,Sao Paulo/SP/Brasil,Cartao de Credito,Devolvido
TRX0005510,PED002921,2025-11-28,CLI00377,Livro SQL Essencial,Livros,80.38,4,Rio de Janeiro/RJ/Brasil,Cartao de Credito,Entregue
TRX0005511,PED002921,28/11/2025,CLI00377,Aspirador Robo,Casa,"R$ 1.541,25",1,Rio de Janeiro/RJ/Brasil,Cartao de Credito,Entregue
TRX0005512,PED002922,2025-11-30,CLI00558,Carregador Turbo,Acessorios,"R$ 105,16",1,Sao Paulo/SP/Brasil,Pix,Entregue
TRX0005513,PED002922,2025-11-30,CLI00558,Monitor 27,Eletronicos,"R$ 1.170,14",1,Sao Paulo/SP/Brasil,Pix,Entregue
TRX0005514,PED002923,03/11/2025,CLI00164,Vestido Midi,Moda,"R$ 222,24",2,Curitiba/PR/Brasil,Cartao de Credito,Entregue
TRX0005515,PED002924,2025-11-19,CLI00490,Teclado Mecanico,Acessorios,367.41,1,Curitiba/PR/Brasil,Cartao de Debito,Enviado
TRX0005516,PED002924,2025-11-19,CLI00490,Mouse Sem Fio,Acessorios,"90,29",2,Curitiba/PR/Brasil,Cartao de Debito,Enviado
TRX0005517,PED002925,30/11/2025,CLI00449,Livro Historia do Brasil,Livros,"R$ 71,27",3,Rio de Janeiro/RJ/Brasil,Pix,cancelado
TRX0005518,PED002926,2025-11-20,CLI00257,Livro Historia do Brasil,Livros,74.69,1,Belo Horizonte/MG/Brasil,Boleto,Entregue
TRX0005519,PED002926,20-11-2025,CLI00257,Cafeteira Eletrica,Casa,"R$ 303,95",3,Belo Horizonte/MG/Brasil,Boleto,Entregue
TRX0005520,PED002927,2025-11-10,CLI00339,Notebook Ultrafino,Eletronicos,"R$ 3.380,86",2,Rio de Janeiro/RJ/Brasil,Cartao de Debito,Entregue
TRX0005521,PED002927,2025-11-10,CLI00339,Livro SQL Essencial,Livros,"79,79",1,Rio de Janeiro/RJ/Brasil,Cartao de Debito,ENTREGUE
TRX0005522,PED002928,2025-11-29,CLI00319,Monitor 27,Eletronicos,"R$ 1.189,22",4,Porto Alegre/RS/Brasil,Cartao de Credito,Cancelado
TRX0005523,PED002928,29-11-2025,CLI00319,Halteres 10kg,Esporte,181.40,1,Porto Alegre/RS/Brasil,Cartao de Credito,Cancelado
TRX0005524,PED002929,30/11/2025,CLI00610,Smartphone X200,Eletrônicos,2228.42,2,Campinas/SP/Brasil,Cartao de Debito,Entregue
TRX0005525,PED002929,2025-11-30,CLI00610,Notebook Gamer,Eletronicos,4780.34,1,Campinas/SP/Brasil,Cartao de Debito,entregue
TRX0005526,PED002929,30/11/2025,CLI00610,Carregador Turbo,Acessorios,"99,94",1,Campinas/SP/Brasil,Cartao de Debito,Entregue
TRX0005527,PED002930,05/11/2025,CLI00021,Halteres 10kg,Esporte,190.95,1,Uberlandia/MG/Brasil,Pix,Entregue
TRX0005528,PED002930,05/11/2025,CLI00021,Headset Gamer,Acessorios,247.46,1,Uberlandia/MG/Brasil,Pix,Entregue
TRX0005529,PED002930,2025-11-05,CLI00021,Camiseta Dry Fit,Esporte,77.36,1,Uberlandia/MG/Brasil,Pix,Entregue
TRX0005530,PED002930,05/11/2025,CLI00021,Notebook Ultrafino,Eletronicos,3596.01,2,Uberlandia/MG/Brasil,Pix,Entregue
TRX0005531,PED002931,29/11/2025,CLI00401,Capa para Smartphone,Acessorios,"48,66",1,Recife/PE/Brasil,Cartao de Debito,Entregue
TRX0005532,PED002932,2025-12-01,CLI00296,Livro SQL Essencial,livros,"76,30",2,Sao Paulo/SP/Brasil,Cartao de Credito,Entregue
TRX0005533,PED002932,2025-12-01,CLI00296,Hub USB-C,Acessorios,125.56,1,Sao Paulo/SP/Brasil,Cartao de Credito,Entregue
TRX0005534,PED002932,2025-12-01,CLI00296,Capa para Smartphone,Acessorios,"R$ 53,17",1,Sao Paulo/SP/Brasil,Cartao de Credito,Entregue
TRX0005535,PED002933,05/12/2025,CLI00533,Teclado Mecanico,Acessorios,340.77,2,Campinas/SP/Brasil,Cartao de Credito,Entregue
TRX0005536,PED002934,19-12-2025,CLI00127,Hub USB-C,Acessorios,"R$ 133,58",1,Porto Alegre/RS/Brasil,Cartao de Debito,Entregue
TRX0005537,PED002935,2025-12-28,CLI00299,Calca Jeans Reta,Moda,180.15,1,Curitiba/PR/Brasil,Boleto,Entregue
TRX0005538,PED002935,2025-12-28,CLI00299,Tablet 10,Eletronicos,"1.343,98",1,Curitiba/PR/Brasil,Boleto,Entregue
TRX0005539,PED002936,27/12/2025,CLI00547,Mochila para Notebook,Acessorios,177.83,1,Sao Paulo/SP/Brasil,Pix,Entregue
TRX0005540,PED002936,2025-12-27,CLI00547,Calca Jeans Reta,Moda,190.91,1,Sao Paulo/SP/Brasil,Pix,Entregue
TRX0005541,PED002937,2025-12-01,CLI00417,Mouse Sem Fio,Acessorios,87.13,2,Sao Paulo/SP/Brasil,Cartao de Credito,Processando
TRX0005542,PED002938,2025-12-20,CLI00143,Camiseta Dry Fit,Esporte,"R$ 81,04",1,Porto Alegre/RS/Brasil,Cartao de Credito,Entregue
TRX0005543,PED002938,2025-12-20,CLI00143,Teclado Mecanico,Acessorios,353.37,1,Porto Alegre/RS/Brasil,Cartao de Credito,Entregue
TRX0005544,PED002938,20/12/2025,CLI00143,Tapete de Yoga,ESPORTE,"R$ 155,20",3,Porto Alegre/RS/Brasil,Cartao de Credito,Entregue
TRX0005545,PED002939,2025-12-02,CLI00300,Jogo de Panelas,CASA,"R$ 383,95",2,Brasilia/DF/Brasil,Pix,Entregue
TRX0005546,PED002940,24/12/2025,CLI00313,Mochila para Notebook,Acessorios,185.60,2,Rio de Janeiro/RJ/Brasil,Cartao de Credito,Entregue
TRX0005547,PED002940,2025-12-24,CLI00313,Monitor 27,Eletronicos,"1.225,70",1,Rio de Janeiro/RJ/Brasil,Cartao de Credito,Entregue
TRX0005548,PED002940,2025-12-24,CLI00313,Camiseta Dry Fit,Esporte,"R$ 81,38",3,Rio de Janeiro/RJ/Brasil,Cartao de Credito,Entregue
TRX0005549,PED002940,24-12-2025,CLI00313,Jogo de Panelas,Casa,424.51,1,Rio de Janeiro/RJ/Brasil,Cartao de Credito,Entregue
TRX0005550,PED002941,15/12/2025,CLI00301,Carregador Turbo,Acessorios,97.03,2,Sao Paulo/SP/Brasil,Pix,Entregue
TRX0005551,PED002941,15/12/2025,CLI00301,Cafeteira Eletrica,Casa,"R$ 282,13",1,Sao Paulo/SP/Brasil,Pix,Entregue
TRX0005552,PED002942,2025-12-31,CLI00480,Livro SQL Essencial,Livros,"R$ 84,74",1,Porto Alegre/RS/Brasil,Pix,Entregue
TRX0005553,PED002943,28/12/2025,CLI00649,Garrafa Termica,Esporte,"123,44",1,Curitiba/PR/Brasil,Cartao de Debito,Entregue
TRX0005554,PED002943,28/12/2025,CLI00649,Monitor 27,Eletronicos,1096.07,1,Curitiba/PR/Brasil,Cartao de Debito,Entregue
TRX0005555,PED002944,03/12/2025,CLI00037,Camiseta Dry Fit,Esporte,81.96,2,Sao Paulo/SP/Brasil,Pix,Entregue
TRX0005556,PED002944,2025-12-03,CLI00037,Livro SQL Essencial,Livros,"R$ 79,52",1,Sao Paulo/SP/Brasil,Pix,Entregue
TRX0005557,PED002944,03/12/2025,CLI00037,Mochila para Notebook,Acessorios,182.83,1,Sao Paulo/SP/Brasil,Pix,Entregue
TRX0005558,PED002944,2025-12-03,CLI00037,Monitor 27,Eletronicos,"R$ 1.153,52",3,Sao Paulo/SP/Brasil,Pix,Entregue
TRX0005559,PED002945,2025-12-31,CLI00293,Garrafa Termica,Esporte,"R$ 127,25",1,Florianopolis/SC/Brasil,Pix,Entregue
TRX0005560,PED002946,2025-12-21,CLI00460,Vestido Midi,Moda,"R$ 232,55",1,Sao Paulo/SP/Brasil,Boleto,Devolvido
TRX0005561,PED002946,2025-12-21,CLI00460,Headset Gamer,Acessorios,"272,28",1,Sao Paulo/SP/Brasil,Boleto,Devolvido
TRX0005562,PED002946,21/12/2025,CLI00460,Carregador Turbo,Acessorios,101.45,-1,Sao Paulo/SP/Brasil,Boleto,Devolvido
,PED002946,21-12-2025,CLI00460,Liquidificador Potente,Casa,228.83,1,Sao Paulo/SP/Brasil,Boleto,Devolvido
TRX0005564,PED002946,2025-12-21,CLI00460,Halteres 10kg,Esporte,"R$ 199,24",2,Sao Paulo/SP/Brasil,Boleto,Devolvido
TRX0005565,PED002947,06/12/2025,CLI00207,Vestido Midi,Moda,226.56,1,Recife/PE/Brasil,Cartao de Debito,Entregue
TRX0005566,PED002947,2025-12-06,CLI00207,Smartphone X200,Eletronicos,2311.22,2,Recife/PE/Brasil,Cartao de Debito,entregue
TRX0005567,PED002947,2025-12-06,CLI00207,Liquidificador Potente,Casa,215.37,2,Recife/PE/Brasil,Cartao de Debito,Entregue
TRX0005568,PED002947,2025-12-06,CLI00207,Livro Historia do Brasil,Livros,"R$ 69,93",1,Recife/PE/Brasil,Cartao de Debito,Entregue
TRX0005569,PED002947,2025-12-06,CLI00207,Monitor 27,ELETRONICOS,"R$ 1.120,73",3,Recife/PE/Brasil,Cartao de Debito,Entregue
TRX0005570,PED002948,03-12-2025,CLI00222,Livro Historia do Brasil,Livros,"R$ 73,93",1,Belo Horizonte/MG/Brasil,Pix,Entregue
TRX0005571,PED002948,03-12-2025,CLI00222,Liquidificador Potente,Casa,211.39,2,Belo Horizonte/MG/Brasil,Pix,Entregue
TRX0005572,PED002948,2025-12-03,CLI00222,Notebook Ultrafino,Eletrônicos,3319.93,1,Belo Horizonte/MG/Brasil,Pix,Entregue
TRX0005573,PED002949,2025-12-28,CLI00293,Liquidificador Potente,casa,"R$ 229,62",2,Florianopolis/SC/Brasil,Cartao de Credito,Entregue
TRX0005574,PED002950,21/12/2025,CLI00603,Hub USB-C,Acessorios,134.05,1,Salvador/BA/Brasil,Cartao de Credito,Entregue
TRX0005575,PED002951,11-12-2025,CLI00062,Carregador Turbo,Acessorios,"106,35",2,Curitiba/PR/Brasil,Cartao de Credito,Entregue
TRX0005576,PED002951,2025-12-11,CLI00062,Livro Dados em Acao,Livros,93.58,3,Curitiba/PR/Brasil,Cartao de Credito,Entregue
TRX0005577,PED002951,2025-12-11,CLI00062,Camiseta Dry Fit,Esporte,"81,74",1,Curitiba/PR/Brasil,Cartao de Credito,Entregue
TRX0005578,PED002951,2025-12-11,CLI00062,Monitor 27,Eletronicos,1207.54,1,Curitiba/PR/Brasil,Cartao de Credito,Entregue
TRX0005579,PED002952,17-12-2025,CLI00476,Liquidificador Potente,Casa,"221,92",1,Campinas/SP/Brasil,Pix,Entregue
TRX0005580,PED002952,2025-12-17,CLI00476,Tapete de Yoga,Esporte,"R$ 156,86",1,Campinas/SP/Brasil,Pix,Entregue
TRX0005581,PED002952,17/12/2025,CLI00476,Garrafa Termica,esporte,"R$ 125,74",1,Campinas/SP/Brasil,Pix,Entregue
TRX0005582,PED002953,22/12/2025,CLI00021,Camiseta Dry Fit,Esporte,"R$ 84,13",1,Uberlandia/MG/Brasil,Cartao de Credito,ENTREGUE
TRX0005583,PED002953,22-12-2025,CLI00021,Tapete de Yoga,Esporte,1447.58,3,Uberlandia/MG/Brasil,Cartao de Credito,Entregue
TRX0005584,PED002954,2025-12-17,CLI00547,Cafeteira Eletrica,Casa,"290,79",2,Sao Paulo/SP/Brasil,Pix,Entregue
TRX0005585,PED002954,17/12/2025,CLI00547,Liquidificador Potente,Casa,229.11,2,Sao Paulo/SP/Brasil,Pix,Entregue
TRX0005586,PED002955,2025-12-31,CLI00301,Mochila para Notebook,ACESSORIOS,"177,66",1,Sao Paulo/SP/Brasil,Cartao de Debito,Processando
TRX0005587,PED002955,2025-12-31,CLI00301,Jaqueta Corta Vento,Moda,"267,71",1,Sao Paulo/SP/Brasil,Cartao de Debito,Processando
TRX0005588,PED002956,2025-12-10,CLI00005,Jogo de Panelas,Casa,"R$ 421,88",1,Curitiba/PR/Brasil,Cartao de Credito,Entregue
TRX0005589,PED002956,2025-12-10,CLI00005,Jaqueta Corta Vento,Moda,"R$ 259,34",1,Curitiba/PR/Brasil,Cartao de Credito,Entregue
TRX0005590,PED002957,2025-12-25,CLI00357,Aspirador Robo,casa,"R$ 1.588,03",1,Santos/SP/Brasil,Cartao de Credito,Aguardando pagamento
TRX0005591,PED002957,25-12-2025,CLI00357,Smartphone X200,Eletronicos,"R$ 2.336,78",3,Santos/SP/Brasil,Cartao de Credito,Entregue
TRX0005592,PED002957,25/12/2025,CLI00357,Monitor 27,Eletrônicos,"R$ 1.135,80",2,Santos/SP/Brasil,Cartao de Credito,Entregue
TRX0005593,PED002958,2025-12-24,CLI00278,Camisa Social Slim,Moda,158.68,1,Rio de Janeiro/RJ/Brasil,Pix,Entregue
TRX0005594,PED002958,2025-12-24,CLI00278,Carregador Turbo,Acessorios,"R$ 104,58",1,Rio de Janeiro/RJ/Brasil,Pix,Entregue
TRX0005595,PED002959,2025-12-26,CLI00145,Halteres 10kg,ESPORTE,202.64,2,Santos/SP/Brasil,Cartao de Credito,Entregue
TRX0005596,PED002960,21-12-2025,CLI00160,Livro SQL Essencial,Livros,"78,97",1,Brasilia/DF/Brasil,Cartao de Debito,entregue
TRX0005597,PED002960,2025-12-21,CLI00160,Vestido Midi,Moda,"226,50",1,Brasilia/DF/Brasil,Cartao de Debito,Entregue
TRX0005598,PED002960,2025-12-21,CLI00160,Mouse Sem Fio,acessorios,"R$ 88,94",3,Brasilia/DF/Brasil,Cartao de Debito,Entregue
TRX0005599,PED002960,2025-12-21,CLI00160,Notebook Gamer,Eletronicos,"R$ 5.163,91",1,Brasilia/DF/Brasil,Cartao de Debito,Entregue
TRX0005600,PED002960,2025-12-21,CLI00160,Mochila para Notebook,Acessorios,172.26,2,Brasilia/DF/Brasil,Cartao de Debito,Entregue
TRX0005601,PED002961,2025-12-31,CLI00236,Camiseta Dry Fit,ESPORTE,"R$ 81,31",1,Sao Paulo/SP/Brasil,Boleto,Entregue
TRX0005602,PED002961,31/12/2025,CLI00236,Halteres 10kg,Esporte,188.98,1,Sao Paulo/SP/Brasil,Boleto,Entregue
TRX0005603,PED002962,28-12-2025,CLI00191,Mochila para Notebook,Acessorios,"R$ 178,50",1,Sao Paulo/SP/Brasil,Cartao de Credito,ENTREGUE
TRX0005604,PED002962,2025-12-28,CLI00191,Camisa Social Slim,Moda,"R$ 161,22",1,Sao Paulo/SP/Brasil,Cartao de Credito,Entregue
TRX0005605,PED002962,28/12/2025,CLI00191,Notebook Gamer,Eletronicos,"R$ 4.926,05",4,Sao Paulo/SP/Brasil,Cartao de Credito,Entregue
TRX0005606,PED002963,2025-12-13,CLI00544,Headset Gamer,Acessorios,"249,57",2,Rio de Janeiro/RJ/Brasil,Pix,Entregue
TRX0005607,PED002964,26-12-2025,CLI00146,Tapete de Yoga,Esporte,"R$ 158,42",1,Uberlandia/MG/Brasil,Cartao de Credito,Entregue
TRX0005608,PED002965,29/12/2025,CLI00164,Monitor 27,Eletronicos,"R$ 1.104,22",1,Curitiba/PR/Brasil,Boleto,Entregue
TRX0005609,PED002965,2025-12-29,CLI00164,Mochila para Notebook,Acessorios,187.21,1,Curitiba/PR/Brasil,Boleto,Entregue
TRX0005610,PED002966,2025-12-16,CLI00476,Jogo de Panelas,Casa,"R$ 429,70",1,Campinas/SP/Brasil,Pix,ENTREGUE
TRX0005611,PED002967,2025-12-10,CLI00464,Notebook Gamer,Eletronicos,"R$ 4.656,45",2,Porto Alegre/RS/Brasil,Cartao de Credito,Entregue
TRX0005612,PED002968,03-12-2025,CLI00542,Calca Jeans Reta,MODA,"R$ 182,01",4,Curitiba/PR/Brasil,Cartao de Credito,Entregue
TRX0005613,PED002969,2025-12-17,CLI00021,Livro SQL Essencial,Livros,"R$ 77,36",2,Uberlandia/MG/Brasil,Pix,Entregue
TRX0005614,PED002970,10-12-2025,CLI00533,Livro Dados em Acao,Livros,,1,Campinas/SP/Brasil,Cartao de Credito,Cancelado
TRX0005615,PED002971,2025-12-16,CLI00605,Teclado Mecanico,Acessorios,342.37,2,Belo Horizonte/MG/Brasil,Cartao de Credito,Devolvido
TRX0005616,PED002972,2025-12-17,CLI00576,Livro Dados em Acao,Livros,"R$ 93,83",2,Curitiba/PR/Brasil,Cartao de Credito,Entregue
TRX0005617,PED002972,2025-12-17,CLI00576,Camisa Social Slim,Moda,"R$ 160,87",2,Curitiba/PR/Brasil,Cartao de Credito,Entregue
TRX0005618,PED002972,2025-12-17,CLI00576,Tenis Corrida Leve,esporte,"R$ 313,29",1,Curitiba/PR/Brasil,Cartao de Credito,Entregue
TRX0005619,PED002973,2025-12-03,CLI00305,Mouse Sem Fio,Acessorios,"R$ 87,66",2,Campinas/SP/Brasil,Pix,Entregue
TRX0005620,PED002974,27-12-2025,CLI00062,Mochila para Notebook,ACESSORIOS,"173,19",2,Curitiba/PR/Brasil,Cartao de Credito,Cancelado
TRX0005621,PED002975,11-12-2025,CLI00672,Notebook Ultrafino,Eletronicos,3429.38,1,Curitiba/PR/Brasil,Pix,Entregue
TRX0005622,PED002976,22-12-2025,CLI00568,Teclado Mecanico,Acessorios,"R$ 343,39",2,Sao Paulo/SP/Brasil,Cartao de Credito,Entregue
TRX0005623,PED002977,2025-12-13,CLI00088,Liquidificador Potente,Casa,"R$ 223,05",1,Porto Alegre/RS/Brasil,Pix,Entregue
TRX0005624,PED002977,13/12/2025,CLI00088,Aspirador Robo,casa,1664.61,2,Porto Alegre/RS/Brasil,Pix,Entregue
TRX0005625,PED002978,12/12/2025,CLI00130,Monitor 27,Eletronicos,"R$ 1.153,99",2,Sao Paulo/SP/Brasil,Cartao de Credito,Cancelado
TRX0005626,PED002979,07/12/2025,CLI00577,Jaqueta Corta Vento,Moda,"280,48",1,Rio de Janeiro/RJ/Brasil,Boleto,Processando
TRX0005627,PED002979,07-12-2025,CLI00577,Vestido Midi,moda,"R$ 228,21",1,Rio de Janeiro/RJ/Brasil,Boleto,Processando
TRX0005628,PED002980,11/12/2025,CLI00184,Tapete de Yoga,Esporte,"R$ 150,88",1,Belo Horizonte/MG/Brasil,Pix,Cancelado
TRX0005629,PED002980,11/12/2025,CLI00184,Calca Jeans Reta,Moda,"194,41",3,Belo Horizonte/MG/Brasil,Pix,Cancelado
TRX0005630,PED002980,11/12/2025,CLI00184,Garrafa Termica,Esporte,"R$ 126,88",2,Belo Horizonte/MG/Brasil,Pix,Cancelado
TRX0005631,PED002981,2025-12-26,CLI00670,Notebook Gamer,Eletronicos,5179.95,1,Salvador/BA/Brasil,Pix,Devolvido
TRX0005632,PED002981,2025-12-26,CLI00670,Mochila para Notebook,Acessorios,"191,16",1,Salvador/BA/Brasil,Pix,Devolvido
TRX0005633,PED002981,2025-12-26,CLI00670,Headset Gamer,Acessorios,"254,63",4,Salvador/BA/Brasil,Pix,Devolvido
TRX0005634,PED002982,05/12/2025,CLI00221,Tenis Corrida Leve,esporte,332.68,1,Curitiba/PR/Brasil,Cartao de Credito,Entregue
TRX0005635,PED002982,2025-12-05,CLI00221,Garrafa Termica,Esporte,128.31,1,Curitiba/PR/Brasil,Cartao de Credito,Entregue
TRX0005636,PED002983,18/12/2025,CLI00449,Livro SQL Essencial,Livros,"R$ 81,03",2,Rio de Janeiro/RJ/Brasil,Cartao de Credito,Entregue
TRX0005637,PED002983,2025-12-18,CLI00449,Livro Historia do Brasil,Livros,"72,76",1,Rio de Janeiro/RJ/Brasil,Cartao de Credito,Entregue
TRX0005638,PED002983,18-12-2025,CLI00449,Notebook Ultrafino,ELETRONICOS,"R$ 3.470,03",1,Rio de Janeiro/RJ/Brasil,Cartao de Credito,Entregue
,PED002984,2025-12-26,CLI00238,Teclado Mecanico,acessorios,335.77,1,Brasilia/DF/Brasil,Boleto,Entregue
TRX0005640,PED002984,2025-12-26,CLI00238,Smartphone X200,Eletronicos,2321.46,1,Brasilia/DF/Brasil,Boleto,Entregue
TRX0005641,PED002984,2025-12-26,CLI00238,Monitor 27,Eletronicos,1240.49,1,Brasilia/DF/Brasil,Boleto,Entregue
TRX0005642,PED002984,26/12/2025,CLI00238,Capa para Smartphone,Acessorios,48.14,1,Brasilia/DF/Brasil,Boleto,Entregue
TRX0005643,PED002985,04-12-2025,CLI00179,Capa para Smartphone,Acessorios,"R$ 52,15",1,Sao Paulo/SP/Brasil,Cartao de Credito,Entregue
TRX0005644,PED002985,04-12-2025,CLI00179,Tablet 10,Eletronicos,1379.42,1,Sao Paulo/SP/Brasil,Cartao de Credito,Entregue
TRX0005645,PED002985,2025-12-04,CLI00179,Halteres 10kg,Esporte,"R$ 187,41",1,Sao Paulo/SP/Brasil,Cartao de Credito,Entregue
TRX0005646,PED002986,08-12-2025,CLI00377,Cafeteira Eletrica,Casa,306.84,4,Rio de Janeiro/RJ/Brasil,Pix,Entregue
TRX0005647,PED002986,2025-12-08,CLI00377,Liquidificador Potente,Casa,"R$ 213,36",2,Rio de Janeiro/RJ/Brasil,Pix,Aguardando pagamento
TRX0005648,PED002987,2025-12-28,CLI00305,Notebook Gamer,Eletronicos,"R$ 4.989,36",1,Campinas/SP/Brasil,Cartao de Debito,Entregue
TRX0005649,PED002987,2025-12-28,CLI00305,Mochila para Notebook,Acessorios,"R$ 170,98",1,Campinas/SP/Brasil,Cartao de Debito,Entregue
TRX0005650,PED002987,2025-12-28,CLI00305,Headset Gamer,Acessorios,275.43,1,Campinas/SP/Brasil,Cartao de Debito,Entregue
TRX0005651,PED002988,2025-12-01,CLI00278,Notebook Gamer,Eletronicos,"R$ 5.117,19",1,Rio de Janeiro/RJ/Brasil,Cartao de Debito,Entregue
TRX0005652,PED002988,2025-12-01,CLI00278,Headset Gamer,Acessorios,266.91,2,Rio de Janeiro/RJ/Brasil,Cartao de Debito,Entregue
TRX0005653,PED002988,01/12/2025,CLI00278,Luminaria de Mesa,Casa,150.10,1,Rio de Janeiro/RJ/Brasil,Cartao de Debito,Entregue
TRX0005654,PED002989,2025-12-11,CLI00339,Garrafa Termica,Esporte,"125,10",1,Rio de Janeiro/RJ/Brasil,Cartao de Debito,Entregue
TRX0005655,PED002990,19-12-2025,CLI00652,Teclado Mecanico,Acessorios,"R$ 369,40",1,Fortaleza/CE/Brasil,Cartao de Credito,Entregue
TRX0005656,PED002991,2025-12-24,CLI00460,Headset Gamer,Acessorios,"251,28",1,Sao Paulo/SP/Brasil,Cartao de Credito,Entregue
TRX0005657,PED002992,24-12-2025,CLI00577,Headset Gamer,Acessorios,"R$ 256,49",1,Rio de Janeiro/RJ/Brasil,Cartao de Credito,Entregue
TRX0005658,PED002993,29-12-2025,CLI00582,Monitor 27,ELETRONICOS,1153.67,2,Belo Horizonte/MG/Brasil,Pix,Entregue
TRX0005659,PED002994,2025-12-31,CLI00222,Camisa Social Slim,Moda,"R$ 165,27",2,Belo Horizonte/MG/Brasil,Boleto,Entregue
TRX0005660,PED002994,2025-12-31,CLI00222,Teclado Mecanico,Acessorios,375.43,1,Belo Horizonte/MG/Brasil,Boleto,entregue
TRX0005661,PED002994,31/12/2025,,Calca Jeans Reta,Moda,"R$ 202,81",1,Belo Horizonte/MG/Brasil,Boleto,Entregue
TRX0005662,PED002995,2025-12-06,CLI00564,Headset Gamer,Acessorios,"R$ 249,96",3,Belo Horizonte/MG/Brasil,Pix,Enviado
TRX0005663,PED002996,2025-12-11,CLI00221,Livro SQL Essencial,Livros,"R$ 81,79",1,Curitiba/PR/Brasil,Cartao de Debito,Entregue
TRX0005664,PED002996,2025-12-11,CLI00221,Jaqueta Corta Vento,Moda,"R$ 255,70",1,Curitiba/PR/Brasil,Cartao de Debito,Entregue
TRX0005665,PED002996,2025-12-11,CLI00221,Cafeteira Eletrica,Casa,306.78,2,Curitiba/PR/Brasil,Cartao de Debito,Entregue
TRX0005666,PED002996,2025-12-11,CLI00221,Livro Historia do Brasil,Livros,"R$ 66,84",1,Curitiba/PR/Brasil,Cartao de Debito,Entregue
TRX0005667,PED002997,09/12/2025,CLI00645,Mouse Sem Fio,Acessorios,"R$ 96,16",1,Sao Paulo/SP/Brasil,Cartao de Debito,Entregue
TRX0005668,PED002998,2025-12-24,CLI00337,Camiseta Dry Fit,Esporte,"R$ 83,88",2,Rio de Janeiro/RJ/Brasil,Pix,Entregue
TRX0005669,PED002998,24/12/2025,CLI00337,Livro Dados em Acao,Livros,86.61,2,Rio de Janeiro/RJ/Brasil,Pix,Entregue
TRX0005670,PED002998,2025-12-24,CLI00337,Jogo de Panelas,Casa,"415,43",3,Rio de Janeiro/RJ/Brasil,Pix,Entregue
TRX0005671,PED002999,2025-12-25,CLI00255,Monitor 27,Eletronicos,"R$ 1.168,54",1,Curitiba/PR/Brasil,Boleto,Entregue
TRX0005672,PED002999,25/12/2025,CLI00255,Mochila para Notebook,Acessorios,188.35,1,Curitiba/PR/Brasil,Boleto,Entregue
TRX0005673,PED002999,2025-12-25,CLI00255,Luminaria de Mesa,Casa,"R$ 141,34",1,Curitiba/PR/Brasil,Boleto,Entregue
TRX0005674,PED003000,2025-12-29,CLI00394,Notebook Ultrafino,eletronicos,3611.40,1,Sao Paulo/SP/Brasil,Cartao de Credito,Entregue
TRX0005675,PED003001,2025-12-14,CLI00291,Livro Dados em Acao,LIVROS,"R$ 86,18",1,Rio de Janeiro/RJ/Brasil,Pix,Entregue
TRX0005676,PED003001,2025-12-14,CLI00291,Aspirador Robo,casa,"R$ 1.557,99",2,Rio de Janeiro/RJ/Brasil,Pix,entregue
TRX0005677,PED003002,2025-12-20,CLI00021,Calca Jeans Reta,Moda,"R$ 199,93",1,Uberlandia/MG/Brasil,Cartao de Debito,Entregue
TRX0005678,PED003003,2025-12-13,CLI00173,Jogo de Panelas,Casa,411.80,1,Sao Paulo/SP/Brasil,Cartao de Credito,Entregue
TRX0005679,PED003004,2025-12-15,CLI00590,Notebook Ultrafino,Eletronicos,"R$ 3.292,44",1,Fortaleza/CE/Brasil,Boleto,Entregue
TRX0005680,PED003004,15/12/2025,CLI00590,Carregador Turbo,Acessorios,104.67,1,Fortaleza/CE/Brasil,Boleto,Entregue
TRX0005681,PED003005,25-12-2025,CLI00385,Liquidificador Potente,Casa,"R$ 219,01",3,Belo Horizonte/MG/Brasil,Pix,Entregue
TRX0005682,PED003006,2025-12-31,CLI00404,Teclado Mecanico,Acessorios,"351,87",1,Rio de Janeiro/RJ/Brasil,Cartao de Credito,Entregue
TRX0005683,PED003007,09/12/2025,CLI00021,Tapete de Yoga,Esporte,155.77,1,Uberlandia/MG/Brasil,Cartao de Debito,Enviado
TRX0005684,PED003007,09-12-2025,CLI00021,Halteres 10kg,esporte,"194,80",1,Uberlandia/MG/Brasil,Cartao de Debito,Enviado
TRX0005685,PED003008,2025-12-27,CLI00462,Tapete de Yoga,ESPORTE,"R$ 144,24",1,Goiania/GO/Brasil,Pix,Entregue
TRX0005686,PED003009,2025-12-18,CLI00184,Jogo de Panelas,Casa,"R$ 385,37",2,Belo Horizonte/MG/Brasil,Boleto,Entregue
TRX0005687,PED003009,2025-12-18,CLI00184,Camiseta Dry Fit,Esporte,82.36,2,Belo Horizonte/MG/Brasil,Boleto,ENTREGUE
TRX0005688,PED003010,2025-12-07,CLI00495,Camiseta Dry Fit,Esporte,76.28,1,Porto Alegre/RS/Brasil,Pix,Cancelado
TRX0005689,PED003011,24-12-2025,CLI00674,Calca Jeans Reta,moda,"190,13",1,Salvador/BA/Brasil,Cartao de Credito,Entregue
TRX0005690,PED003012,03/12/2025,CLI00577,Livro SQL Essencial,Livros,83.69,1,Rio de Janeiro/RJ/Brasil,Cartao de Credito,Entregue
TRX0005691,PED003012,03/12/2025,CLI00577,Livro Historia do Brasil,Livros,"R$ 72,50",2,Rio de Janeiro/RJ/Brasil,Cartao de Credito,Entregue
TRX0005692,PED003012,2025-12-03,CLI00577,Mouse Sem Fio,Acessorios,"R$ 95,74",1,Rio de Janeiro/RJ/Brasil,Cartao de Credito,Entregue
TRX0005693,PED003013,2025-12-08,CLI00658,Vestido Midi,Moda,219.73,1,Goiania/GO/Brasil,Pix,Entregue
TRX0005694,PED003013,08/12/2025,CLI00658,Mouse Sem Fio,ACESSORIOS,"R$ 86,96",1,Goiania/GO/Brasil,Pix,Entregue
TRX0005695,PED003014,03-12-2025,CLI00104,Livro Dados em Acao,Livros,"90,57",1,Rio de Janeiro/RJ/Brasil,Boleto,Entregue
TRX0005696,PED003014,2025-12-03,CLI00104,Tablet 10,Eletronicos,"R$ 1.278,15",1,Rio de Janeiro/RJ/Brasil,Boleto,Entregue
TRX0005697,PED003014,2025-12-03,CLI00104,Notebook Ultrafino,Eletronicos,"R$ 3.722,38",1,Rio de Janeiro/RJ/Brasil,Boleto,Entregue
TRX0005698,PED003015,2025-12-12,CLI00542,Garrafa Termica,Esporte,125.28,1,Curitiba/PR/Brasil,Cartao de Credito,Entregue
TRX0005699,PED003015,2025-12-12,CLI00542,Teclado Mecanico,acessorios,"R$ 374,31",1,Curitiba/PR/Brasil,Cartao de Credito,ENTREGUE
TRX0005700,PED003015,12-12-2025,CLI00542,Vestido Midi,Moda,"R$ 212,68",2,Curitiba/PR/Brasil,Cartao de Credito,Entregue
TRX0005701,PED003015,12/12/2025,CLI00542,Halteres 10kg,Esporte,203.86,1,Curitiba/PR/Brasil,Cartao de Credito,Entregue
TRX0005702,PED003016,2025-12-06,CLI00449,Camiseta Dry Fit,Esporte,"84,41",2,Rio de Janeiro/RJ/Brasil,Cartao de Credito,Enviado
TRX0005703,PED003017,2025-12-19,CLI00577,Jogo de Panelas,Casa,"R$ 380,86",1,Rio de Janeiro/RJ/Brasil,Cartao de Debito,Cancelado
TRX0005704,PED003017,2025-12-19,CLI00577,Hub USB-C,Acessorios,132.61,1,Rio de Janeiro/RJ/Brasil,Cartao de Debito,Cancelado
TRX0005705,PED003018,09-12-2025,CLI00555,Calca Jeans Reta,Moda,186.41,2,Porto Alegre/RS/Brasil,Cartao de Credito,Entregue
TRX0005706,PED003018,2025-12-09,CLI00555,Aspirador Robo,Casa,"R$ 1.689,73",1,Porto Alegre/RS/Brasil,Cartao de Credito,Entregue
TRX0005707,PED003018,2025-12-09,CLI00555,Hub USB-C,Acessorios,"R$ 126,69",1,Porto Alegre/RS/Brasil,Cartao de Credito,Entregue
TRX0005708,PED003019,18-12-2025,CLI00506,Livro Historia do Brasil,Livros,"R$ 71,99",1,Belo Horizonte/MG/Brasil,Cartao de Credito,Devolvido
TRX0005709,PED003020,28-12-2025,CLI00536,Livro Dados em Acao,Livros,"90,92",1,Florianopolis/SC/Brasil,Cartao de Credito,Entregue
TRX0005710,PED003020,2025-12-28,CLI00536,Cafeteira Eletrica,Casa,279.35,1,Florianopolis/SC/Brasil,Cartao de Credito,ENTREGUE
TRX0005711,PED003021,2025-12-02,CLI00430,Livro SQL Essencial,Livros,75.14,1,Porto Alegre/RS/Brasil,Pix,Entregue
TRX0005712,PED003022,2025-12-24,CLI00270,Jogo de Panelas,Casa,"R$ 414,14",1,Fortaleza/CE/Brasil,Cartao de Debito,Entregue
TRX0005713,PED003022,2025-12-24,CLI00270,Mochila para Notebook,Acessorios,188.22,1,Fortaleza/CE/Brasil,Cartao de Debito,Entregue
TRX0005714,PED003023,2025-12-08,,Halteres 10kg,Esporte,"R$ 197,16",1,Campinas/SP/Brasil,Cartao de Credito,Enviado
TRX0005715,PED003023,2025-12-08,CLI00192,Teclado Mecanico,acessorios,"R$ 368,62",1,Campinas/SP/Brasil,Cartao de Credito,Enviado
TRX0005716,PED003024,2025-12-12,CLI00652,Liquidificador Potente,Casa,"R$ 224,56",1,Fortaleza/CE/Brasil,Boleto,Entregue
TRX0005717,PED003025,2025-12-23,CLI00075,Jogo de Panelas,Casa,"R$ 421,19",1,Campinas/SP/Brasil,Boleto,Entregue
TRX0005718,PED003025,23/12/2025,CLI00075,Carregador Turbo,Acessorios,98.79,1,Campinas/SP/Brasil,Boleto,Entregue
TRX0005719,PED003025,2025-12-23,CLI00075,Livro Historia do Brasil,Livros,68.29,1,Campinas/SP/Brasil,Boleto,Entregue
TRX0005720,PED003025,2025-12-23,CLI00075,Mochila para Notebook,Acessórios,"R$ 171,24",2,Campinas/SP/Brasil,Boleto,ENTREGUE
TRX0005721,PED003026,01-12-2025,CLI00547,Mouse Sem Fio,Acessorios,95.37,2,Sao Paulo/SP/Brasil,Pix,Entregue
TRX0005722,PED003027,18-12-2025,CLI00305,Liquidificador Potente,Casa,"R$ 220,47",1,Campinas/SP/Brasil,Cartao de Credito,Entregue
,PED003027,2025-12-18,CLI00305,Monitor 27,Eletronicos,"R$ 1.227,11",1,Campinas/SP/Brasil,Cartao de Credito,Entregue
TRX0005724,PED003027,2025-12-18,CLI00305,Mouse Sem Fio,Acessorios,86.61,1,Campinas/SP/Brasil,Cartao de Credito,Entregue
TRX0005725,PED003028,05/12/2025,CLI00305,Camiseta Dry Fit,Esporte,"R$ 81,04",1,Campinas/SP/Brasil,Pix,Entregue
TRX0005726,PED003029,2025-12-01,CLI00423,Calca Jeans Reta,Moda,183.20,1,Recife/PE/Brasil,Cartao de Credito,Entregue
TRX0005727,PED003029,2025-12-01,CLI00423,Camisa Social Slim,Moda,161.79,3,Recife/PE/Brasil,Cartao de Credito,Entregue
TRX0005728,PED003029,2025-12-01,CLI00423,Cafeteira Eletrica,Casa,296.86,1,Recife/PE/Brasil,Cartao de Credito,Entregue
TRX0005729,PED003029,2025-12-01,CLI00423,Livro Dados em Acao,Livros,94.28,1,Recife/PE/Brasil,Cartao de Credito,Entregue
TRX0005730,PED003030,24/12/2025,CLI00394,Tablet 10,Eletronicos,1325.58,1,Sao Paulo/SP/Brasil,Pix,Entregue
TRX0005731,PED003031,2025-12-16,CLI00667,Luminaria de Mesa,Casa,"R$ 137,03",1,Belo Horizonte/MG/Brasil,Cartao de Debito,Entregue
TRX0005732,PED003032,2025-12-30,CLI00305,Halteres 10kg,Esporte,"R$ 201,37",1,Campinas/SP/Brasil,Cartao de Credito,Entregue
TRX0005733,PED003033,03-12-2025,CLI00066,Smartphone X200,Eletronicos,2106.27,1,Curitiba/PR/Brasil,Cartao de Credito,Entregue
TRX0005734,PED003033,2025-12-03,CLI00066,Carregador Turbo,Acessorios,"R$ 104,57",1,Curitiba/PR/Brasil,Cartao de Credito,Entregue
TRX0005735,PED003034,2025-12-13,CLI00093,Cafeteira Eletrica,Casa,"R$ 296,97",1,Santos/SP/Brasil,Cartao de Debito,Entregue
TRX0005736,PED003035,2025-12-24,CLI00619,Livro Historia do Brasil,LIVROS,"R$ 67,97",1,Brasilia/DF/Brasil,Pix,Cancelado
TRX0005737,PED003035,2025-12-24,CLI00619,Aspirador Robo,Casa,1646.90,2,Brasilia/DF/Brasil,Pix,Cancelado
TRX0005738,PED003035,24/12/2025,CLI00619,Mochila para Notebook,Acessorios,192.84,1,Brasilia/DF/Brasil,Pix,Cancelado
TRX0005739,PED003035,2025-12-24,CLI00619,Luminaria de Mesa,casa,143.48,2,Brasilia/DF/Brasil,Pix,CANCELADO
TRX0005740,PED003036,17/12/2025,CLI00021,Camisa Social Slim,Moda,156.13,2,Uberlandia/MG/Brasil,Pix,Entregue
TRX0005741,PED003036,17-12-2025,CLI00021,Livro Dados em Acao,Livros,94.97,1,Uberlandia/MG/Brasil,Pix,Entregue
TRX0005742,PED003037,11/12/2025,CLI00652,Halteres 10kg,Esporte,"R$ 187,19",4,Fortaleza/CE/Brasil,Pix,entregue
TRX0005743,PED003037,2025-12-11,CLI00652,Tenis Corrida Leve,Esporte,335.39,1,Fortaleza/CE/Brasil,Pix,Entregue
TRX0005744,PED003037,11/12/2025,CLI00652,Smart TV 50,eletronicos,"2.715,25",1,Fortaleza/CE/Brasil,Pix,Entregue
TRX0005745,PED003038,2025-12-26,CLI00207,Vestido Midi,Moda,"R$ 224,48",1,Recife/PE/Brasil,Pix,ENTREGUE
TRX0005746,PED003039,2025-12-02,CLI00270,Livro SQL Essencial,Livros,"R$ 79,90",3,Fortaleza/CE/Brasil,Boleto,entregue
TRX0005747,PED003039,2025-12-02,CLI00270,Hub USB-C,acessorios,127.62,1,Fortaleza/CE/Brasil,Boleto,ENTREGUE
TRX0005748,PED003039,2025-12-02,CLI00270,Smart TV 50,Eletronicos,"R$ 2.670,15",1,Fortaleza/CE/Brasil,Boleto,Entregue
TRX0005749,PED003039,02/12/2025,CLI00270,Vestido Midi,moda,214.16,1,Fortaleza/CE/Brasil,Boleto,Entregue
TRX0005750,PED003040,18-12-2025,CLI00542,Garrafa Termica,Esporte,"126,25",1,Curitiba/PR/Brasil,Boleto,Cancelado
TRX0005751,PED003041,2025-12-06,CLI00222,Cafeteira Eletrica,CASA,"277,28",1,Belo Horizonte/MG/Brasil,Pix,Entregue
TRX0005752,PED003041,06/12/2025,CLI00222,Liquidificador Potente,Casa,"R$ 228,44",1,Belo Horizonte/MG/Brasil,Pix,Entregue
TRX0005753,PED003042,2025-12-14,CLI00337,Halteres 10kg,Esporte,"R$ 198,99",2,Rio de Janeiro/RJ/Brasil,Pix,Entregue
TRX0005754,PED003042,14-12-2025,CLI00337,Aspirador Robo,Casa,"R$ 1.671,85",1,Rio de Janeiro/RJ/Brasil,Pix,Entregue
TRX0005755,PED003043,05-12-2025,CLI00301,Liquidificador Potente,Casa,236.13,2,Sao Paulo/SP/Brasil,Cartao de Credito,Devolvido
TRX0005756,PED003044,2025-12-31,CLI00191,Camisa Social Slim,Moda,"166,84",1,Sao Paulo/SP/Brasil,Pix,Entregue
TRX0005757,PED003044,2025-12-31,CLI00191,Carregador Turbo,ACESSORIOS,101.72,1,Sao Paulo/SP/Brasil,Pix,Entregue
TRX0005758,PED003045,24/12/2025,CLI00434,,Esporte,"R$ 203,07",1,Belo Horizonte/MG/Brasil,Pix,Entregue
TRX0005759,PED003045,2025-12-24,CLI00434,Livro SQL Essencial,Livros,"R$ 79,31",3,Belo Horizonte/MG/Brasil,Pix,ENTREGUE
TRX0005760,PED003045,24/12/2025,CLI00434,Camiseta Dry Fit,Esporte,"77,14",1,Belo Horizonte/MG/Brasil,Pix,Entregue
TRX0005761,PED003045,24/12/2025,CLI00434,Smartphone X200,Eletronicos,2339.09,1,Belo Horizonte/MG/Brasil,Pix,Entregue
TRX0005762,PED003045,2025-12-24,CLI00434,Livro Dados em Acao,Livros,"R$ 86,87",1,Belo Horizonte/MG/Brasil,Pix,Entregue
TRX0005763,PED003046,2025-12-03,CLI00062,Jogo de Panelas,casa,"427,15",1,Curitiba/PR/Brasil,Cartao de Credito,Entregue
TRX0005764,PED003047,2025-12-08,CLI00188,Camiseta Dry Fit,Esporte,"R$ 79,67",2,Curitiba/PR/Brasil,Pix,Entregue
TRX0005765,PED003047,2025-12-08,CLI00188,Hub USB-C,Acessorios,124.50,1,Curitiba/PR/Brasil,Pix,Entregue
TRX0005766,PED003047,2025-12-08,CLI00188,Aspirador Robo,Casa,"1.556,10",-2,Curitiba/PR/Brasil,Pix,Entregue
TRX0005767,PED003047,2025-12-08,CLI00188,Tapete de Yoga,Esporte,"R$ 149,75",1,Curitiba/PR/Brasil,Pix,Entregue
TRX0005768,PED003048,25/12/2025,CLI00649,Livro SQL Essencial,Livros,"R$ 76,04",1,Curitiba/PR/Brasil,Cartao de Credito,Cancelado
TRX0005769,PED003049,2025-12-08,CLI00607,Jaqueta Corta Vento,Moda,"287,48",1,Sao Paulo/SP/Brasil,Cartao de Credito,Cancelado
TRX0005770,PED003050,11/12/2025,CLI00021,Garrafa Termica,esporte,"R$ 113,75",-2,Uberlandia/MG/Brasil,Pix,Entregue
TRX0005771,PED003051,14/12/2025,CLI00577,Headset Gamer,Acessorios,"276,35",1,Rio de Janeiro/RJ/Brasil,Pix,Entregue
TRX0005772,PED003051,14/12/2025,CLI00577,Tenis Corrida Leve,Esporte,350.52,1,Rio de Janeiro/RJ/Brasil,Pix,Entregue
TRX0005773,PED003051,2025-12-14,CLI00577,Tapete de Yoga,ESPORTE,156.22,1,Rio de Janeiro/RJ/Brasil,Pix,Entregue
TRX0005774,PED003052,2025-12-20,CLI00339,Notebook Gamer,Eletronicos,"5.050,08",1,Rio de Janeiro/RJ/Brasil,Cartao de Credito,Entregue
TRX0005775,PED003052,20/12/2025,CLI00339,Mochila para Notebook,Acessorios,179.92,1,Rio de Janeiro/RJ/Brasil,Cartao de Credito,Entregue
TRX0005776,PED003052,20/12/2025,CLI00339,Teclado Mecanico,Acessorios,"R$ 338,84",1,Rio de Janeiro/RJ/Brasil,Cartao de Credito,ENTREGUE
TRX0005777,PED003053,02/12/2025,CLI00062,Mouse Sem Fio,acessorios,87.99,1,Curitiba/PR/Brasil,Pix,Entregue
TRX0005778,PED003054,20-12-2025,CLI00667,Camiseta Dry Fit,Esporte,"R$ 83,10",3,Belo Horizonte/MG/Brasil,Pix,Entregue
TRX0000408,PED000228,2024-08-13,CLI00112,Carregador Turbo,Acessorios,"95,56",1,Fortaleza/CE/Brasil,Cartao de Credito,Enviado
TRX0005779,PED003054,20/12/2025,CLI00667,Calca Jeans Reta,Moda,181.99,1,Belo Horizonte/MG/Brasil,Pix,Entregue
TRX0005780,PED003055,21/12/2025,CLI00339,Capa para Smartphone,Acessorios,53.63,1,Rio de Janeiro/RJ/Brasil,Pix,Entregue
,PED003055,21/12/2025,CLI00339,Tablet 10,Eletronicos,1241.12,2,Rio de Janeiro/RJ/Brasil,Pix,Entregue
TRX0005782,PED003056,,CLI00063,Luminaria de Mesa,Casa,"143,37",3,Rio de Janeiro/RJ/Brasil,Cartao de Debito,Entregue
TRX0005783,PED003056,08/12/2025,CLI00063,,Livros,"R$ 83,56",1,Rio de Janeiro/RJ/Brasil,Cartao de Debito,Entregue
TRX0005784,PED003057,2025-12-31,CLI00188,Headset Gamer,Acessorios,"R$ 265,67",2,Curitiba/PR/Brasil,Cartao de Credito,Entregue
TRX0005785,PED003058,2025-12-12,CLI00536,Camisa Social Slim,Moda,"R$ 153,19",1,Florianopolis/SC/Brasil,Pix,Cancelado
TRX0005786,PED003059,25/12/2025,CLI00480,Jogo de Panelas,Casa,"427,50",4,Porto Alegre/RS/Brasil,Cartao de Debito,Entregue
TRX0005787,PED003060,2025-12-21,CLI00361,Tablet 10,Eletronicos,"R$ 1.257,62",1,Santos/SP/Brasil,Cartao de Credito,Entregue
TRX0005788,PED003061,2025-12-12,CLI00179,Garrafa Termica,Esporte,"R$ 115,95",1,Sao Paulo/SP/Brasil,Cartao de Credito,Cancelado
TRX0005789,PED003061,12/12/2025,CLI00179,Liquidificador Potente,Casa,"209,55",0,Sao Paulo/SP/Brasil,Cartao de Credito,Cancelado
TRX0005790,PED003062,2025-12-21,CLI00330,Teclado Mecanico,Acessorios,"R$ 338,15",1,Belo Horizonte/MG/Brasil,Pix,Entregue
TRX0005791,PED003063,2025-12-22,CLI00339,Vestido Midi,Moda,"210,26",2,Rio de Janeiro/RJ/Brasil,Cartao de Credito,Entregue
TRX0005792,PED003064,2025-12-17,CLI00014,Capa para Smartphone,Acessorios,"R$ 50,78",1,Curitiba/PR/Brasil,Cartao de Credito,Entregue
TRX0005793,PED003065,2025-12-31,CLI00542,Camiseta Dry Fit,Esporte,"R$ 80,42",1,Curitiba/PR/Brasil,Pix,Enviado
TRX0005794,PED003065,2025-12-31,CLI00542,Capa para Smartphone,Acessorios,"49,92",1,Curitiba/PR/Brasil,Pix,Enviado
TRX0005795,PED003065,2025-12-31,CLI00542,Luminaria de Mesa,Casa,"R$ 132,83",1,Curitiba/PR/Brasil,Pix,Enviado
TRX0005796,PED003066,19/12/2025,CLI00171,Headset Gamer,Acessorios,"R$ 254,50",1,Brasilia/DF/Brasil,Pix,Cancelado
TRX0005797,PED003066,19-12-2025,CLI00171,Smartphone X200,Eletronicos,"2.210,80",1,Brasilia/DF/Brasil,Pix,Cancelado
TRX0005798,PED003067,2025-12-03,CLI00662,Teclado Mecanico,Acessorios,357.03,1,Recife/PE/Brasil,Pix,Entregue
TRX0005799,PED003067,2025-12-03,CLI00662,Liquidificador Potente,Casa,212.44,1,Recife/PE/Brasil,Pix,Entregue
TRX0005800,PED003067,2025-12-03,CLI00662,Camiseta Dry Fit,Esporte,"R$ 76,60",1,Recife/PE/Brasil,Pix,Entregue
TRX0005801,PED003067,2025-12-03,CLI00662,Calca Jeans Reta,Moda,"R$ 202,69",1,Recife/PE/Brasil,Pix,Entregue
TRX0005802,PED003068,2025-12-14,CLI00577,Capa para Smartphone,Acessorios,"R$ 50,99",1,Rio de Janeiro/RJ/Brasil,Cartao de Credito,Enviado
TRX0005803,PED003068,2025-12-14,CLI00577,Liquidificador Potente,Casa,231.38,1,Rio de Janeiro/RJ/Brasil,Cartao de Credito,Enviado
TRX0005804,PED003069,2025-12-07,CLI00315,Hub USB-C,acessorios,126.68,1,Campinas/SP/Brasil,Cartao de Credito,Entregue
TRX0005805,PED003069,07-12-2025,CLI00315,Luminaria de Mesa,Casa,"R$ 144,39",2,Campinas/SP/Brasil,Cartao de Credito,Entregue
TRX0005806,PED003069,2025-12-07,CLI00315,Tablet 10,Eletronicos,"R$ 1.303,79",1,Campinas/SP/Brasil,Cartao de Credito,Entregue
TRX0005807,PED003070,19-12-2025,CLI00301,Smartphone X200,Eletronicos,2319.21,1,Sao Paulo/SP/Brasil,Pix,Entregue
TRX0005808,PED003071,17/12/2025,CLI00298,Tenis Corrida Leve,Esporte,315.11,1,Campinas/SP/Brasil,Cartao de Credito,Entregue
TRX0005809,PED003072,19/12/2025,CLI00658,Hub USB-C,Acessorios,132.88,1,Goiania/GO/Brasil,Pix,Entregue
TRX0005810,PED003072,2025-12-19,CLI00658,Carregador Turbo,Acessorios,"106,83",1,Goiania/GO/Brasil,Pix,Entregue
TRX0005811,PED003072,2025-12-19,CLI00658,Luminaria de Mesa,Casa,138.84,2,Goiania/GO/Brasil,Pix,Entregue
TRX0005812,PED003073,16/12/2025,CLI00221,Mouse Sem Fio,Acessorios,"R$ 96,23",1,Curitiba/PR/Brasil,Cartao de Credito,Devolvido
TRX0005813,PED003073,2025-12-16,CLI00221,Notebook Gamer,Eletronicos,4881.77,1,Curitiba/PR/Brasil,Cartao de Credito,Devolvido
TRX0005814,PED003073,2025-12-16,CLI00221,Calca Jeans Reta,Moda,"R$ 198,92",1,Curitiba/PR/Brasil,Cartao de Credito,Devolvido
,PED003074,2025-12-11,CLI00305,Mochila para Notebook,Acessorios,"R$ 189,72",1,Campinas/SP/Brasil,Cartao de Credito,Cancelado
TRX0005816,PED003075,2025-12-12,CLI00604,Tapete de Yoga,Esporte,"R$ 152,02",1,Sao Paulo/SP/Brasil,Pix,Devolvido
TRX0005817,PED003075,2025-12-12,CLI00604,Camisa Social Slim,Moda,"R$ 157,99",2,Sao Paulo/SP/Brasil,Pix,devolvido
TRX0005818,PED003075,2025-12-12,CLI00604,Halteres 10kg,Esporte,199.44,1,Sao Paulo/SP/Brasil,Pix,Devolvido
TRX0005819,PED003076,19-12-2025,CLI00547,Jogo de Panelas,Casa,404.15,2,Sao Paulo/SP/Brasil,Cartao de Credito,Entregue
TRX0005820,PED003076,19-12-2025,CLI00547,Aspirador Robo,Casa,"R$ 1.532,03",1,Sao Paulo/SP/Brasil,Cartao de Credito,Entregue
TRX0005821,PED003077,2025-12-30,CLI00600,Livro Historia do Brasil,Livros,74.90,1,Fortaleza/CE/Brasil,Cartao de Credito,Entregue
TRX0005822,PED003078,23/12/2025,CLI00361,Cafeteira Eletrica,Casa,"304,31",1,Santos/SP/Brasil,Pix,Cancelado
TRX0005823,PED003078,23/12/2025,CLI00361,Liquidificador Potente,CASA,232.32,2,Santos/SP/Brasil,Pix,Cancelado
TRX0005824,PED003079,27-12-2025,CLI00652,Livro Dados em Acao,Livros,"R$ 87,03",1,Fortaleza/CE/Brasil,Cartao de Credito,Devolvido
TRX0005825,PED003080,26/12/2025,CLI00014,Teclado Mecanico,Acessorios,374.29,1,Curitiba/PR/Brasil,Cartao de Debito,Entregue
TRX0005826,PED003081,2025-12-06,CLI00091,Tenis Corrida Leve,Esporte,"R$ 327,76",1,Sao Paulo/SP/Brasil,Pix,Entregue
TRX0005827,PED003082,29/12/2025,CLI00436,Tapete de Yoga,Esporte,"148,50",1,Sao Paulo/SP/Brasil,Pix,Enviado
TRX0005828,PED003082,2025-12-29,CLI00436,Garrafa Termica,ESPORTE,"R$ 121,70",4,Sao Paulo/SP/Brasil,Pix,enviado
TRX0005829,PED003083,,CLI00636,Vestido Midi,Moda,"R$ 231,75",1,Sao Paulo/SP/Brasil,Cartao de Credito,cancelado
TRX0005830,PED003084,2025-12-14,CLI00252,Hub USB-C,acessorios,"R$ 130,05",2,Sao Paulo/SP/Brasil,Cartao de Credito,Entregue
TRX0005831,PED003085,2025-12-30,CLI00539,Capa para Smartphone,Acessorios,"R$ 50,75",1,Rio de Janeiro/RJ/Brasil,Cartao de Debito,Entregue
TRX0005832,PED003086,2025-12-05,CLI00109,Mochila para Notebook,Acessorios,"R$ 175,89",1,Salvador/BA/Brasil,Pix,Cancelado
TRX0005833,PED003086,2025-12-05,CLI00109,Hub USB-C,Acessorios,"R$ 135,95",2,Salvador/BA/Brasil,Pix,Cancelado
TRX0005834,PED003087,05/12/2025,CLI00090,Tapete de Yoga,Esporte,"R$ 151,04",1,Rio de Janeiro/RJ/Brasil,Pix,Cancelado
TRX0005835,PED003087,05-12-2025,CLI00090,Garrafa Termica,Esporte,126.08,1,Rio de Janeiro/RJ/Brasil,Pix,Cancelado
TRX0005836,PED003088,2025-12-12,CLI00577,Jaqueta Corta Vento,Moda,"280,51",1,Rio de Janeiro/RJ/Brasil,Pix,Entregue
TRX0005837,PED003089,2025-12-31,CLI00462,Halteres 10kg,Esporte,"R$ 196,85",3,Goiania/GO/Brasil,Cartao de Credito,Cancelado
TRX0005838,PED003090,2025-12-26,CLI00356,Capa para Smartphone,Acessorios,"R$ 50,53",1,Sao Paulo/SP/Brasil,Pix,Processando
TRX0005839,PED003091,2025-12-10,CLI00542,Tenis Corrida Leve,esporte,"R$ 345,66",1,Curitiba/PR/Brasil,Cartao de Credito,Entregue
TRX0005840,PED003091,10/12/2025,CLI00542,Camiseta Dry Fit,esporte,79.19,3,Curitiba/PR/Brasil,Cartao de Credito,Entregue
TRX0005841,PED003091,2025-12-10,CLI00542,Tapete de Yoga,Esporte,"148,25",3,Curitiba/PR/Brasil,Cartao de Credito,Entregue
TRX0005842,PED003092,26/12/2025,CLI00541,Luminaria de Mesa,Casa,"144,06",1,Sao Paulo/SP/Brasil,Cartao de Credito,Entregue
TRX0005843,PED003093,26-12-2025,CLI00169,Tenis Corrida Leve,Esporte,"327,81",1,Porto Alegre/RS/Brasil,Cartao de Credito,Entregue
TRX0005844,PED003094,17/12/2025,CLI00550,Notebook Gamer,Eletronicos,"R$ 4.895,87",1,Campinas/SP/Brasil,Pix,Entregue
TRX0005845,PED003094,17-12-2025,CLI00550,Monitor 27,Eletronicos,1235.25,1,Campinas/SP/Brasil,Pix,Entregue
,PED003095,2025-12-20,CLI00108,Calca Jeans Reta,Moda,"187,76",1,Goiania/GO/Brasil,Cartao de Debito,Entregue
TRX0005847,PED003095,2025-12-20,CLI00108,Garrafa Termica,Esporte,113.93,1,Goiania/GO/Brasil,Cartao de Debito,entregue
TRX0005848,PED003095,20/12/2025,CLI00108,Cafeteira Eletrica,Casa,289.14,2,Goiania/GO/Brasil,Cartao de Debito,Entregue
TRX0005849,PED003095,20/12/2025,CLI00108,Teclado Mecanico,Acessorios,"375,28",1,Goiania/GO/Brasil,Cartao de Debito,Entregue
TRX0005850,PED003096,23/12/2025,CLI00088,Headset Gamer,Acessorios,253.96,4,Porto Alegre/RS/Brasil,Boleto,Entregue
TRX0005851,PED003096,23-12-2025,CLI00088,Cafeteira Eletrica,Casa,"R$ 286,98",1,Porto Alegre/RS/Brasil,Boleto,Entregue
TRX0005852,PED003096,23-12-2025,CLI00088,Notebook Ultrafino,Eletronicos,"R$ 3.498,32",1,Porto Alegre/RS/Brasil,Boleto,Entregue
TRX0005853,PED003097,2025-12-14,CLI00607,Aspirador Robo,Casa,1649.74,1,Sao Paulo/SP/Brasil,Cartao de Credito,Entregue
TRX0005854,PED003098,2025-12-23,CLI00084,Livro Dados em Acao,Livros,"84,89",1,Goiania/GO/Brasil,Boleto,Entregue
TRX0005855,PED003098,2025-12-23,CLI00084,Aspirador Robo,Casa,"R$ 1.627,18",2,Goiania/GO/Brasil,Boleto,Entregue
TRX0005856,PED003099,02/12/2025,CLI00014,Cafeteira Eletrica,Casa,"287,83",1,Curitiba/PR/Brasil,Cartao de Debito,Entregue
TRX0005857,PED003100,2025-12-01,CLI00552,Carregador Turbo,Acessorios,"97,13",2,Belo Horizonte/MG/Brasil,Pix,Entregue
TRX0005858,PED003101,13/12/2025,CLI00542,Camisa Social Slim,Moda,162.89,1,Curitiba/PR/Brasil,Pix,Entregue
TRX0005859,PED003101,2025-12-13,CLI00542,Teclado Mecanico,acessorios,"334,02",1,Curitiba/PR/Brasil,Pix,Entregue
TRX0005860,PED003102,12/12/2025,CLI00547,Garrafa Termica,Esporte,"R$ 124,69",1,Sao Paulo/SP/Brasil,Boleto,Entregue
TRX0005861,PED003103,2025-12-25,CLI00536,Livro SQL Essencial,Livros,"R$ 80,06",1,Florianopolis/SC/Brasil,Boleto,Entregue
TRX0005862,PED003104,26/12/2025,CLI00035,Halteres 10kg,Esporte,188.46,4,Florianopolis/SC/Brasil,Pix,Entregue
,PED003104,26/12/2025,CLI00035,Livro SQL Essencial,LIVROS,"R$ 75,07",1,Florianopolis/SC/Brasil,Pix,Entregue
TRX0005864,PED003105,2025-12-12,CLI00021,Hub USB-C,Acessorios,131.13,1,Uberlandia/MG/Brasil,Pix,Entregue
TRX0005865,PED003105,2025-12-12,CLI00021,Liquidificador Potente,Casa,"219,02",1,Uberlandia/MG/Brasil,Pix,Entregue
TRX0005866,PED003105,2025-12-12,CLI00021,Teclado Mecanico,Acessorios,"R$ 340,41",1,Uberlandia/MG/Brasil,Pix,Entregue
TRX0005867,PED003106,,CLI00255,Monitor 27,Eletronicos,"1.237,59",1,Curitiba/PR/Brasil,Cartao de Credito,Entregue
TRX0005868,PED003106,2025-12-09,CLI00255,Vestido Midi,Moda,210.84,1,Curitiba/PR/Brasil,Cartao de Credito,Entregue
TRX0005869,PED003106,09-12-2025,CLI00255,Hub USB-C,Acessorios,127.94,2,Curitiba/PR/Brasil,Cartao de Credito,Entregue
TRX0005870,PED003107,02/12/2025,CLI00252,Carregador Turbo,Acessorios,"R$ 102,35",2,Sao Paulo/SP/Brasil,Cartao de Credito,Enviado
TRX0005871,PED003107,2025-12-02,CLI00252,Notebook Ultrafino,Eletronicos,"3.700,35",1,Sao Paulo/SP/Brasil,Cartao de Credito,enviado
TRX0005872,PED003107,02/12/2025,CLI00252,Capa para Smartphone,Acessorios,,2,Sao Paulo/SP/Brasil,Cartao de Credito,Enviado
TRX0005873,PED003108,2025-12-24,CLI00600,Garrafa Termica,Esporte,116.04,1,Fortaleza/CE/Brasil,Pix,Entregue
TRX0005874,PED003108,24/12/2025,CLI00600,Mochila para Notebook,Acessorios,"R$ 191,66",3,Fortaleza/CE/Brasil,Pix,Entregue
TRX0005875,PED003109,2025-12-23,CLI00314,Garrafa Termica,Esporte,"119,04",1,Sao Paulo/SP/Brasil,Pix,Entregue
TRX0005876,PED003109,2025-12-23,CLI00314,Halteres 10kg,Esporte,202.62,1,Sao Paulo/SP/Brasil,Pix,Entregue
TRX0005877,PED003110,2025-12-05,CLI00315,Headset Gamer,Acessorios,"R$ 262,22",2,Campinas/SP/Brasil,Pix,Entregue
TRX0005878,PED003111,2025-12-26,CLI00122,Tablet 10,Eletronicos,1366.51,1,Brasilia/DF/Brasil,Cartao de Debito,Entregue
TRX0005879,PED003111,2025-12-26,CLI00122,Camisa Social Slim,Moda,"167,76",1,Brasilia/DF/Brasil,Cartao de Debito,Entregue
TRX0005880,PED003111,2025-12-26,CLI00122,Tenis Corrida Leve,Esporte,"343,23",3,Brasilia/DF/Brasil,Cartao de Debito,Entregue
TRX0005881,PED003112,2025-12-02,CLI00385,Tenis Corrida Leve,Esporte,352.70,2,Belo Horizonte/MG/Brasil,Pix,Entregue
TRX0005882,PED003113,2025-12-01,CLI00191,Jogo de Panelas,Casa,"R$ 418,59",1,Sao Paulo/SP/Brasil,Cartao de Credito,Entregue
TRX0005883,PED003114,2025-12-27,CLI00164,Teclado Mecanico,Acessorios,356.04,1,Curitiba/PR/Brasil,Pix,Entregue
TRX0005884,PED003115,12-12-2025,CLI00319,Smartphone X200,Eletronicos,"2.352,28",1,Porto Alegre/RS/Brasil,Boleto,Cancelado
,PED003115,2025-12-12,CLI00319,Carregador Turbo,Acessórios,95.59,1,Porto Alegre/RS/Brasil,Boleto,Cancelado
TRX0005886,PED003116,2025-12-10,CLI00495,Tablet 10,Eletronicos,"R$ 1.244,74",1,Porto Alegre/RS/Brasil,Cartao de Debito,Entregue
TRX0005887,PED003116,2025-12-10,CLI00495,Tenis Corrida Leve,Esporte,340.27,1,Porto Alegre/RS/Brasil,Cartao de Debito,Entregue
TRX0005888,PED003116,2025-12-10,CLI00495,Notebook Gamer,Eletronicos,"R$ 5.178,21",3,Porto Alegre/RS/Brasil,Cartao de Debito,Entregue
TRX0005889,PED003117,2025-12-09,CLI00090,Calca Jeans Reta,MODA,"R$ 198,63",1,Rio de Janeiro/RJ/Brasil,Pix,Entregue
TRX0005890,PED003117,09-12-2025,CLI00090,Notebook Ultrafino,Eletronicos,"R$ 3.696,60",4,Rio de Janeiro/RJ/Brasil,Pix,Entregue
TRX0005891,PED003118,2025-12-02,CLI00406,Halteres 10kg,esporte,"R$ 195,51",1,Rio de Janeiro/RJ/Brasil,Cartao de Credito,Entregue
TRX0005892,PED003119,2025-12-02,CLI00577,Tablet 10,ELETRONICOS,"1.308,62",1,Rio de Janeiro/RJ/Brasil,Cartao de Credito,Entregue
TRX0005893,PED003119,02-12-2025,CLI00577,Teclado Mecanico,Acessorios,"373,55",1,Rio de Janeiro/RJ/Brasil,Cartao de Credito,Entregue
TRX0005894,PED003120,2025-12-28,CLI00652,Livro Dados em Acao,Livros,"R$ 92,95",1,Fortaleza/CE/Brasil,Pix,ENTREGUE
TRX0005895,PED003120,28-12-2025,CLI00652,Notebook Gamer,Eletronicos,5178.80,1,Fortaleza/CE/Brasil,Pix,Entregue
TRX0005896,PED003121,2025-12-11,CLI00441,Garrafa Termica,Esporte,119.35,1,Belo Horizonte/MG/Brasil,Cartao de Credito,Devolvido
TRX0005897,PED003122,2025-12-28,CLI00243,Notebook Ultrafino,Eletronicos,"R$ 3.336,54",1,Rio de Janeiro/RJ/Brasil,Pix,Entregue
TRX0005898,PED003122,28/12/2025,CLI00243,Mouse Sem Fio,Acessorios,88.55,1,Rio de Janeiro/RJ/Brasil,Pix,Entregue
TRX0005899,PED003123,2025-12-14,CLI00449,Luminaria de Mesa,Casa,137.24,3,Rio de Janeiro/RJ/Brasil,Cartao de Credito,Entregue
TRX0005900,PED003123,14/12/2025,CLI00449,Mouse Sem Fio,Acessorios,93.39,1,Rio de Janeiro/RJ/Brasil,Cartao de Credito,Entregue
TRX0005901,PED003124,20/12/2025,CLI00547,Camisa Social Slim,Moda,"R$ 152,58",1,Sao Paulo/SP/Brasil,Cartao de Credito,Entregue
TRX0005902,PED003125,2025-12-15,CLI00305,Tenis Corrida Leve,Esporte,"R$ 339,35",1,Campinas/SP/Brasil,Boleto,Entregue
TRX0005903,PED003126,2025-12-15,CLI00239,Livro Historia do Brasil,Livros,"R$ 69,08",1,Campinas/SP/Brasil,Cartao de Credito,Entregue
TRX0005904,PED003127,2025-12-04,CLI00173,Cafeteira Eletrica,CASA,"R$ 308,49",1,Sao Paulo/SP/Brasil,Cartao de Credito,Entregue
TRX0005905,PED003128,2025-12-03,CLI00365,Livro Dados em Acao,Livros,90.62,1,Uberlandia/MG/Brasil,Cartao de Credito,Entregue
TRX0005906,PED003129,2025-12-07,CLI00291,Camiseta Dry Fit,Esporte,81.05,1,Rio de Janeiro/RJ/Brasil,Pix,Entregue
TRX0005907,PED003130,2025-12-28,CLI00094,Cafeteira Eletrica,Casa,"R$ 278,03",1,Rio de Janeiro/RJ/Brasil,Cartao de Credito,Entregue
TRX0005908,PED003130,2025-12-28,CLI00094,Liquidificador Potente,Casa,"R$ 234,29",1,Rio de Janeiro/RJ/Brasil,Cartao de Credito,Entregue
TRX0005909,PED003131,09/12/2025,CLI00619,Capa para Smartphone,Acessorios,52.02,1,Brasilia/DF/Brasil,Cartao de Credito,Aguardando pagamento
TRX0005910,PED003132,2025-12-04,CLI00330,Liquidificador Potente,Casa,"222,68",1,Belo Horizonte/MG/Brasil,Cartao de Credito,Entregue
TRX0005911,PED003132,2025-12-04,CLI00330,Livro SQL Essencial,LIVROS,"R$ 80,71",2,Belo Horizonte/MG/Brasil,Cartao de Credito,Entregue
TRX0005912,PED003133,04/12/2025,CLI00330,Livro SQL Essencial,Livros,"R$ 83,46",2,Belo Horizonte/MG/Brasil,Cartao de Credito,Entregue
TRX0005913,PED003133,04-12-2025,CLI00330,Mouse Sem Fio,Acessorios,"R$ 93,91",1,Belo Horizonte/MG/Brasil,Cartao de Credito,Entregue
TRX0005914,PED003134,25/12/2025,CLI00555,Camisa Social Slim,Moda,"151,90",-2,Porto Alegre/RS/Brasil,Cartao de Credito,Entregue
TRX0005915,PED003134,2025-12-25,,Notebook Ultrafino,Eletronicos,"3.571,91",1,Porto Alegre/RS/Brasil,Cartao de Credito,Entregue
TRX0005916,PED003135,25/12/2025,CLI00339,Garrafa Termica,Esporte,"116,46",1,Rio de Janeiro/RJ/Brasil,Cartao de Credito,Cancelado
TRX0005917,PED003135,2025-12-25,CLI00339,Camiseta Dry Fit,Esporte,"R$ 77,15",1,Rio de Janeiro/RJ/Brasil,Cartao de Credito,Cancelado
TRX0005918,PED003136,2025-12-29,CLI00104,Tapete de Yoga,Esporte,"R$ 156,57",1,Rio de Janeiro/RJ/Brasil,Pix,Entregue
TRX0005919,PED003137,05-12-2025,CLI00093,Headset Gamer,Acessorios,263.90,1,Santos/SP/Brasil,Pix,Entregue
TRX0005920,PED003138,2025-12-28,CLI00571,Hub USB-C,Acessorios,127.98,2,Sao Paulo/SP/Brasil,Cartao de Credito,entregue
TRX0005921,PED003138,28/12/2025,CLI00571,Tablet 10,ELETRONICOS,1358.72,1,Sao Paulo/SP/Brasil,Cartao de Credito,entregue
TRX0005922,PED003138,28/12/2025,CLI00571,Monitor 27,Eletronicos,"R$ 1.152,79",1,Sao Paulo/SP/Brasil,Cartao de Credito,Entregue
TRX0005923,PED003138,2025-12-28,CLI00571,Garrafa Termica,Esporte,121.02,1,Sao Paulo/SP/Brasil,Cartao de Credito,Entregue
TRX0005924,PED003139,21/12/2025,CLI00075,Luminaria de Mesa,Casa,"141,50",3,Campinas/SP/Brasil,Cartao de Credito,Cancelado
TRX0005925,PED003139,21/12/2025,CLI00075,Capa para Smartphone,Acessorios,53.87,1,Campinas/SP/Brasil,Cartao de Credito,Cancelado
TRX0005926,PED003140,2025-12-16,CLI00551,Luminaria de Mesa,Casa,134.76,1,Belo Horizonte/MG/Brasil,Boleto,Devolvido
TRX0005927,PED003141,2025-12-28,CLI00145,Mochila para Notebook,Acessorios,"R$ 178,02",1,Santos/SP/Brasil,Pix,Entregue
TRX0005928,PED003141,28-12-2025,CLI00145,Teclado Mecanico,acessorios,"360,61",3,Santos/SP/Brasil,Pix,Entregue
TRX0005929,PED003142,31-12-2025,CLI00385,Headset Gamer,acessorios,"264,26",1,Belo Horizonte/MG/Brasil,Cartao de Credito,Enviado
TRX0005930,PED003142,2025-12-31,CLI00385,Carregador Turbo,Acessorios,"R$ 100,11",1,Belo Horizonte/MG/Brasil,Cartao de Credito,Enviado
TRX0005931,PED003143,2025-12-02,CLI00339,Notebook Ultrafino,Eletronicos,"R$ 3.291,69",1,Rio de Janeiro/RJ/Brasil,Cartao de Credito,Entregue
TRX0005932,PED003143,2025-12-02,CLI00339,Halteres 10kg,Esporte,"187,06",1,Rio de Janeiro/RJ/Brasil,Cartao de Credito,Entregue
TRX0005933,PED003143,2025-12-02,CLI00339,Mochila para Notebook,Acessorios,184.93,1,Rio de Janeiro/RJ/Brasil,Cartao de Credito,Entregue
TRX0005934,PED003143,02-12-2025,CLI00339,Mouse Sem Fio,Acessorios,"R$ 95,80",3,Rio de Janeiro/RJ/Brasil,Cartao de Credito,entregue
TRX0005935,PED003144,12/12/2025,CLI00577,Capa para Smartphone,Acessorios,49.19,2,Rio de Janeiro/RJ/Brasil,Pix,Entregue
TRX0005936,PED003145,02/12/2025,CLI00088,Liquidificador Potente,Casa,229.76,1,Porto Alegre/RS/Brasil,Cartao de Credito,Entregue
TRX0005937,PED003145,2025-12-02,CLI00088,Tenis Corrida Leve,Esporte,"R$ 316,60",1,Porto Alegre/RS/Brasil,Cartao de Credito,Entregue
TRX0005938,PED003146,06/12/2025,CLI00577,Jaqueta Corta Vento,Moda,"259,39",1,Rio de Janeiro/RJ/Brasil,Cartao de Credito,Enviado
TRX0005939,PED003147,2025-12-24,CLI00645,Notebook Gamer,Eletronicos,5002.75,1,Sao Paulo/SP/Brasil,Cartao de Debito,Entregue
TRX0005940,PED003147,,CLI00645,Livro SQL Essencial,Livros,"R$ 79,44",2,Sao Paulo/SP/Brasil,Cartao de Debito,Aguardando pagamento
TRX0005941,PED003148,2025-12-14,CLI00398,Calca Jeans Reta,Moda,"194,72",1,Uberlandia/MG/Brasil,Boleto,Entregue
TRX0005942,PED003148,14-12-2025,CLI00398,Notebook Ultrafino,Eletronicos,"21.806,57",1,Uberlandia/MG/Brasil,Boleto,Entregue
TRX0005943,PED003149,2025-12-22,CLI00398,Liquidificador Potente,Casa,"211,61",2,Uberlandia/MG/Brasil,Pix,Devolvido
TRX0005944,PED003149,22/12/2025,CLI00398,Notebook Gamer,Eletronicos,4764.43,2,Uberlandia/MG/Brasil,Pix,Devolvido
TRX0005945,PED003149,2025-12-22,CLI00398,Tenis Corrida Leve,Esporte,"338,25",1,Uberlandia/MG/Brasil,Pix,Devolvido
TRX0005946,PED003149,22/12/2025,CLI00398,Teclado Mecanico,Acessórios,334.02,1,Uberlandia/MG/Brasil,Pix,Devolvido
TRX0005947,PED003150,12-12-2025,CLI00547,Luminaria de Mesa,CASA,138.03,1,Sao Paulo/SP/Brasil,Cartao de Debito,Cancelado
TRX0005948,PED003151,2025-12-14,CLI00160,Hub USB-C,Acessorios,124.11,3,Brasilia/DF/Brasil,Cartao de Credito,Entregue
TRX0005949,PED003152,21/12/2025,CLI00222,Capa para Smartphone,Acessorios,"R$ 49,37",1,Belo Horizonte/MG/Brasil,Pix,Entregue
TRX0005950,PED003153,2025-12-08,CLI00062,Teclado Mecanico,Acessorios,"353,16",1,Curitiba/PR/Brasil,Cartao de Credito,Entregue
TRX0005951,PED003154,26-12-2025,CLI00541,Notebook Ultrafino,ELETRONICOS,"R$ 3.617,19",1,Sao Paulo/SP/Brasil,Pix,Entregue
TRX0005952,PED003154,26/12/2025,CLI00541,Mouse Sem Fio,Acessorios,"87,82",1,Sao Paulo/SP/Brasil,Pix,Entregue
TRX0005953,PED003154,2025-12-26,CLI00541,Hub USB-C,Acessorios,"R$ 130,41",2,Sao Paulo/SP/Brasil,Pix,entregue
TRX0005954,PED003155,2025-12-13,CLI00341,Livro SQL Essencial,Livros,"R$ 82,61",3,Sao Paulo/SP/Brasil,Cartao de Debito,Entregue
TRX0005955,PED003156,2025-12-07,CLI00394,Garrafa Termica,Esporte,"R$ 116,18",1,Sao Paulo/SP/Brasil,Cartao de Credito,Enviado
TRX0005956,PED003157,2025-12-27,CLI00564,Luminaria de Mesa,Casa,"137,01",1,Belo Horizonte/MG/Brasil,Cartao de Credito,Devolvido
TRX0005957,PED003157,27-12-2025,CLI00564,Monitor 27,Eletronicos,"1.133,95",1,Belo Horizonte/MG/Brasil,Cartao de Credito,Devolvido
TRX0005958,PED003157,27/12/2025,CLI00564,Camiseta Dry Fit,esporte,"R$ 83,77",1,Belo Horizonte/MG/Brasil,Cartao de Credito,Devolvido
TRX0005959,PED003157,2025-12-27,CLI00564,Cafeteira Eletrica,Casa,"289,15",1,Belo Horizonte/MG/Brasil,Cartao de Credito,devolvido
TRX0005960,PED003158,2025-12-10,CLI00370,Livro Dados em Acao,Livros,91.13,1,Uberlandia/MG/Brasil,Pix,Entregue
TRX0005961,PED003158,10/12/2025,CLI00370,Notebook Gamer,eletronicos,4756.72,1,Uberlandia/MG/Brasil,Pix,Entregue
TRX0005962,PED003158,2025-12-10,CLI00370,Mouse Sem Fio,Acessorios,"96,15",1,Uberlandia/MG/Brasil,Pix,Entregue
TRX0005963,PED003158,10-12-2025,CLI00370,Camisa Social Slim,Moda,"R$ 153,59",2,Uberlandia/MG/Brasil,Pix,Entregue
TRX0005964,PED003159,19-12-2025,CLI00403,Camiseta Dry Fit,Esporte,"82,58",3,Rio de Janeiro/RJ/Brasil,Pix,ENTREGUE
TRX0005965,PED003159,2025-12-19,CLI00403,Hub USB-C,Acessorios,137.70,1,Rio de Janeiro/RJ/Brasil,Pix,Entregue
TRX0005966,PED003160,2025-12-09,CLI00222,Mochila para Notebook,Acessorios,"R$ 182,09",3,Belo Horizonte/MG/Brasil,Cartao de Credito,CANCELADO
TRX0005967,PED003160,2025-12-09,CLI00222,Hub USB-C,Acessorios,122.86,1,Belo Horizonte/MG/Brasil,Cartao de Credito,Cancelado
TRX0005968,PED003160,2025-12-09,CLI00222,Jogo de Panelas,Casa,383.35,1,Belo Horizonte/MG/Brasil,Cartao de Credito,Cancelado
TRX0005969,PED003160,2025-12-09,CLI00222,Mouse Sem Fio,Acessorios,"92,95",3,Belo Horizonte/MG/Brasil,Cartao de Credito,Cancelado
TRX0005970,PED003161,2025-12-03,CLI00605,Camisa Social Slim,Moda,"R$ 167,86",1,Belo Horizonte/MG/Brasil,Pix,Entregue
TRX0005971,PED003161,2025-12-03,CLI00605,Monitor 27,Eletronicos,1190.48,1,Belo Horizonte/MG/Brasil,Pix,Entregue
TRX0005972,PED003161,2025-12-03,CLI00605,Cafeteira Eletrica,Casa,"R$ 276,63",2,Belo Horizonte/MG/Brasil,Pix,Entregue
TRX0005973,PED003162,2025-12-19,CLI00387,Camisa Social Slim,Moda,"160,50",2,Goiania/GO/Brasil,Cartao de Credito,Entregue
TRX0005974,PED003162,19/12/2025,CLI00387,Capa para Smartphone,Acessorios,47.45,2,Goiania/GO/Brasil,Cartao de Credito,Entregue
TRX0005975,PED003162,2025-12-19,CLI00387,Jaqueta Corta Vento,Moda,"264,82",1,Goiania/GO/Brasil,Cartao de Credito,entregue
TRX0005976,PED003163,13/12/2025,CLI00245,Notebook Ultrafino,Eletronicos,"R$ 3.678,05",1,Salvador/BA/Brasil,Pix,Entregue
TRX0005977,PED003163,2025-12-13,CLI00245,Mochila para Notebook,Acessorios,"171,00",1,Salvador/BA/Brasil,Pix,Entregue
TRX0005978,PED003163,2025-12-13,CLI00245,Hub USB-C,ACESSORIOS,"R$ 134,86",1,Salvador/BA/Brasil,Pix,Entregue
TRX0005979,PED003164,2025-12-28,CLI00462,Monitor 27,eletronicos,1148.44,4,Goiania/GO/Brasil,Cartao de Credito,Entregue
TRX0005980,PED003165,2025-12-04,CLI00420,Tablet 10,Eletronicos,"1.327,15",3,Salvador/BA/Brasil,Pix,Entregue
TRX0005981,PED003166,09/12/2025,CLI00062,Jaqueta Corta Vento,moda,265.89,1,Curitiba/PR/Brasil,Cartao de Credito,Entregue
TRX0005982,PED003167,2025-12-12,CLI00164,Capa para Smartphone,Acessorios,"R$ 47,91",1,Curitiba/PR/Brasil,Cartao de Credito,Entregue
TRX0005983,PED003167,2025-12-12,CLI00164,Luminaria de Mesa,Casa,"R$ 139,93",1,Curitiba/PR/Brasil,Cartao de Credito,Entregue
TRX0005984,PED003167,12/12/2025,CLI00164,Mouse Sem Fio,Acessorios,"89,85",1,Curitiba/PR/Brasil,Cartao de Credito,Entregue
TRX0005985,PED003167,2025-12-12,CLI00164,Jogo de Panelas,Casa,412.02,1,Curitiba/PR/Brasil,Cartao de Credito,Entregue
TRX0005986,PED003168,2026-01-11,CLI00541,Tablet 10,Eletronicos,"1.329,23",1,Sao Paulo/SP/Brasil,Pix,Entregue
TRX0005987,PED003168,2026-01-11,CLI00541,Monitor 27,Eletronicos,"1.195,88",2,Sao Paulo/SP/Brasil,Pix,entregue
TRX0005988,PED003168,2026-01-11,CLI00541,Tapete de Yoga,Esporte,"147,36",3,Sao Paulo/SP/Brasil,Pix,Entregue
TRX0005989,PED003168,2026-01-11,CLI00541,Smart TV 50,Eletronicos,"2.556,48",1,Sao Paulo/SP/Brasil,Pix,Entregue
TRX0005990,PED003169,2026-01-12,CLI00449,Headset Gamer,Acessórios,270.60,1,Rio de Janeiro/RJ/Brasil,Pix,Entregue
TRX0005991,PED003169,12/01/2026,CLI00449,Camisa Social Slim,Moda,163.03,1,Rio de Janeiro/RJ/Brasil,Pix,Entregue
TRX0005992,PED003170,2026-01-26,CLI00541,Garrafa Termica,esporte,"113,35",1,Sao Paulo/SP/Brasil,Pix,Entregue
TRX0005993,PED003171,2026-01-01,CLI00567,Tapete de Yoga,Esporte,157.95,3,Belo Horizonte/MG/Brasil,Cartao de Credito,Entregue
TRX0005994,PED003172,2026-01-21,CLI00296,Capa para Smartphone,Acessorios,"R$ 48,77",1,Sao Paulo/SP/Brasil,Pix,Entregue
TRX0005995,PED003173,26-01-2026,CLI00555,Vestido Midi,MODA,"222,65",1,Porto Alegre/RS/Brasil,Boleto,entregue
TRX0005996,PED003174,2026-01-10,CLI00066,Notebook Gamer,Eletronicos,"4.701,58",3,Curitiba/PR/Brasil,Pix,Entregue
TRX0005997,PED003174,10/01/2026,CLI00066,Headset Gamer,Acessorios,"R$ 262,47",1,Curitiba/PR/Brasil,Pix,Entregue
TRX0005998,PED003174,2026-01-10,CLI00066,Mochila para Notebook,Acessorios,"182,59",4,Curitiba/PR/Brasil,Pix,Entregue
TRX0005999,PED003175,22/01/2026,CLI00652,Luminaria de Mesa,Casa,"R$ 141,97",1,Fortaleza/CE/Brasil,Cartao de Credito,Entregue
TRX0006000,PED003175,22/01/2026,CLI00652,Aspirador Robo,Casa,1667.90,1,Fortaleza/CE/Brasil,Cartao de Credito,Entregue
TRX0006001,PED003176,2026-01-06,CLI00191,Notebook Gamer,Eletronicos,"R$ 4.668,79",1,Sao Paulo/SP/Brasil,Pix,Entregue
TRX0006002,PED003176,2026-01-06,CLI00191,Livro SQL Essencial,Livros,79.58,1,Sao Paulo/SP/Brasil,Pix,Entregue
TRX0006003,PED003177,2026-01-17,CLI00482,Capa para Smartphone,Acessorios,51.05,1,Fortaleza/CE/Brasil,Pix,ENTREGUE
TRX0006004,PED003177,17-01-2026,CLI00482,Camiseta Dry Fit,Esporte,86.26,1,Fortaleza/CE/Brasil,Pix,Entregue
TRX0006005,PED003178,2026-01-07,CLI00298,Tapete de Yoga,ESPORTE,"R$ 149,37",1,Campinas/SP/Brasil,Cartao de Credito,Entregue
TRX0006006,PED003179,15/01/2026,CLI00313,Aspirador Robo,Casa,"R$ 1.559,84",1,Rio de Janeiro/RJ/Brasil,Pix,Entregue
TRX0006007,PED003180,10-01-2026,CLI00122,,Esporte,128.26,1,Brasilia/DF/Brasil,Boleto,entregue
TRX0006008,PED003180,10/01/2026,CLI00122,Mochila para Notebook,ACESSORIOS,,1,Brasilia/DF/Brasil,Boleto,Entregue
TRX0006009,PED003180,2026-01-10,CLI00122,Halteres 10kg,Esporte,192.65,2,Brasilia/DF/Brasil,Boleto,Entregue
TRX0006010,PED003181,2026-01-06,CLI00462,Liquidificador Potente,Casa,"R$ 222,60",1,Goiania/GO/Brasil,Pix,Cancelado
TRX0006011,PED003181,2026-01-06,CLI00462,Halteres 10kg,Esporte,181.68,1,Goiania/GO/Brasil,Pix,Cancelado
TRX0006012,PED003182,04/01/2026,CLI00410,Jogo de Panelas,Casa,385.04,1,Campinas/SP/Brasil,Pix,Entregue
TRX0006013,PED003182,04-01-2026,CLI00410,Livro SQL Essencial,Livros,"R$ 84,44",1,Campinas/SP/Brasil,Pix,Entregue
TRX0006014,PED003183,2026-01-12,CLI00600,Carregador Turbo,Acessorios,"100,09",1,Fortaleza/CE/Brasil,Cartao de Credito,entregue
TRX0004368,PED002332,01/09/2025,CLI00339,Hub USB-C,Acessorios,136.62,2,Rio de Janeiro/RJ/Brasil,Cartao de Credito,Entregue
TRX0006015,PED003184,2026-01-29,CLI00537,Halteres 10kg,Esporte,194.32,2,Uberlandia/MG/Brasil,Pix,ENVIADO
TRX0006016,PED003184,2026-01-29,CLI00537,Notebook Gamer,Eletronicos,"R$ 5.142,32",3,Uberlandia/MG/Brasil,Pix,ENVIADO
TRX0006017,PED003185,2026-01-01,CLI00337,Cafeteira Eletrica,CASA,"296,75",1,Rio de Janeiro/RJ/Brasil,Cartao de Credito,Entregue
TRX0006018,PED003185,2026-01-01,CLI00337,Liquidificador Potente,Casa,"227,36",1,Rio de Janeiro/RJ/Brasil,Cartao de Credito,Entregue
TRX0006019,PED003186,24/01/2026,CLI00228,Garrafa Termica,Esporte,"R$ 122,51",1,Rio de Janeiro/RJ/Brasil,Cartao de Credito,Entregue
TRX0006020,PED003187,2026-01-24,CLI00014,Notebook Ultrafino,Eletronicos,"3.435,18",1,Curitiba/PR/Brasil,Boleto,Entregue
TRX0006021,PED003188,2026-01-11,CLI00014,Calca Jeans Reta,Moda,"191,19",3,Curitiba/PR/Brasil,Pix,Entregue
TRX0006022,PED003188,11/01/2026,CLI00014,Jogo de Panelas,Casa,411.61,1,Curitiba/PR/Brasil,Pix,Entregue
TRX0006023,PED003188,2026-01-11,CLI00014,Camisa Social Slim,Moda,159.05,1,Curitiba/PR/Brasil,Pix,Entregue
TRX0006024,PED003189,2026-01-21,CLI00021,Tapete de Yoga,Esporte,160.17,1,Uberlandia/MG/Brasil,Cartao de Credito,Processando
TRX0006025,PED003190,2026-01-01,CLI00547,Teclado Mecanico,Acessorios,"334,18",1,Sao Paulo/SP/Brasil,Cartao de Credito,Entregue
TRX0006026,PED003191,28-01-2026,CLI00670,Teclado Mecanico,Acessorios,334.74,1,Salvador/BA/Brasil,Cartao de Credito,Processando
TRX0006027,PED003191,2026-01-28,CLI00670,Aspirador Robo,casa,"1.590,00",1,Salvador/BA/Brasil,Cartao de Credito,Processando
TRX0006028,PED003191,28/01/2026,CLI00670,Smart TV 50,Eletronicos,2556.66,2,Salvador/BA/Brasil,Cartao de Credito,Processando
TRX0006029,PED003192,2026-01-02,CLI00449,Tablet 10,Eletronicos,"R$ 1.371,49",3,Rio de Janeiro/RJ/Brasil,Pix,Entregue
TRX0006030,PED003192,2026-01-02,CLI00449,Liquidificador Potente,Casa,219.26,1,Rio de Janeiro/RJ/Brasil,Pix,Entregue
TRX0006031,PED003192,02/01/2026,CLI00449,Tapete de Yoga,Esporte,159.69,4,Rio de Janeiro/RJ/Brasil,Pix,Entregue
TRX0006032,PED003193,2026-01-09,CLI00577,Carregador Turbo,Acessorios,,1,Rio de Janeiro/RJ/Brasil,Pix,Entregue
TRX0006033,PED003193,2026-01-09,CLI00577,Calca Jeans Reta,Moda,"R$ 188,54",2,Rio de Janeiro/RJ/Brasil,Pix,Entregue
TRX0006034,PED003194,15/01/2026,CLI00301,Cafeteira Eletrica,Casa,"R$ 291,41",2,Sao Paulo/SP/Brasil,Pix,Entregue
TRX0006035,PED003195,24-01-2026,CLI00631,Livro Historia do Brasil,Livros,67.08,2,Campinas/SP/Brasil,Cartao de Credito,entregue
TRX0006036,PED003196,2026-01-17,CLI00172,Garrafa Termica,Esporte,"R$ 119,17",2,Fortaleza/CE/Brasil,Boleto,Entregue
TRX0006037,PED003197,2026-01-27,CLI00160,Headset Gamer,Acessorios,256.45,1,Brasilia/DF/Brasil,Cartao de Credito,Entregue
TRX0006038,PED003198,2026-01-01,CLI00121,Luminaria de Mesa,Casa,"R$ 138,13",1,Uberlandia/MG/Brasil,Pix,Entregue
TRX0001500,PED000793,04/11/2024,CLI00203,Smart TV 50,Eletronicos,"R$ 2.562,58",1,Campinas/SP/Brasil,Cartao de Credito,Entregue
TRX0006039,PED003199,2026-01-17,CLI00048,Calca Jeans Reta,MODA,"R$ 1.539,16",1,Salvador/BA/Brasil,Pix,Processando
TRX0006040,PED003199,2026-01-17,CLI00048,Headset Gamer,Acessorios,263.29,1,Salvador/BA/Brasil,Pix,Processando
TRX0006041,PED003200,14/01/2026,CLI00534,Jogo de Panelas,CASA,"R$ 418,73",1,Fortaleza/CE/Brasil,Pix,Entregue
TRX0006042,PED003201,2026-01-31,CLI00305,Capa para Smartphone,Acessorios,53.02,1,Campinas/SP/Brasil,Cartao de Credito,Entregue
TRX0006043,PED003202,27/01/2026,CLI00314,Headset Gamer,Acessorios,"R$ 261,56",1,Sao Paulo/SP/Brasil,Pix,Entregue
TRX0006044,PED003202,2026-01-27,CLI00314,Camiseta Dry Fit,Esporte,"R$ 80,27",1,Sao Paulo/SP/Brasil,Pix,Entregue
TRX0006045,PED003203,2026-01-11,CLI00048,Jaqueta Corta Vento,Moda,285.90,1,Salvador/BA/Brasil,Boleto,Entregue
TRX0000211,PED000114,08-07-2024,CLI00262,Hub USB-C,Acessórios,139.17,1,Rio de Janeiro/RJ/Brasil,Cartao de Credito,Entregue
TRX0006046,PED003203,11-01-2026,CLI00048,Vestido Midi,Moda,"R$ 215,75",2,Salvador/BA/Brasil,Boleto,Entregue
TRX0006047,PED003204,23/01/2026,CLI00519,Carregador Turbo,Acessórios,"95,43",2,Brasilia/DF/Brasil,Cartao de Credito,Entregue
TRX0006048,PED003204,2026-01-23,CLI00519,Halteres 10kg,Esporte,"R$ 201,81",1,Brasilia/DF/Brasil,Cartao de Credito,Entregue
TRX0006049,PED003204,23/01/2026,CLI00519,Smart TV 50,Eletronicos,2524.87,4,Brasilia/DF/Brasil,Cartao de Credito,Entregue
TRX0006050,PED003205,28/01/2026,CLI00049,Notebook Ultrafino,Eletronicos,"3.327,30",1,Campinas/SP/Brasil,Cartao de Credito,Entregue
TRX0006051,PED003205,2026-01-28,CLI00049,Hub USB-C,Acessorios,"1.478,34",2,Campinas/SP/Brasil,Cartao de Credito,Entregue
TRX0006052,PED003206,2026-01-01,CLI00630,Tenis Corrida Leve,Esporte,"R$ 315,79",2,Salvador/BA/Brasil,Cartao de Credito,Cancelado
TRX0006053,PED003206,01-01-2026,CLI00630,Camiseta Dry Fit,Esporte,"84,24",1,Salvador/BA/Brasil,Cartao de Credito,Cancelado
TRX0006054,PED003207,2026-01-21,CLI00292,Smart TV 50,Eletronicos,"R$ 2.461,83",1,Uberlandia/MG/Brasil,Cartao de Credito,Enviado
TRX0006055,PED003207,21/01/2026,CLI00292,Aspirador Robo,casa,1612.08,1,Uberlandia/MG/Brasil,Cartao de Credito,Enviado
TRX0006056,PED003207,2025-13-07,CLI00292,Mochila para Notebook,Acessorios,"R$ 182,62",1,Uberlandia/MG/Brasil,Cartao de Credito,Enviado
TRX0006057,PED003207,21/01/2026,CLI00292,Luminaria de Mesa,Casa,136.27,1,Uberlandia/MG/Brasil,Cartao de Credito,Enviado
TRX0006058,PED003207,2026-01-21,CLI00292,Tablet 10,Eletronicos,"1.357,37",2,Uberlandia/MG/Brasil,Cartao de Credito,Enviado
TRX0006059,PED003208,16-01-2026,CLI00400,Camisa Social Slim,Moda,156.75,1,Uberlandia/MG/Brasil,Pix,Entregue
TRX0006060,PED003208,2026-01-16,CLI00400,Livro Historia do Brasil,Livros,"71,35",1,Uberlandia/MG/Brasil,Pix,Entregue
TRX0006061,PED003209,24-01-2026,CLI00145,Smart TV 50,Eletronicos,2747.10,1,Santos/SP/Brasil,Cartao de Credito,Enviado
TRX0006062,PED003210,12/01/2026,CLI00389,Tapete de Yoga,Esporte,145.89,1,Sao Paulo/SP/Brasil,Boleto,Entregue
TRX0006063,PED003210,12/01/2026,CLI00389,Garrafa Termica,Esporte,"R$ 116,34",1,Sao Paulo/SP/Brasil,Boleto,ENTREGUE
TRX0006064,PED003210,2026-01-12,CLI00389,Livro Dados em Acao,Livros,"R$ 89,20",1,Sao Paulo/SP/Brasil,Boleto,Entregue
TRX0006065,PED003210,2026-01-12,CLI00389,Notebook Gamer,Eletronicos,"4.960,50",1,Sao Paulo/SP/Brasil,Boleto,Entregue
TRX0006066,PED003210,2026-01-12,CLI00389,Halteres 10kg,Esporte,187.46,1,Sao Paulo/SP/Brasil,Boleto,Entregue
TRX0006067,PED003211,2026-01-03,CLI00506,Aspirador Robo,Casa,"R$ 1.710,80",1,Belo Horizonte/MG/Brasil,Pix,Entregue
TRX0006068,PED003212,31/02/2025,CLI00137,Cafeteira Eletrica,CASA,289.25,1,Brasilia/DF/Brasil,Cartao de Credito,Enviado
TRX0006069,PED003212,2026-01-24,CLI00137,Smart TV 50,ELETRONICOS,"2.732,26",1,Brasilia/DF/Brasil,Cartao de Credito,Enviado
TRX0006070,PED003212,24/01/2026,CLI00137,Liquidificador Potente,Casa,212.33,1,Brasilia/DF/Brasil,Cartao de Credito,Enviado
TRX0006071,PED003213,2026-01-08,CLI00277,Livro Dados em Acao,Livros,"91,33",1,Brasilia/DF/Brasil,Cartao de Credito,Cancelado
TRX0006072,PED003214,2026-01-14,CLI00385,Capa para Smartphone,Acessorios,53.15,1,Belo Horizonte/MG/Brasil,Cartao de Credito,Entregue
TRX0006073,PED003214,14-01-2026,CLI00385,Vestido Midi,Moda,"234,19",1,Belo Horizonte/MG/Brasil,Cartao de Credito,Entregue
TRX0006074,PED003215,24-01-2026,CLI00628,Jaqueta Corta Vento,Moda,"R$ 258,27",3,Sao Paulo/SP/Brasil,Cartao de Credito,Entregue
TRX0006075,PED003215,24/01/2026,CLI00628,Mochila para Notebook,Acessorios,"R$ 179,21",2,Sao Paulo/SP/Brasil,Cartao de Credito,Entregue
TRX0006076,PED003215,2026-01-24,CLI00628,Hub USB-C,Acessórios,134.50,1,Sao Paulo/SP/Brasil,Cartao de Credito,Entregue
TRX0006077,PED003215,2026-01-24,CLI00628,Tenis Corrida Leve,Esporte,"330,60",1,Sao Paulo/SP/Brasil,Cartao de Credito,Entregue
TRX0006078,PED003216,2026-01-20,CLI00473,Teclado Mecanico,Acessorios,371.70,3,Campinas/SP/Brasil,Cartao de Credito,Entregue
TRX0006079,PED003216,20/01/2026,CLI00473,Capa para Smartphone,Acessorios,51.56,2,Campinas/SP/Brasil,Cartao de Credito,Entregue
TRX0006080,PED003217,2026-01-18,CLI00184,Tapete de Yoga,ESPORTE,"R$ 142,92",1,Belo Horizonte/MG/Brasil,Cartao de Credito,processando
TRX0006081,PED003217,2026-01-18,CLI00184,,Esporte,326.64,1,Belo Horizonte/MG/Brasil,Cartao de Credito,Processando
TRX0006082,PED003218,2026-01-29,CLI00482,Tenis Corrida Leve,Esporte,"R$ 347,88",3,Fortaleza/CE/Brasil,Pix,Entregue
TRX0006083,PED003218,2026-01-29,CLI00482,Camiseta Dry Fit,Esporte,81.21,1,Fortaleza/CE/Brasil,Pix,Entregue
TRX0006084,PED003218,29/01/2026,CLI00482,Tablet 10,Eletronicos,1284.58,0,Fortaleza/CE/Brasil,Pix,Entregue
TRX0006085,PED003219,22/01/2026,CLI00292,Garrafa Termica,Esporte,"R$ 120,08",2,Uberlandia/MG/Brasil,Pix,Entregue
TRX0006086,PED003220,2026-01-31,CLI00481,Livro Historia do Brasil,Livros,"69,76",1,Curitiba/PR/Brasil,Pix,Entregue
TRX0006087,PED003220,2026-01-31,CLI00481,Halteres 10kg,Esporte,"R$ 190,41",1,Curitiba/PR/Brasil,Pix,Entregue
TRX0006088,PED003221,29/01/2026,CLI00350,Vestido Midi,Moda,219.93,2,Porto Alegre/RS/Brasil,Cartao de Credito,Entregue
TRX0006089,PED003222,2026-01-23,CLI00131,Hub USB-C,Acessorios,"130,86",3,Sao Paulo/SP/Brasil,Pix,Entregue
TRX0006090,PED003222,23/01/2026,CLI00131,Notebook Ultrafino,Eletronicos,3303.78,4,Sao Paulo/SP/Brasil,Pix,Entregue
TRX0006091,PED003223,2026-01-28,CLI00534,Camiseta Dry Fit,Esporte,"R$ 708,85",1,Fortaleza/CE/Brasil,Pix,Entregue
TRX0006092,PED003223,2026-01-28,CLI00534,Cafeteira Eletrica,Casa,306.87,1,Fortaleza/CE/Brasil,Pix,Entregue
TRX0006093,PED003224,2026-01-06,CLI00160,Notebook Gamer,Eletronicos,4905.73,2,Brasilia/DF/Brasil,Boleto,Entregue
TRX0006094,PED003225,2026-01-05,CLI00605,Luminaria de Mesa,Casa,"R$ 138,58",1,Belo Horizonte/MG/Brasil,Boleto,Entregue
TRX0006095,PED003225,2026-01-05,CLI00605,Livro Dados em Acao,Livros,"R$ 89,21",1,Belo Horizonte/MG/Brasil,Boleto,Entregue
TRX0006096,PED003226,2026-01-31,CLI00305,Hub USB-C,Acessorios,132.66,1,Campinas/SP/Brasil,Cartao de Credito,Entregue
TRX0006097,PED003227,2026-01-11,CLI00191,Cafeteira Eletrica,Casa,289.26,1,Sao Paulo/SP/Brasil,Pix,Entregue
TRX0006098,PED003227,11/01/2026,CLI00191,Liquidificador Potente,Casa,"226,83",1,Sao Paulo/SP/Brasil,Pix,Entregue
TRX0006099,PED003227,2026-01-11,CLI00191,Tablet 10,Eletronicos,"R$ 1.354,48",4,Sao Paulo/SP/Brasil,Pix,Entregue
TRX0006100,PED003228,2026-01-26,CLI00160,Vestido Midi,Moda,"216,53",1,Brasilia/DF/Brasil,Pix,Entregue
TRX0006101,PED003229,26/01/2026,CLI00568,Liquidificador Potente,Casa,"R$ 221,50",2,Sao Paulo/SP/Brasil,Cartao de Debito,Entregue
TRX0006102,PED003229,2026-01-26,CLI00568,Livro Historia do Brasil,Livros,70.06,1,Sao Paulo/SP/Brasil,Cartao de Debito,Entregue
TRX0006103,PED003229,2026-01-26,CLI00568,Luminaria de Mesa,Casa,"R$ 138,94",2,Sao Paulo/SP/Brasil,Cartao de Debito,Entregue
TRX0006104,PED003230,2026-01-23,CLI00342,Jogo de Panelas,Casa,398.84,2,Recife/PE/Brasil,Pix,Entregue
TRX0006105,PED003230,2026-01-23,CLI00342,,Casa,305.35,1,Recife/PE/Brasil,Pix,Entregue
TRX0006106,PED003230,2026-01-23,CLI00342,Mochila para Notebook,Acessorios,"R$ 185,91",2,Recife/PE/Brasil,Pix,Entregue
TRX0006107,PED003231,2026-01-27,CLI00111,Headset Gamer,Acessorios,"R$ 268,41",1,Sao Paulo/SP/Brasil,Cartao de Debito,Entregue
TRX0006108,PED003232,2026-01-09,CLI00179,Livro Dados em Acao,Livros,86.76,1,Sao Paulo/SP/Brasil,Cartao de Credito,Entregue
TRX0006109,PED003233,2026-01-10,CLI00039,Tapete de Yoga,Esporte,"R$ 155,09",1,Sao Paulo/SP/Brasil,Pix,Entregue
TRX0006110,PED003233,2026-01-10,CLI00039,Garrafa Termica,Esporte,126.62,4,Sao Paulo/SP/Brasil,Pix,entregue
TRX0006111,PED003233,2026-01-10,CLI00039,Halteres 10kg,Esporte,193.98,1,Sao Paulo/SP/Brasil,Pix,Aguardando pagamento
TRX0006112,PED003234,2026-01-20,CLI00030,Mochila para Notebook,Acessorios,188.48,1,Sao Paulo/SP/Brasil,Pix,Entregue
TRX0006113,PED003234,2026-01-20,CLI00030,Headset Gamer,Acessorios,"R$ 267,63",2,Sao Paulo/SP/Brasil,Pix,Entregue
TRX0006114,PED003235,20/01/2026,CLI00160,Notebook Ultrafino,Eletronicos,"R$ 3.439,42",4,Brasilia/DF/Brasil,Boleto,Entregue
TRX0006115,PED003235,2026-01-20,CLI00160,Smart TV 50,Eletronicos,"2.572,33",2,Brasilia/DF/Brasil,Boleto,Entregue
TRX0006116,PED003235,20/01/2026,CLI00160,Mouse Sem Fio,Acessorios,"90,45",1,Brasilia/DF/Brasil,Boleto,Entregue
TRX0006117,PED003235,2026-01-20,CLI00160,Hub USB-C,Acessorios,"R$ 138,24",1,Brasilia/DF/Brasil,Boleto,Entregue
TRX0006118,PED003236,2026-01-12,CLI00482,Jogo de Panelas,Casa,396.53,1,Fortaleza/CE/Brasil,Pix,entregue
TRX0006119,PED003237,12/01/2026,CLI00339,Aspirador Robo,casa,"R$ 1.687,50",1,Rio de Janeiro/RJ/Brasil,Cartao de Debito,Entregue
TRX0006120,PED003237,2026-01-12,CLI00339,Tablet 10,Eletronicos,"1.294,96",1,Rio de Janeiro/RJ/Brasil,Cartao de Debito,Entregue
TRX0006121,PED003238,2026-01-25,CLI00184,,Casa,"R$ 150,05",1,Belo Horizonte/MG/Brasil,Boleto,Entregue
TRX0006122,PED003239,2026-01-15,CLI00337,Halteres 10kg,ESPORTE,"194,92",4,Rio de Janeiro/RJ/Brasil,Cartao de Credito,Entregue
TRX0006123,PED003239,2026-01-15,CLI00337,Jaqueta Corta Vento,Moda,"R$ 273,51",2,Rio de Janeiro/RJ/Brasil,Cartao de Credito,Entregue
TRX0006124,PED003239,2026-01-15,CLI00337,Garrafa Termica,Esporte,"116,36",2,Rio de Janeiro/RJ/Brasil,Cartao de Credito,Entregue
TRX0000578,PED000310,26/09/2024,CLI00577,Halteres 10kg,ESPORTE,203.83,1,Rio de Janeiro/RJ/Brasil,Pix,Processando
TRX0006125,PED003239,2026-01-15,CLI00337,Luminaria de Mesa,Casa,144.41,3,Rio de Janeiro/RJ/Brasil,Cartao de Credito,Entregue
TRX0006126,PED003240,2026-01-19,CLI00400,Livro Historia do Brasil,Livros,"R$ 68,13",1,Uberlandia/MG/Brasil,Pix,ENTREGUE
TRX0006127,PED003240,2026-01-19,CLI00400,Garrafa Termica,ESPORTE,126.00,1,Uberlandia/MG/Brasil,Pix,Entregue
TRX0006128,PED003241,2026-01-27,CLI00542,Luminaria de Mesa,casa,139.10,2,Curitiba/PR/Brasil,Cartao de Credito,Entregue
TRX0006129,PED003241,27-01-2026,CLI00542,Halteres 10kg,Esporte,"R$ 180,75",1,Curitiba/PR/Brasil,Cartao de Credito,Entregue
TRX0006130,PED003241,2026-01-27,CLI00542,Mochila para Notebook,Acessorios,"R$ 182,42",2,Curitiba/PR/Brasil,Cartao de Credito,Entregue
TRX0006131,PED003242,05/01/2026,CLI00594,Smartphone X200,Eletronicos,2301.33,1,Niteroi/RJ/Brasil,Cartao de Credito,Processando
TRX0006132,PED003242,05/01/2026,CLI00594,Carregador Turbo,Acessorios,106.78,2,Niteroi/RJ/Brasil,Cartao de Credito,Processando
TRX0006133,PED003242,05/01/2026,CLI00594,Capa para Smartphone,Acessorios,"49,19",1,Niteroi/RJ/Brasil,Cartao de Credito,Processando
TRX0006134,PED003242,2026-01-05,CLI00594,Calca Jeans Reta,Moda,"189,94",1,Niteroi/RJ/Brasil,Cartao de Credito,Processando
TRX0006135,PED003242,2026-01-05,CLI00594,Livro Dados em Acao,Livros,"R$ 93,76",2,Niteroi/RJ/Brasil,Cartao de Credito,Processando
TRX0006136,PED003243,2026-01-13,CLI00522,Smartphone X200,ELETRONICOS,2165.83,1,Brasilia/DF/Brasil,Pix,Entregue
TRX0006137,PED003244,2026-01-25,CLI00417,Calca Jeans Reta,Moda,"196,55",2,Sao Paulo/SP/Brasil,Pix,Entregue
TRX0006138,PED003245,2026-01-27,CLI00007,Mochila para Notebook,Acessorios,"R$ 189,55",1,Sao Paulo/SP/Brasil,Boleto,entregue
TRX0006139,PED003245,2026-01-27,CLI00007,Jaqueta Corta Vento,Moda,"R$ 285,40",1,Sao Paulo/SP/Brasil,Boleto,entregue
TRX0006140,PED003245,2026-01-27,CLI00007,Notebook Gamer,Eletronicos,"R$ 5.239,71",3,Sao Paulo/SP/Brasil,Boleto,entregue
TRX0006141,PED003245,27-01-2026,CLI00007,Camiseta Dry Fit,Esporte,"77,27",1,Sao Paulo/SP/Brasil,Boleto,Entregue
TRX0006142,PED003246,2026-01-15,CLI00477,Vestido Midi,Moda,215.37,1,Belo Horizonte/MG/Brasil,Cartao de Debito,Entregue
TRX0006143,PED003246,15/01/2026,CLI00477,Tablet 10,Eletronicos,1363.11,1,Belo Horizonte/MG/Brasil,Cartao de Debito,Entregue
TRX0006144,PED003246,2026-01-15,CLI00477,Capa para Smartphone,Acessorios,R$ ???,1,Belo Horizonte/MG/Brasil,Cartao de Debito,ENTREGUE
TRX0006145,PED003247,2026-01-15,CLI00510,Camisa Social Slim,Moda,"170,79",1,Curitiba/PR/Brasil,Cartao de Debito,Entregue
TRX0006146,PED003248,06/01/2026,CLI00277,Calca Jeans Reta,Moda,"195,34",1,Brasilia/DF/Brasil,Cartao de Credito,Entregue
TRX0006147,PED003248,2026-01-06,CLI00277,Tenis Corrida Leve,Esporte,354.14,3,Brasilia/DF/Brasil,Cartao de Credito,Entregue
TRX0006148,PED003249,2026-01-26,CLI00577,Camisa Social Slim,Moda,"160,28",3,Rio de Janeiro/RJ/Brasil,Cartao de Debito,Entregue
TRX0006149,PED003249,26/01/2026,CLI00577,Capa para Smartphone,Acessorios,52.75,1,Rio de Janeiro/RJ/Brasil,Cartao de Debito,Entregue
TRX0006150,PED003250,2026-01-17,CLI00462,Hub USB-C,Acessorios,"R$ 131,50",1,Goiania/GO/Brasil,Pix,Entregue
TRX0006151,PED003250,2026-01-17,CLI00462,Luminaria de Mesa,Casa,"R$ 134,69",1,Goiania/GO/Brasil,Pix,Entregue
TRX0006152,PED003251,27-01-2026,CLI00021,Tablet 10,Eletronicos,1358.02,1,Uberlandia/MG/Brasil,Pix,Entregue
TRX0006153,PED003252,19/01/2026,CLI00492,Livro SQL Essencial,livros,"R$ 75,97",1,Rio de Janeiro/RJ/Brasil,Cartao de Debito,Entregue
TRX0006154,PED003252,2026-01-19,CLI00492,Mouse Sem Fio,Acessorios,"85,49",1,Rio de Janeiro/RJ/Brasil,Cartao de Debito,Entregue
TRX0006155,PED003253,2026-01-01,CLI00075,Tablet 10,Eletronicos,"1.341,22",1,Campinas/SP/Brasil,Cartao de Credito,Entregue
TRX0006156,PED003254,2026-01-24,CLI00398,Jogo de Panelas,Casa,"R$ 427,12",1,Uberlandia/MG/Brasil,Pix,Processando
TRX0006157,PED003255,07-01-2026,CLI00014,Aspirador Robo,Casa,"R$ 1.685,69",1,Curitiba/PR/Brasil,Cartao de Credito,Entregue
TRX0006158,PED003255,07/01/2026,CLI00014,Camisa Social Slim,Moda,161.49,2,Curitiba/PR/Brasil,Cartao de Credito,Entregue
TRX0006159,PED003256,31/02/2025,CLI00219,Aspirador Robo,Casa,"R$ 1.606,38",1,Sao Paulo/SP/Brasil,Pix,Enviado
TRX0006160,PED003257,08-01-2026,CLI00127,Hub USB-C,Acessorios,"135,61",3,Porto Alegre/RS/Brasil,Cartao de Credito,Entregue
TRX0006161,PED003258,31-01-2026,CLI00305,Liquidificador Potente,Casa,"226,61",1,Campinas/SP/Brasil,Cartao de Credito,Enviado
TRX0006162,PED003259,2026-01-30,CLI00387,Camisa Social Slim,Moda,"R$ 151,61",1,Goiania/GO/Brasil,Boleto,Entregue
TRX0006163,PED003260,2026-01-06,CLI00305,Camisa Social Slim,Moda,"R$ 161,81",1,Campinas/SP/Brasil,Pix,Entregue
TRX0006164,PED003260,2026-01-06,CLI00305,Notebook Gamer,Eletrônicos,4996.28,1,Campinas/SP/Brasil,Pix,Entregue
TRX0006165,PED003260,2026-01-06,CLI00305,Livro SQL Essencial,livros,82.78,2,Campinas/SP/Brasil,Pix,Entregue
TRX0006166,PED003260,2026-01-06,CLI00305,Cafeteira Eletrica,CASA,308.04,1,Campinas/SP/Brasil,Pix,Entregue
TRX0006167,PED003261,24/01/2026,CLI00579,Tenis Corrida Leve,Esporte,"R$ 341,97",2,Fortaleza/CE/Brasil,Cartao de Debito,Entregue
TRX0006168,PED003262,27/01/2026,CLI00062,Garrafa Termica,Esporte,"117,23",3,Curitiba/PR/Brasil,Boleto,Entregue
TRX0006169,PED003263,04-01-2026,CLI00389,Mouse Sem Fio,Acessorios,94.26,2,Sao Paulo/SP/Brasil,Cartao de Debito,Enviado
TRX0006170,PED003263,2026-01-04,CLI00389,Tablet 10,Eletronicos,1348.47,1,Sao Paulo/SP/Brasil,Cartao de Debito,Enviado
TRX0006171,PED003264,2026-01-22,CLI00449,Camisa Social Slim,MODA,"155,16",1,Rio de Janeiro/RJ/Brasil,Pix,Entregue
TRX0006172,PED003265,2026-01-17,CLI00293,Tenis Corrida Leve,Esporte,"R$ 343,59",2,Florianopolis/SC/Brasil,Boleto,Entregue
TRX0006173,PED003266,2026-01-24,CLI00182,Aspirador Robo,Casa,"R$ 1.627,67",1,Rio de Janeiro/RJ/Brasil,Pix,Entregue
TRX0006174,PED003266,2026-01-24,CLI00182,Camisa Social Slim,Moda,"R$ 165,00",1,Rio de Janeiro/RJ/Brasil,Pix,Entregue
TRX0006175,PED003267,11/01/2026,CLI00191,Halteres 10kg,Esporte,"R$ 198,28",-2,Sao Paulo/SP/Brasil,Pix,Cancelado
TRX0006176,PED003268,2026-01-09,CLI00577,Tablet 10,Eletronicos,"1.367,42",1,Rio de Janeiro/RJ/Brasil,Pix,entregue
TRX0006177,PED003269,2026-01-28,CLI00357,Vestido Midi,MODA,"R$ 221,65",1,Santos/SP/Brasil,Cartao de Credito,Entregue
TRX0006178,PED003269,28-01-2026,CLI00357,Luminaria de Mesa,Casa,"R$ 142,62",1,Santos/SP/Brasil,Cartao de Credito,Entregue
TRX0006179,PED003269,2026-01-28,CLI00357,Camiseta Dry Fit,Esporte,"83,61",1,Santos/SP/Brasil,Cartao de Credito,entregue
TRX0006180,PED003269,28/01/2026,CLI00357,Teclado Mecanico,Acessorios,345.67,1,Santos/SP/Brasil,Cartao de Credito,Entregue
TRX0003418,PED001813,17-06-2025,CLI00021,Mochila para Notebook,Acessorios,"R$ 184,83",1,Uberlandia/MG/Brasil,Pix,Cancelado
TRX0006181,PED003270,16-01-2026,CLI00265,Halteres 10kg,Esporte,"R$ 195,33",1,Campinas/SP/Brasil,Cartao de Debito,Entregue
TRX0006182,PED003271,12/01/2026,CLI00547,Aspirador Robo,Casa,"R$ 1.578,87",1,Sao Paulo/SP/Brasil,Cartao de Credito,Entregue
TRX0006183,PED003271,12/01/2026,CLI00547,Livro Historia do Brasil,Livros,"72,53",1,Sao Paulo/SP/Brasil,Cartao de Credito,Entregue
TRX0006184,PED003272,20-01-2026,CLI00588,Tablet 10,Eletronicos,1381.27,2,Uberlandia/MG/Brasil,Pix,Entregue
TRX0006185,PED003272,2026-01-20,CLI00588,Smartphone X200,ELETRONICOS,"R$ 2.299,40",3,Uberlandia/MG/Brasil,Pix,Entregue
TRX0006186,PED003273,30/01/2026,CLI00669,Garrafa Termica,Esporte,"122,05",1,Salvador/BA/Brasil,Boleto,Entregue
TRX0006187,PED003274,20/01/2026,CLI00305,Notebook Ultrafino,Eletronicos,"R$ 3.658,23",1,Campinas/SP/Brasil,Pix,Cancelado
TRX0006188,PED003275,25-01-2026,CLI00375,Camisa Social Slim,Moda,"156,36",1,Belo Horizonte/MG/Brasil,Cartao de Credito,entregue
TRX0006189,PED003275,2026-01-25,CLI00375,Camiseta Dry Fit,Esporte,"83,19",1,Belo Horizonte/MG/Brasil,Cartao de Credito,entregue
TRX0006190,PED003275,25-01-2026,CLI00375,Garrafa Termica,Esporte,128.00,2,Belo Horizonte/MG/Brasil,Cartao de Credito,Entregue
TRX0006191,PED003275,2025-13-07,CLI00375,Livro SQL Essencial,Livros,79.08,1,Belo Horizonte/MG/Brasil,Cartao de Credito,Entregue
TRX0006192,PED003275,25/01/2026,CLI00375,Tenis Corrida Leve,Esporte,"R$ 353,96",2,Belo Horizonte/MG/Brasil,Cartao de Credito,Entregue
TRX0006193,PED003276,14-01-2026,CLI00577,Capa para Smartphone,Acessorios,"49,04",3,Rio de Janeiro/RJ/Brasil,Cartao de Debito,Entregue
TRX0006194,PED003276,2026-01-14,CLI00577,Calca Jeans Reta,Moda,"R$ 196,77",2,Rio de Janeiro/RJ/Brasil,Cartao de Debito,Entregue
TRX0006195,PED003277,08-01-2026,CLI00030,Livro Historia do Brasil,Livros,69.70,1,Sao Paulo/SP/Brasil,Cartao de Credito,Entregue
TRX0006196,PED003278,09-01-2026,CLI00482,Notebook Ultrafino,Eletronicos,3298.41,1,Fortaleza/CE/Brasil,Boleto,Entregue
TRX0006197,PED003278,2026-01-09,CLI00482,Hub USB-C,Acessórios,"R$ 138,94",1,Fortaleza/CE/Brasil,Boleto,Entregue
TRX0006198,PED003279,28/01/2026,CLI00278,Monitor 27,Eletronicos,1119.65,2,Rio de Janeiro/RJ/Brasil,Cartao de Credito,Enviado
TRX0006199,PED003280,2026-01-24,CLI00339,Teclado Mecanico,Acessorios,"R$ 369,19",1,Rio de Janeiro/RJ/Brasil,Boleto,Entregue
TRX0006200,PED003281,26/01/2026,CLI00577,Hub USB-C,Acessorios,"R$ 133,40",1,Rio de Janeiro/RJ/Brasil,Cartao de Credito,Em analise
TRX0006201,PED003282,2026-01-10,CLI00652,Calca Jeans Reta,Moda,185.79,1,Fortaleza/CE/Brasil,Cartao de Credito,Entregue
TRX0006202,PED003282,2026-01-10,CLI00652,Tablet 10,Eletronicos,"1.380,91",1,Fortaleza/CE/Brasil,Cartao de Credito,Entregue
TRX0006203,PED003282,2026-01-10,CLI00652,Mochila para Notebook,ACESSORIOS,"R$ 192,77",1,Fortaleza/CE/Brasil,Cartao de Credito,ENTREGUE
TRX0007199,PED003812,18/04/2026,CLI00647,Livro SQL Essencial,Livros,"79,47",3,Recife/PE/Brasil,Boleto,ENTREGUE
TRX0006204,PED003283,2026-01-17,CLI00649,Livro Dados em Acao,Livros,"93,77",1,Curitiba/PR/Brasil,Pix,Devolvido
TRX0006205,PED003283,2026-01-17,CLI00649,Notebook Gamer,Eletronicos,"R$ 4.658,26",4,Curitiba/PR/Brasil,Pix,Devolvido
TRX0006206,PED003284,15/01/2026,CLI00140,Halteres 10kg,ESPORTE,"R$ 193,04",1,Rio de Janeiro/RJ/Brasil,Cartao de Credito,Processando
TRX0006207,PED003284,15-01-2026,CLI00140,Headset Gamer,Acessorios,254.93,1,Rio de Janeiro/RJ/Brasil,Cartao de Credito,Processando
TRX0006208,PED003285,18/01/2026,CLI00021,Garrafa Termica,Esporte,113.32,1,Uberlandia/MG/Brasil,Pix,Entregue
TRX0006209,PED003285,2026-01-18,CLI00021,Livro Dados em Acao,Livros,"R$ 95,67",3,Uberlandia/MG/Brasil,Pix,Entregue
TRX0006210,PED003285,18/01/2026,CLI00021,Mochila para Notebook,ACESSORIOS,"R$ 183,77",1,Uberlandia/MG/Brasil,Pix,Entregue
TRX0006211,PED003285,2026-01-18,CLI00021,Teclado Mecanico,Acessorios,340.60,1,Uberlandia/MG/Brasil,Pix,Entregue
TRX0006212,PED003285,18/01/2026,CLI00021,Cafeteira Eletrica,CASA,"R$ 312,01",1,Uberlandia/MG/Brasil,Pix,Entregue
TRX0006213,PED003286,2026-01-18,CLI00542,Livro Historia do Brasil,Livros,72.38,1,Curitiba/PR/Brasil,Pix,Devolvido
TRX0006214,PED003286,2026-01-18,CLI00542,Tenis Corrida Leve,ESPORTE,"R$ 334,42",2,Curitiba/PR/Brasil,Pix,Devolvido
TRX0006215,PED003287,2026-01-17,CLI00536,Camiseta Dry Fit,esporte,"R$ 76,54",1,Florianopolis/SC/Brasil,Boleto,Cancelado
TRX0006216,PED003287,2026-01-17,CLI00536,Garrafa Termica,Esporte,115.11,0,Florianopolis/SC/Brasil,Boleto,Cancelado
TRX0006217,PED003287,17/01/2026,CLI00536,Tenis Corrida Leve,ESPORTE,"R$ 353,61",4,Florianopolis/SC/Brasil,Boleto,Cancelado
TRX0006218,PED003287,2026-01-17,CLI00536,Tapete de Yoga,Esporte,"R$ 146,36",4,Florianopolis/SC/Brasil,Boleto,Cancelado
TRX0006219,PED003288,18/01/2026,CLI00686,Tenis Corrida Leve,Esporte,"R$ 355,05",1,Santos/SP/Brasil,Pix,ENTREGUE
TRX0006220,PED003289,2026-01-13,CLI00315,Camisa Social Slim,MODA,"157,72",1,Campinas/SP/Brasil,Cartao de Credito,Entregue
TRX0006221,PED003290,2026-01-27,CLI00693,Hub USB-C,Acessorios,129.32,2,Sao Paulo/SP/Brasil,Cartao de Credito,Processando
TRX0006222,PED003291,11/01/2026,CLI00339,Jaqueta Corta Vento,moda,283.87,2,Rio de Janeiro/RJ/Brasil,Pix,Cancelado
TRX0006223,PED003292,2026-01-06,CLI00549,Livro Dados em Acao,Livros,"R$ 84,96",1,Salvador/BA/Brasil,Pix,Entregue
TRX0006224,PED003292,2026-01-06,CLI00549,Calca Jeans Reta,MODA,"R$ 187,76",1,Salvador/BA/Brasil,Pix,Entregue
TRX0006225,PED003292,06/01/2026,CLI00549,Hub USB-C,Acessorios,"132,66",1,Salvador/BA/Brasil,Pix,entregue
TRX0006226,PED003293,2026-01-15,CLI00605,Jaqueta Corta Vento,Moda,gratis,1,Belo Horizonte/MG/Brasil,Cartao de Credito,Entregue
TRX0006227,PED003294,2026-01-30,CLI00692,Livro Dados em Acao,Livros,95.72,1,Florianopolis/SC/Brasil,Cartao de Credito,Devolvido
TRX0006228,PED003294,2026-01-30,CLI00692,Smartphone X200,Eletronicos,2131.51,1,Florianopolis/SC/Brasil,Cartao de Credito,Devolvido
,PED003295,25/01/2026,CLI00160,Livro SQL Essencial,Livros,82.43,2,Brasilia/DF/Brasil,Cartao de Credito,Enviado
TRX0006230,PED003295,25/01/2026,CLI00160,Mochila para Notebook,Acessorios,"189,27",1,Brasilia/DF/Brasil,Cartao de Credito,Enviado
TRX0006231,PED003296,02/01/2026,CLI00451,Carregador Turbo,Acessorios,"96,70",1,Curitiba/PR/Brasil,Cartao de Credito,Entregue
TRX0006232,PED003297,2026-01-17,CLI00166,Cafeteira Eletrica,CASA,"305,60",2,Rio de Janeiro/RJ/Brasil,Cartao de Credito,Entregue
TRX0006233,PED003298,08-01-2026,CLI00384,Mochila para Notebook,Acessorios,"185,62",1,Niteroi/RJ/Brasil,Pix,Entregue
TRX0006234,PED003299,2026-01-27,CLI00607,Livro Historia do Brasil,Livros,"R$ 73,21",1,Sao Paulo/SP/Brasil,Pix,Entregue
TRX0006235,PED003299,2026-01-27,CLI00607,Halteres 10kg,esporte,"R$ 183,46",1,Sao Paulo/SP/Brasil,Pix,Entregue
TRX0006236,PED003300,2026-01-03,CLI00305,Tenis Corrida Leve,Esporte,"R$ 334,66",2,Campinas/SP/Brasil,Pix,Entregue
TRX0006237,PED003301,2026-01-12,CLI00258,Notebook Gamer,Eletronicos,4817.77,3,Salvador/BA/Brasil,Cartao de Credito,ENTREGUE
TRX0006238,PED003301,2026-01-12,CLI00258,Livro Historia do Brasil,livros,"R$ 74,05",1,Salvador/BA/Brasil,Cartao de Credito,ENTREGUE
TRX0006239,PED003301,12-01-2026,CLI00258,Hub USB-C,acessorios,"R$ 123,07",2,Salvador/BA/Brasil,Cartao de Credito,Entregue
TRX0006240,PED003302,31/01/2026,CLI00375,Luminaria de Mesa,Casa,147.59,1,Belo Horizonte/MG/Brasil,Pix,Entregue
TRX0006241,PED003302,31/01/2026,CLI00375,Jaqueta Corta Vento,Moda,"R$ 268,52",1,Belo Horizonte/MG/Brasil,Pix,Entregue
TRX0006242,PED003303,11/01/2026,CLI00571,Luminaria de Mesa,Casa,139.53,1,Sao Paulo/SP/Brasil,Pix,Entregue
TRX0006243,PED003303,11/01/2026,CLI00571,Calca Jeans Reta,MODA,189.24,1,Sao Paulo/SP/Brasil,Pix,entregue
TRX0006244,PED003303,2026-01-11,CLI00571,Mochila para Notebook,Acessorios,192.74,3,Sao Paulo/SP/Brasil,Pix,entregue
TRX0006245,PED003303,11/01/2026,CLI00571,Headset Gamer,Acessorios,270.81,1,Sao Paulo/SP/Brasil,Pix,Entregue
TRX0006246,PED003303,2026-01-11,CLI00571,Liquidificador Potente,Casa,"R$ 214,44",1,Sao Paulo/SP/Brasil,Pix,Entregue
TRX0006247,PED003304,2026-01-31,CLI00577,Livro Historia do Brasil,livros,"R$ 70,47",1,Rio de Janeiro/RJ/Brasil,Cartao de Credito,Entregue
TRX0006248,PED003304,2026-01-31,CLI00577,Camiseta Dry Fit,esporte,"76,24",1,Rio de Janeiro/RJ/Brasil,Cartao de Credito,Entregue
TRX0006249,PED003305,2026-01-27,CLI00339,Livro Dados em Acao,Livros,"R$ 94,71",2,Rio de Janeiro/RJ/Brasil,Cartao de Credito,ENTREGUE
TRX0006250,PED003305,2026-01-27,CLI00339,Headset Gamer,Acessorios,"R$ 247,94",2,Rio de Janeiro/RJ/Brasil,Cartao de Credito,Aguardando pagamento
TRX0006251,PED003306,01/01/2026,CLI00184,Camisa Social Slim,Moda,153.99,4,Belo Horizonte/MG/Brasil,Cartao de Credito,Enviado
TRX0006252,PED003306,2026-01-01,CLI00184,Vestido Midi,Moda,222.20,1,Belo Horizonte/MG/Brasil,Cartao de Credito,Enviado
TRX0006253,PED003307,06-01-2026,CLI00555,Carregador Turbo,Acessorios,"97,47",2,Porto Alegre/RS/Brasil,Cartao de Credito,Entregue
TRX0006254,PED003307,2026-01-06,CLI00555,Vestido Midi,Moda,"225,60",1,Porto Alegre/RS/Brasil,Cartao de Credito,Entregue
TRX0006255,PED003308,2026-01-19,CLI00354,Hub USB-C,Acessorios,"132,24",1,Sao Paulo/SP/Brasil,Cartao de Credito,Entregue
TRX0006256,PED003308,19-01-2026,CLI00354,Camisa Social Slim,Moda,"R$ 160,03",1,Sao Paulo/SP/Brasil,Cartao de Credito,Entregue
TRX0006257,PED003308,2026-01-19,CLI00354,Livro SQL Essencial,Livros,"79,25",1,Sao Paulo/SP/Brasil,Cartao de Credito,Entregue
TRX0006258,PED003308,2026-01-19,CLI00354,Vestido Midi,Moda,"R$ 212,06",2,Sao Paulo/SP/Brasil,Cartao de Credito,Entregue
TRX0006259,PED003308,19/01/2026,CLI00354,Garrafa Termica,Esporte,121.93,1,Sao Paulo/SP/Brasil,Cartao de Credito,Entregue
TRX0006260,PED003309,2026-01-09,CLI00169,Jogo de Panelas,casa,406.42,1,Porto Alegre/RS/Brasil,Cartao de Credito,Cancelado
TRX0006261,PED003309,09-01-2026,CLI00169,Livro SQL Essencial,Livros,"84,95",1,Porto Alegre/RS/Brasil,Cartao de Credito,Cancelado
TRX0006262,PED003310,2026-01-18,CLI00191,Garrafa Termica,Esporte,"R$ 123,75",1,Sao Paulo/SP/Brasil,Cartao de Credito,Cancelado
TRX0006263,PED003310,2026-01-18,CLI00191,Camiseta Dry Fit,Esporte,"84,66",1,Sao Paulo/SP/Brasil,Cartao de Credito,Cancelado
TRX0006264,PED003311,2026-01-25,CLI00549,Hub USB-C,acessorios,124.70,1,Salvador/BA/Brasil,Pix,Enviado
TRX0006265,PED003311,25-01-2026,CLI00549,Headset Gamer,Acessórios,"R$ 269,08",1,Salvador/BA/Brasil,Pix,Enviado
TRX0006266,PED003312,2026-01-18,CLI00361,Hub USB-C,Acessorios,133.66,1,Santos/SP/Brasil,Cartao de Debito,Entregue
TRX0006267,PED003313,12/01/2026,CLI00686,Camisa Social Slim,Moda,"R$ 152,55",1,Santos/SP/Brasil,Pix,Cancelado
TRX0006268,PED003313,12-01-2026,CLI00686,Tablet 10,Eletronicos,1228.85,1,Santos/SP/Brasil,Pix,Cancelado
TRX0006269,PED003313,2026-01-12,CLI00686,,Casa,290.60,2,Santos/SP/Brasil,Pix,Cancelado
TRX0006270,PED003313,2026-01-12,CLI00686,Calca Jeans Reta,Moda,"203,59",1,Santos/SP/Brasil,Pix,Cancelado
TRX0006271,PED003313,12/01/2026,CLI00686,Halteres 10kg,Esporte,193.29,1,Santos/SP/Brasil,Pix,Cancelado
TRX0006272,PED003314,2026-01-09,CLI00564,Jogo de Panelas,Casa,382.57,1,Belo Horizonte/MG/Brasil,Cartao de Credito,Entregue
TRX0006273,PED003315,2026-01-02,CLI00278,Liquidificador Potente,Casa,232.35,1,Rio de Janeiro/RJ/Brasil,Cartao de Credito,Cancelado
TRX0006274,PED003315,2026-01-02,CLI00278,Halteres 10kg,Esporte,"R$ 194,73",2,Rio de Janeiro/RJ/Brasil,Cartao de Credito,Cancelado
TRX0006275,PED003316,2026-01-31,CLI00191,Mochila para Notebook,Acessórios,"183,11",1,Sao Paulo/SP/Brasil,Cartao de Credito,Entregue
TRX0006276,PED003317,2026-01-03,CLI00252,Teclado Mecanico,Acessorios,"R$ 348,50",1,Sao Paulo/SP/Brasil,Cartao de Credito,Entregue
TRX0006277,PED003317,03-01-2026,CLI00252,Tablet 10,Eletronicos,"R$ 1.345,78",1,Sao Paulo/SP/Brasil,Cartao de Credito,Entregue
TRX0006278,PED003317,03-01-2026,CLI00252,Livro Historia do Brasil,Livros,"69,53",1,Sao Paulo/SP/Brasil,Cartao de Credito,Entregue
TRX0006279,PED003317,2026-01-03,CLI00252,Vestido Midi,Moda,213.83,1,Sao Paulo/SP/Brasil,Cartao de Credito,Entregue
TRX0006280,PED003318,2026-01-12,CLI00436,Camisa Social Slim,Moda,164.81,1,Sao Paulo/SP/Brasil,Cartao de Credito,Entregue
TRX0006281,PED003318,12/01/2026,CLI00436,Notebook Ultrafino,Eletronicos,"R$ 3.691,42",1,Sao Paulo/SP/Brasil,Cartao de Credito,Entregue
TRX0006282,PED003318,12/01/2026,CLI00436,Smartphone X200,Eletronicos,2342.86,1,Sao Paulo/SP/Brasil,Cartao de Credito,Entregue
TRX0006283,PED003319,2026-01-24,CLI00464,Cafeteira Eletrica,Casa,"300,24",4,Porto Alegre/RS/Brasil,Boleto,Entregue
TRX0006284,PED003319,2026-01-24,CLI00464,Liquidificador Potente,Casa,230.25,1,Porto Alegre/RS/Brasil,Boleto,Entregue
TRX0006285,PED003320,2026-01-07,CLI00337,Monitor 27,Eletronicos,1211.30,1,Rio de Janeiro/RJ/Brasil,Cartao de Credito,Entregue
TRX0006286,PED003320,07/01/2026,CLI00337,Luminaria de Mesa,casa,"R$ 145,45",2,Rio de Janeiro/RJ/Brasil,Cartao de Credito,Entregue
TRX0006287,PED003320,07-01-2026,CLI00337,Tablet 10,Eletronicos,1283.82,2,Rio de Janeiro/RJ/Brasil,Cartao de Credito,Entregue
TRX0006288,PED003321,2026-01-30,CLI00036,Notebook Ultrafino,Eletronicos,"R$ 3.668,68",1,Uberlandia/MG/Brasil,Cartao de Credito,Enviado
TRX0006289,PED003321,2026-01-30,CLI00036,Mochila para Notebook,Acessorios,185.75,1,Uberlandia/MG/Brasil,Cartao de Credito,Enviado
TRX0006290,PED003322,13/01/2026,CLI00343,Jaqueta Corta Vento,Moda,"R$ 275,04",1,Salvador/BA/Brasil,Cartao de Credito,Extraviado
TRX0006291,PED003322,13/01/2026,CLI00343,Tapete de Yoga,Esporte,"155,27",4,Salvador/BA/Brasil,Cartao de Credito,Entregue
TRX0006292,PED003322,13/01/2026,CLI00343,Cafeteira Eletrica,Casa,"283,44",1,Salvador/BA/Brasil,Cartao de Credito,Entregue
TRX0006293,PED003323,2026-01-06,CLI00480,Carregador Turbo,acessorios,94.60,1,Porto Alegre/RS/Brasil,Cartao de Credito,Entregue
TRX0002070,PED001084,2025-01-15,CLI00048,Camisa Social Slim,Moda,166.97,1,Salvador/BA/Brasil,Pix,Entregue
TRX0006294,PED003324,2026-01-19,CLI00143,Livro Dados em Acao,Livros,95.77,1,Porto Alegre/RS/Brasil,Pix,Entregue
TRX0006295,PED003325,26/01/2026,CLI00184,Luminaria de Mesa,Casa,149.65,3,Belo Horizonte/MG/Brasil,Cartao de Credito,Entregue
TRX0006296,PED003325,2026-01-26,CLI00184,Hub USB-C,Acessorios,"R$ 124,07",1,Belo Horizonte/MG/Brasil,Cartao de Credito,Entregue
TRX0006297,PED003325,26/01/2026,CLI00184,Smart TV 50,Eletronicos,"2.786,21",1,Belo Horizonte/MG/Brasil,Cartao de Credito,Entregue
TRX0006298,PED003326,11/01/2026,CLI00188,Aspirador Robo,CASA,"R$ 1.572,09",2,Curitiba/PR/Brasil,Boleto,Entregue
TRX0006299,PED003326,2026-01-11,CLI00188,Cafeteira Eletrica,Casa,297.87,1,Curitiba/PR/Brasil,Boleto,Entregue
TRX0006300,PED003327,2026-01-26,CLI00389,Livro SQL Essencial,Livros,"R$ 75,91",3,Sao Paulo/SP/Brasil,Boleto,Entregue
TRX0006301,PED003327,2026-01-26,CLI00389,Hub USB-C,Acessorios,"128,22",2,Sao Paulo/SP/Brasil,Boleto,Entregue
TRX0006302,PED003328,2026-01-15,CLI00304,Notebook Ultrafino,Eletrônicos,"R$ 3.338,49",2,Salvador/BA/Brasil,Cartao de Credito,Entregue
TRX0006303,PED003328,2026-01-15,CLI00304,Livro Dados em Acao,LIVROS,89.81,1,Salvador/BA/Brasil,Cartao de Credito,entregue
TRX0006304,PED003328,2026-01-15,CLI00304,Hub USB-C,Acessorios,126.40,1,Salvador/BA/Brasil,Cartao de Credito,Entregue
TRX0006305,PED003329,16/01/2026,CLI00636,Cafeteira Eletrica,Casa,278.07,1,Sao Paulo/SP/Brasil,Pix,Extraviado
TRX0006306,PED003330,08-01-2026,CLI00128,Liquidificador Potente,CASA,212.94,2,Belo Horizonte/MG/Brasil,Cartao de Credito,Entregue
TRX0006307,PED003330,2026-01-08,CLI00128,Calca Jeans Reta,Moda,193.26,1,Belo Horizonte/MG/Brasil,Cartao de Credito,Entregue
TRX0006308,PED003331,18/01/2026,CLI00544,Luminaria de Mesa,Casa,"R$ 148,96",1,Rio de Janeiro/RJ/Brasil,Cartao de Debito,Entregue
TRX0006309,PED003332,2026-01-20,CLI00579,Headset Gamer,Acessorios,"R$ 261,30",1,Fortaleza/CE/Brasil,Cartao de Debito,Entregue
TRX0006310,PED003333,2026-01-29,CLI00675,Luminaria de Mesa,Casa,"R$ 146,37",1,Santos/SP/Brasil,Boleto,Entregue
TRX0006311,PED003334,2026-01-11,CLI00226,Notebook Ultrafino,Eletronicos,"3.678,54",3,Salvador/BA/Brasil,Cartao de Credito,Cancelado
TRX0006312,PED003335,23/01/2026,CLI00375,Notebook Gamer,Eletronicos,4903.96,1,Belo Horizonte/MG/Brasil,Boleto,Entregue
TRX0006313,PED003335,23/01/2026,CLI00375,Mochila para Notebook,ACESSORIOS,"R$ 179,32",1,Belo Horizonte/MG/Brasil,Boleto,Entregue
TRX0006314,PED003336,12/01/2026,CLI00549,Teclado Mecanico,Acessorios,361.28,1,Salvador/BA/Brasil,Boleto,Entregue
TRX0006315,PED003336,12/01/2026,CLI00549,Smart TV 50,Eletronicos,2727.51,1,Salvador/BA/Brasil,Boleto,Entregue
TRX0006316,PED003336,2026-01-12,CLI00549,Livro SQL Essencial,Livros,"R$ 81,58",2,Salvador/BA/Brasil,Boleto,Entregue
TRX0006317,PED003337,2026-01-23,CLI00277,Luminaria de Mesa,Casa,"R$ 136,59",1,Brasilia/DF/Brasil,Pix,Cancelado
TRX0006318,PED003338,11-02-2026,CLI00166,,Acessorios,"R$ 180,08",1,Rio de Janeiro/RJ/Brasil,Cartao de Credito,Entregue
TRX0006319,PED003338,2026-02-11,CLI00166,Camiseta Dry Fit,Esporte,85.28,2,Rio de Janeiro/RJ/Brasil,Cartao de Credito,Entregue
TRX0006320,PED003338,11/02/2026,CLI00166,Vestido Midi,Moda,217.88,2,Rio de Janeiro/RJ/Brasil,Cartao de Credito,Entregue
TRX0006321,PED003339,21-02-2026,CLI00315,Hub USB-C,Acessorios,"127,96",1,Campinas/SP/Brasil,Boleto,Entregue
TRX0006322,PED003340,06-02-2026,CLI00366,Jogo de Panelas,Casa,"417,19",1,Porto Alegre/RS/Brasil,Boleto,ENTREGUE
TRX0006323,PED003340,2026-02-06,CLI00366,Carregador Turbo,Acessorios,"R$ 101,23",1,Porto Alegre/RS/Brasil,Boleto,Entregue
TRX0006324,PED003341,2026-02-18,CLI00477,Tenis Corrida Leve,Esporte,"R$ 354,28",1,Belo Horizonte/MG/Brasil,Cartao de Credito,Entregue
TRX0006325,PED003342,10/02/2026,CLI00343,Carregador Turbo,Acessorios,"R$ 98,06",2,Salvador/BA/Brasil,Cartao de Credito,Cancelado
TRX0006326,PED003342,2026-02-10,CLI00343,Luminaria de Mesa,Casa,133.78,1,Salvador/BA/Brasil,Cartao de Credito,cancelado
TRX0006327,PED003342,2026-02-10,CLI00343,Livro SQL Essencial,Livros,79.74,2,Salvador/BA/Brasil,Cartao de Credito,Cancelado
TRX0006328,PED003343,04/02/2026,CLI00619,Livro SQL Essencial,Livros,"77,34",1,Brasilia/DF/Brasil,Cartao de Debito,Entregue
TRX0006329,PED003344,2026-02-22,CLI00169,Monitor 27,Eletronicos,"R$ 1.227,91",2,Porto Alegre/RS/Brasil,Cartao de Credito,ENTREGUE
TRX0006330,PED003345,2026-02-12,CLI00603,Luminaria de Mesa,Casa,132.30,1,Salvador/BA/Brasil,Pix,Devolvido
TRX0006331,PED003345,2026-02-12,CLI00603,Jogo de Panelas,Casa,"425,17",1,Salvador/BA/Brasil,Pix,Devolvido
TRX0006332,PED003345,12-02-2026,CLI00603,Notebook Ultrafino,Eletronicos,"26.320,88",1,Salvador/BA/Brasil,Pix,Devolvido
TRX0006333,PED003346,2026-02-11,CLI00429,Luminaria de Mesa,Casa,"136,09",1,Rio de Janeiro/RJ/Brasil,Boleto,Entregue
TRX0006334,PED003347,08/02/2026,CLI00305,Hub USB-C,Acessorios,122.71,1,Campinas/SP/Brasil,Pix,Entregue
TRX0006335,PED003348,2026-02-19,CLI00614,Halteres 10kg,Esporte,200.09,4,Salvador/BA/Brasil,Cartao de Credito,Entregue
TRX0006336,PED003349,25/02/2026,CLI00258,Mochila para Notebook,Acessorios,"R$ 184,15",2,Salvador/BA/Brasil,Pix,Cancelado
TRX0006337,PED003349,2026-02-25,CLI00258,Jaqueta Corta Vento,Moda,"R$ 284,33",1,Salvador/BA/Brasil,Pix,Cancelado
TRX0006338,PED003350,12/02/2026,CLI00140,Monitor 27,eletronicos,"1.241,55",2,Rio de Janeiro/RJ/Brasil,Boleto,Entregue
TRX0006339,PED003350,2026-02-12,CLI00140,Mouse Sem Fio,Acessorios,"R$ 89,52",3,Rio de Janeiro/RJ/Brasil,Boleto,Entregue
TRX0006340,PED003350,2026-02-12,CLI00140,Smartphone X200,Eletronicos,"R$ 2.283,80",1,Rio de Janeiro/RJ/Brasil,Boleto,Entregue
TRX0006341,PED003351,2026-02-03,CLI00008,Luminaria de Mesa,CASA,"R$ 133,45",2,Santos/SP/Brasil,Cartao de Debito,CANCELADO
TRX0006342,PED003352,2026-02-24,CLI00547,Teclado Mecanico,Acessórios,"347,58",1,Sao Paulo/SP/Brasil,Boleto,Entregue
TRX0006343,PED003353,2026-02-12,CLI00236,Tenis Corrida Leve,Esporte,"R$ 318,46",2,Sao Paulo/SP/Brasil,Cartao de Credito,Devolvido
TRX0006344,PED003354,2026-02-02,CLI00188,Jaqueta Corta Vento,Moda,"268,93",1,Curitiba/PR/Brasil,Boleto,Entregue
TRX0006345,PED003355,2026-02-09,CLI00366,Aspirador Robo,Casa,1602.88,3,Porto Alegre/RS/Brasil,Cartao de Credito,Enviado
TRX0006346,PED003356,05/02/2026,CLI00536,Vestido Midi,Moda,"R$ 222,15",3,Florianopolis/SC/Brasil,Cartao de Credito,Entregue
TRX0006347,PED003356,05-02-2026,CLI00536,Headset Gamer,Acessorios,275.83,1,Florianopolis/SC/Brasil,Cartao de Credito,Entregue
TRX0006348,PED003356,05/02/2026,CLI00536,Livro Historia do Brasil,Livros,66.92,2,Florianopolis/SC/Brasil,Cartao de Credito,Entregue
TRX0006349,PED003356,2026-02-05,CLI00536,Livro Dados em Acao,Livros,"85,50",1,Florianopolis/SC/Brasil,Cartao de Credito,Entregue
TRX0006350,PED003357,2026-02-02,CLI00686,Tapete de Yoga,Esporte,"R$ 146,24",1,Santos/SP/Brasil,Cartao de Credito,Entregue
TRX0006351,PED003357,02/02/2026,CLI00686,Livro Dados em Acao,Livros,"R$ 88,87",1,Santos/SP/Brasil,Cartao de Credito,entregue
TRX0006352,PED003357,02-02-2026,CLI00686,Smartphone X200,Eletronicos,2162.77,1,Santos/SP/Brasil,Cartao de Credito,Entregue
TRX0006353,PED003358,21/02/2026,CLI00440,,Casa,1616.85,1,Sao Paulo/SP/Brasil,Cartao de Debito,Entregue
TRX0006354,PED003359,2026-02-11,CLI00236,Mouse Sem Fio,Acessorios,"R$ 91,86",1,Sao Paulo/SP/Brasil,Pix,Entregue
TRX0006355,PED003360,08/02/2026,CLI00075,Monitor 27,Eletronicos,"R$ 1.131,98",4,Campinas/SP/Brasil,Pix,Entregue
TRX0006356,PED003361,2026-02-16,CLI00277,Capa para Smartphone,Acessorios,"R$ 53,14",2,Brasilia/DF/Brasil,Pix,Devolvido
TRX0006357,PED003361,2026-02-16,CLI00277,Mochila para Notebook,Acessorios,"R$ 191,23",1,Brasilia/DF/Brasil,Pix,Devolvido
TRX0006358,PED003362,2026-02-13,CLI00122,Mochila para Notebook,Acessorios,170.27,1,Brasilia/DF/Brasil,Cartao de Debito,Entregue
TRX0006359,PED003363,22-02-2026,CLI00307,Luminaria de Mesa,Casa,"R$ 147,48",1,Goiania/GO/Brasil,Boleto,Entregue
TRX0006360,PED003364,2026-02-26,CLI00645,Tapete de Yoga,Esporte,"R$ 153,71",3,Sao Paulo/SP/Brasil,Cartao de Credito,Entregue
TRX0006361,PED003365,2026-02-09,CLI00270,Tablet 10,Eletronicos,1362.50,1,Fortaleza/CE/Brasil,Pix,Entregue
TRX0006362,PED003365,2026-02-09,CLI00270,Vestido Midi,Moda,"227,51",1,Fortaleza/CE/Brasil,Pix,Entregue
TRX0006363,PED003365,2026-02-09,CLI00270,Cafeteira Eletrica,Casa,288.10,1,Fortaleza/CE/Brasil,Pix,Entregue
TRX0006364,PED003366,01/02/2026,CLI00298,Carregador Turbo,Acessorios,"R$ 105,58",1,Campinas/SP/Brasil,Cartao de Debito,Entregue
TRX0006365,PED003367,05/02/2026,CLI00159,Mouse Sem Fio,Acessorios,"R$ 85,79",1,Recife/PE/Brasil,Pix,Enviado
TRX0006366,PED003367,2026-02-05,CLI00159,Luminaria de Mesa,Casa,"R$ 134,06",1,Recife/PE/Brasil,Pix,Enviado
TRX0006367,PED003368,09-02-2026,CLI00637,Aspirador Robo,Casa,"1.691,27",3,Porto Alegre/RS/Brasil,Cartao de Credito,Cancelado
TRX0006368,PED003369,10-02-2026,CLI00093,Garrafa Termica,Esporte,123.69,1,Santos/SP/Brasil,Pix,entregue
TRX0006369,PED003370,02/02/2026,CLI00547,Tablet 10,Eletronicos,1389.82,1,Sao Paulo/SP/Brasil,Boleto,Entregue
TRX0006370,PED003370,2026-02-02,CLI00547,Calca Jeans Reta,Moda,"197,25",1,Sao Paulo/SP/Brasil,Boleto,Entregue
TRX0006371,PED003371,2026-02-01,,Jogo de Panelas,Casa,"418,59",2,Sao Paulo/SP/Brasil,Cartao de Credito,Entregue
TRX0006372,PED003372,25-02-2026,CLI00137,Carregador Turbo,Acessorios,95.74,3,Brasilia/DF/Brasil,Pix,Entregue
TRX0006373,PED003372,25-02-2026,CLI00137,Tapete de Yoga,Esporte,147.97,1,Brasilia/DF/Brasil,Pix,Entregue
TRX0006374,PED003373,22/02/2026,CLI00116,Livro Dados em Acao,Livros,"92,90",2,Belo Horizonte/MG/Brasil,Pix,Entregue
TRX0006375,PED003373,2026-02-22,CLI00116,Luminaria de Mesa,Casa,"135,10",1,Belo Horizonte/MG/Brasil,Pix,Entregue
TRX0006376,PED003374,2026-02-19,CLI00643,Capa para Smartphone,Acessorios,50.08,1,Sao Paulo/SP/Brasil,Cartao de Credito,Entregue
TRX0006377,PED003374,19-02-2026,CLI00643,Camiseta Dry Fit,Esporte,"83,65",4,Sao Paulo/SP/Brasil,Cartao de Credito,entregue
TRX0006378,PED003375,2026-02-12,CLI00128,Capa para Smartphone,acessorios,"R$ 51,58",1,Belo Horizonte/MG/Brasil,Pix,Entregue
TRX0006379,PED003376,23-02-2026,CLI00577,Monitor 27,Eletronicos,1224.06,2,Rio de Janeiro/RJ/Brasil,Pix,Entregue
TRX0006380,PED003376,2026-02-23,CLI00577,Cafeteira Eletrica,Casa,"R$ 300,18",1,Rio de Janeiro/RJ/Brasil,Pix,Entregue
TRX0006381,PED003377,2026-02-01,CLI00542,Vestido Midi,MODA,"R$ 215,08",1,Curitiba/PR/Brasil,Cartao de Credito,Entregue
TRX0006382,PED003378,12/02/2026,CLI00652,Luminaria de Mesa,Casa,"R$ 132,63",2,Fortaleza/CE/Brasil,Cartao de Credito,Devolvido
TRX0006383,PED003378,12-02-2026,CLI00652,Livro Historia do Brasil,Livros,"66,76",1,Fortaleza/CE/Brasil,Cartao de Credito,DEVOLVIDO
TRX0006384,PED003378,2026-02-12,CLI00652,Camiseta Dry Fit,Esporte,84.06,1,Fortaleza/CE/Brasil,Cartao de Credito,Devolvido
TRX0006385,PED003378,12-02-2026,CLI00652,Notebook Gamer,ELETRONICOS,4951.97,2,Fortaleza/CE/Brasil,Cartao de Credito,devolvido
TRX0006386,PED003379,2026-02-05,CLI00084,Cafeteira Eletrica,Casa,"R$ 294,94",2,Goiania/GO/Brasil,Cartao de Credito,entregue
TRX0006387,PED003379,05-02-2026,CLI00084,Liquidificador Potente,Casa,232.72,1,Goiania/GO/Brasil,Cartao de Credito,ENTREGUE
TRX0006388,PED003380,2026-02-09,CLI00636,Aspirador Robo,Casa,1632.23,2,Sao Paulo/SP/Brasil,Cartao de Debito,Entregue
TRX0006389,PED003380,2026-02-09,CLI00636,Tapete de Yoga,ESPORTE,157.39,1,Sao Paulo/SP/Brasil,Cartao de Debito,Entregue
TRX0006390,PED003381,2026-02-19,CLI00090,Luminaria de Mesa,Casa,"142,40",1,Rio de Janeiro/RJ/Brasil,Boleto,Entregue
TRX0006391,PED003382,15-02-2026,CLI00027,Carregador Turbo,Acessorios,"103,27",2,Curitiba/PR/Brasil,Boleto,Entregue
TRX0006392,PED003382,2026-02-15,CLI00027,Aspirador Robo,Casa,1674.14,1,Curitiba/PR/Brasil,Boleto,Entregue
TRX0006393,PED003382,,CLI00027,Tenis Corrida Leve,Esporte,"337,13",1,Curitiba/PR/Brasil,Boleto,Entregue
TRX0006394,PED003383,04-02-2026,CLI00305,Mochila para Notebook,Acessorios,"R$ 182,24",1,Campinas/SP/Brasil,Pix,Entregue
TRX0006395,PED003384,2026-02-10,CLI00403,Liquidificador Potente,Casa,"221,74",1,Rio de Janeiro/RJ/Brasil,Cartao de Credito,Entregue
TRX0006396,PED003384,10/02/2026,CLI00403,Jogo de Panelas,Casa,"379,17",2,Rio de Janeiro/RJ/Brasil,Cartao de Credito,Entregue
TRX0006397,PED003384,10-02-2026,CLI00403,Jaqueta Corta Vento,MODA,264.90,1,Rio de Janeiro/RJ/Brasil,Cartao de Credito,Entregue
TRX0006398,PED003385,11/02/2026,CLI00541,Livro SQL Essencial,Livros,81.01,2,Sao Paulo/SP/Brasil,Pix,Entregue
TRX0006399,PED003386,2026-02-06,CLI00541,Luminaria de Mesa,Casa,"R$ 146,60",2,Sao Paulo/SP/Brasil,Boleto,Entregue
TRX0006400,PED003386,06-02-2026,CLI00541,Livro SQL Essencial,Livros,84.66,1,Sao Paulo/SP/Brasil,Boleto,Entregue
TRX0006401,PED003386,2026-02-06,CLI00541,Teclado Mecanico,Acessorios,359.83,1,Sao Paulo/SP/Brasil,Boleto,Entregue
TRX0006402,PED003386,2026-02-06,CLI00541,Liquidificador Potente,Casa,"R$ 217,39",1,Sao Paulo/SP/Brasil,Boleto,Entregue
TRX0006403,PED003387,2026-02-24,CLI00343,Jogo de Panelas,CASA,388.64,3,Salvador/BA/Brasil,Cartao de Credito,Entregue
TRX0006907,PED003646,2026-03-30,CLI00118,Livro Dados em Acao,Livros,"R$ 87,34",2,Curitiba/PR/Brasil,Pix,Entregue
TRX0006404,PED003387,24/02/2026,CLI00343,Camiseta Dry Fit,Esporte,"R$ 81,62",1,Salvador/BA/Brasil,Cartao de Credito,Entregue
TRX0006405,PED003387,2026-02-24,CLI00343,Notebook Gamer,Eletronicos,"R$ 5.271,43",1,Salvador/BA/Brasil,Cartao de Credito,Entregue
TRX0006406,PED003388,2026-02-07,CLI00541,Tablet 10,Eletronicos,"1.311,86",1,Sao Paulo/SP/Brasil,Cartao de Credito,Entregue
TRX0006407,PED003388,07/02/2026,CLI00541,Teclado Mecanico,Acessorios,"335,48",1,Sao Paulo/SP/Brasil,Cartao de Credito,Entregue
TRX0006408,PED003389,10/02/2026,CLI00229,Vestido Midi,Moda,"234,68",2,Sao Paulo/SP/Brasil,Pix,Entregue
TRX0006409,PED003390,2026-02-15,CLI00160,Livro Historia do Brasil,livros,"R$ 72,76",3,Brasilia/DF/Brasil,Pix,Entregue
TRX0006410,PED003390,15/02/2026,CLI00160,Smartphone X200,Eletronicos,"R$ 2.185,18",1,Brasilia/DF/Brasil,Pix,Entregue
TRX0006411,PED003391,2026-02-07,CLI00313,Smart TV 50,Eletronicos,"R$ 2.653,33",1,Rio de Janeiro/RJ/Brasil,Pix,Entregue
TRX0006412,PED003392,2026-02-05,CLI00314,Livro SQL Essencial,Livros,77.72,1,Sao Paulo/SP/Brasil,Cartao de Credito,Cancelado
TRX0006413,PED003392,2026-02-05,CLI00314,Aspirador Robo,casa,"R$ 1.605,36",1,Sao Paulo/SP/Brasil,Cartao de Credito,Cancelado
TRX0006414,PED003392,2026-02-05,CLI00314,Livro Historia do Brasil,livros,"R$ 74,03",1,Sao Paulo/SP/Brasil,Cartao de Credito,Cancelado
TRX0006415,PED003393,22/02/2026,CLI00236,Teclado Mecanico,Acessorios,R$ ???,1,Sao Paulo/SP/Brasil,Cartao de Debito,Entregue
TRX0006416,PED003393,22/02/2026,CLI00236,Liquidificador Potente,Casa,"208,20",1,Sao Paulo/SP/Brasil,Cartao de Debito,Entregue
TRX0006417,PED003394,2026-02-01,CLI00519,Notebook Ultrafino,Eletronicos,3347.88,1,Brasilia/DF/Brasil,Cartao de Credito,Entregue
TRX0006418,PED003394,2026-02-01,CLI00519,Mouse Sem Fio,Acessorios,90.05,1,Brasilia/DF/Brasil,Cartao de Credito,Entregue
TRX0006419,PED003395,2026-02-04,CLI00406,Livro SQL Essencial,Livros,81.38,1,Rio de Janeiro/RJ/Brasil,Cartao de Credito,Cancelado
TRX0006420,PED003395,2026-02-04,CLI00406,Tapete de Yoga,Esporte,144.51,1,Rio de Janeiro/RJ/Brasil,Cartao de Credito,Cancelado
TRX0006421,PED003395,2026-02-04,CLI00406,Carregador Turbo,Acessorios,"R$ 103,35",1,Rio de Janeiro/RJ/Brasil,Cartao de Credito,Cancelado
TRX0006422,PED003396,26-02-2026,CLI00169,Tapete de Yoga,Esporte,"R$ 151,58",1,Porto Alegre/RS/Brasil,Boleto,Cancelado
TRX0006423,PED003397,2026-02-02,CLI00544,Teclado Mecanico,Acessorios,"364,91",2,Rio de Janeiro/RJ/Brasil,Cartao de Credito,Entregue
TRX0006424,PED003397,02/02/2026,CLI00544,Mochila para Notebook,Acessorios,"172,83",2,Rio de Janeiro/RJ/Brasil,Cartao de Credito,Entregue
TRX0006425,PED003397,,CLI00544,Mouse Sem Fio,Acessorios,92.12,2,Rio de Janeiro/RJ/Brasil,Cartao de Credito,Entregue
TRX0006426,PED003398,2026-02-17,CLI00228,Camisa Social Slim,Moda,167.51,2,Rio de Janeiro/RJ/Brasil,Pix,entregue
TRX0006427,PED003398,2026-02-17,CLI00228,Tenis Corrida Leve,Esporte,"R$ 353,17",2,Rio de Janeiro/RJ/Brasil,Pix,Entregue
TRX0006428,PED003399,2026-02-24,CLI00472,Camiseta Dry Fit,Esporte,"R$ 79,65",1,Recife/PE/Brasil,Pix,Entregue
TRX0006429,PED003399,2026-02-24,CLI00472,Smart TV 50,Eletronicos,"R$ 2.792,30",2,Recife/PE/Brasil,Pix,Entregue
TRX0006430,PED003400,05/02/2026,CLI00551,Luminaria de Mesa,Casa,"141,35",3,Belo Horizonte/MG/Brasil,Cartao de Credito,Cancelado
TRX0006431,PED003400,2026-02-05,CLI00551,Hub USB-C,Acessorios,133.33,1,Belo Horizonte/MG/Brasil,Cartao de Credito,Cancelado
TRX0003393,PED001800,19-06-2025,CLI00577,Camiseta Dry Fit,Esporte,"R$ 81,15",1,Rio de Janeiro/RJ/Brasil,Cartao de Credito,Devolvido
TRX0006432,PED003401,22/02/2026,CLI00577,Luminaria de Mesa,Casa,142.55,1,Rio de Janeiro/RJ/Brasil,Boleto,ENTREGUE
TRX0006433,PED003402,04-02-2026,CLI00366,Smartphone X200,ELETRONICOS,2320.84,1,Porto Alegre/RS/Brasil,Pix,Entregue
TRX0006434,PED003402,04-02-2026,CLI00366,Capa para Smartphone,Acessorios,"47,87",1,Porto Alegre/RS/Brasil,Pix,Entregue
TRX0006435,PED003403,2026-02-25,CLI00164,Camiseta Dry Fit,Esporte,"R$ 84,92",1,Curitiba/PR/Brasil,Pix,Devolvido
TRX0006436,PED003403,2026-02-25,CLI00164,Jaqueta Corta Vento,Moda,282.71,1,Curitiba/PR/Brasil,Pix,Devolvido
TRX0006437,PED003403,2026-02-25,CLI00164,Aspirador Robo,Casa,1694.91,1,Curitiba/PR/Brasil,Pix,Devolvido
TRX0006438,PED003403,2026-02-25,CLI00164,Halteres 10kg,Esporte,202.70,1,Curitiba/PR/Brasil,Pix,Devolvido
TRX0006439,PED003403,2026-02-25,CLI00164,Cafeteira Eletrica,Casa,"R$ 298,75",1,Curitiba/PR/Brasil,Pix,Devolvido
TRX0006440,PED003404,2026-02-19,CLI00385,Jaqueta Corta Vento,Moda,"R$ 282,74",1,Belo Horizonte/MG/Brasil,Pix,Extraviado
TRX0006441,PED003405,2026-02-23,CLI00343,Hub USB-C,Acessorios,"R$ 138,71",2,Salvador/BA/Brasil,Boleto,ENTREGUE
TRX0006442,PED003406,2026-02-03,CLI00343,Headset Gamer,Acessorios,"254,59",1,Salvador/BA/Brasil,Pix,Entregue
TRX0006443,PED003406,03-02-2026,CLI00343,Livro Historia do Brasil,Livros,"71,76",2,Salvador/BA/Brasil,Pix,Entregue
TRX0006444,PED003407,27/02/2026,CLI00093,Camiseta Dry Fit,Esporte,"77,71",2,Santos/SP/Brasil,Boleto,Cancelado
TRX0006445,PED003408,12/02/2026,CLI00093,Mochila para Notebook,Acessorios,"R$ 184,89",1,Santos/SP/Brasil,Cartao de Credito,Devolvido
TRX0006446,PED003408,2026-02-12,CLI00093,Teclado Mecanico,Acessorios,"R$ 341,53",1,Santos/SP/Brasil,Cartao de Credito,Devolvido
TRX0006447,PED003409,14/02/2026,CLI00547,Hub USB-C,Acessórios,135.86,1,Sao Paulo/SP/Brasil,Boleto,Entregue
TRX0006448,PED003409,14/02/2026,CLI00547,Tablet 10,Eletronicos,1387.14,3,Sao Paulo/SP/Brasil,Boleto,Entregue
TRX0006449,PED003410,16/02/2026,CLI00398,Jaqueta Corta Vento,Moda,258.54,1,Uberlandia/MG/Brasil,Boleto,Entregue
TRX0006450,PED003410,2026-02-16,CLI00398,Livro Historia do Brasil,Livros,72.64,1,Uberlandia/MG/Brasil,Boleto,Entregue
TRX0006451,PED003411,2026-02-26,CLI00148,Camiseta Dry Fit,Esporte,"75,96",1,Fortaleza/CE/Brasil,Cartao de Credito,Entregue
TRX0006452,PED003411,26/02/2026,CLI00148,Liquidificador Potente,Casa,"R$ 221,15",1,Fortaleza/CE/Brasil,Cartao de Credito,Entregue
TRX0006453,PED003411,2026-02-26,CLI00148,Tablet 10,Eletronicos,1330.88,1,Fortaleza/CE/Brasil,Cartao de Credito,Entregue
TRX0006454,PED003412,2026-02-28,CLI00684,Vestido Midi,MODA,231.88,1,Sao Paulo/SP/Brasil,Cartao de Debito,Entregue
TRX0006455,PED003413,2026-02-19,CLI00014,Garrafa Termica,Esporte,"114,03",1,Curitiba/PR/Brasil,Pix,Entregue
TRX0006456,PED003414,2026-02-09,CLI00278,Aspirador Robo,Casa,1607.86,1,Rio de Janeiro/RJ/Brasil,Cartao de Credito,Processando
TRX0006457,PED003415,2026-02-23,CLI00062,Mochila para Notebook,Acessorios,185.09,1,Curitiba/PR/Brasil,Cartao de Credito,Entregue
TRX0006458,PED003415,23/02/2026,CLI00062,Livro Dados em Acao,Livros,"95,17",1,Curitiba/PR/Brasil,Cartao de Credito,Entregue
TRX0006459,PED003416,2026-02-13,CLI00577,Tapete de Yoga,Esporte,"R$ 152,76",1,Rio de Janeiro/RJ/Brasil,Cartao de Credito,Entregue
TRX0006460,PED003416,2026-02-13,CLI00577,Garrafa Termica,Esporte,"126,29",1,Rio de Janeiro/RJ/Brasil,Cartao de Credito,ENTREGUE
TRX0006461,PED003417,21/02/2026,CLI00643,Jaqueta Corta Vento,Moda,278.88,1,Sao Paulo/SP/Brasil,Boleto,Entregue
TRX0006462,PED003418,03/02/2026,CLI00685,Halteres 10kg,Esporte,"R$ 199,23",1,Curitiba/PR/Brasil,Cartao de Credito,Entregue
TRX0006463,PED003418,03/02/2026,CLI00685,Tablet 10,Eletronicos,"1.248,35",1,Curitiba/PR/Brasil,Cartao de Credito,Em analise
TRX0006464,PED003418,03/02/2026,CLI00685,Capa para Smartphone,Acessorios,47.97,2,Curitiba/PR/Brasil,Cartao de Credito,Entregue
TRX0006465,PED003419,03/02/2026,CLI00544,Hub USB-C,Acessorios,129.14,1,Rio de Janeiro/RJ/Brasil,Cartao de Credito,Processando
TRX0006466,PED003420,2026-02-10,CLI00410,Monitor 27,eletronicos,1228.47,3,Campinas/SP/Brasil,Pix,Cancelado
TRX0006467,PED003421,2026-02-04,CLI00430,Livro SQL Essencial,Livros,82.71,1,Porto Alegre/RS/Brasil,Pix,Processando
TRX0006468,PED003421,04-02-2026,CLI00430,Mouse Sem Fio,Acessorios,"91,23",3,Porto Alegre/RS/Brasil,Pix,Processando
TRX0006469,PED003422,2026-02-07,CLI00034,Mochila para Notebook,Acessorios,185.49,1,Sao Paulo/SP/Brasil,Cartao de Credito,Entregue
TRX0006470,PED003422,2026-02-07,CLI00034,Hub USB-C,Acessorios,123.64,1,Sao Paulo/SP/Brasil,Cartao de Credito,Entregue
TRX0006471,PED003422,2026-02-07,CLI00034,Notebook Gamer,ELETRONICOS,5035.52,1,Sao Paulo/SP/Brasil,Cartao de Credito,entregue
TRX0006472,PED003423,27-02-2026,CLI00547,Mouse Sem Fio,Acessorios,"91,77",1,Sao Paulo/SP/Brasil,Cartao de Credito,Entregue
TRX0006473,PED003423,27/02/2026,CLI00547,Camiseta Dry Fit,esporte,81.74,2,Sao Paulo/SP/Brasil,Cartao de Credito,Entregue
TRX0006474,PED003423,2026-02-27,CLI00547,Smartphone X200,Eletronicos,2309.30,2,Sao Paulo/SP/Brasil,Cartao de Credito,Entregue
TRX0006475,PED003424,2026-02-22,CLI00577,Livro Historia do Brasil,LIVROS,73.66,1,Rio de Janeiro/RJ/Brasil,Boleto,Entregue
TRX0006476,PED003425,25/02/2026,CLI00568,Livro Dados em Acao,Livros,"85,02",1,Sao Paulo/SP/Brasil,Pix,PROCESSANDO
TRX0006477,PED003425,sem data,CLI00568,Capa para Smartphone,Acessorios,"R$ 51,23",1,Sao Paulo/SP/Brasil,Pix,Processando
TRX0006478,PED003426,18/02/2026,CLI00219,Livro SQL Essencial,Livros,"R$ 84,01",1,Sao Paulo/SP/Brasil,Cartao de Credito,Entregue
TRX0006479,PED003427,2026-02-08,CLI00409,Luminaria de Mesa,Casa,141.32,1,Belo Horizonte/MG/Brasil,Pix,Entregue
TRX0006480,PED003427,2026-02-08,CLI00409,Livro Dados em Acao,LIVROS,95.79,1,Belo Horizonte/MG/Brasil,Pix,Entregue
TRX0004025,PED002151,2025-08-17,CLI00131,Tapete de Yoga,Esporte,"R$ 149,09",2,Sao Paulo/SP/Brasil,Pix,Entregue
TRX0006481,PED003428,02/02/2026,CLI00551,Tapete de Yoga,esporte,159.24,1,Belo Horizonte/MG/Brasil,Cartao de Debito,Entregue
TRX0006482,PED003428,2026-02-02,CLI00551,Garrafa Termica,Esporte,128.16,1,Belo Horizonte/MG/Brasil,Cartao de Debito,Entregue
TRX0006483,PED003428,2026-02-02,CLI00551,Halteres 10kg,ESPORTE,197.37,1,Belo Horizonte/MG/Brasil,Cartao de Debito,Entregue
TRX0006484,PED003428,2026-02-02,CLI00551,Calca Jeans Reta,Moda,"R$ 189,20",2,Belo Horizonte/MG/Brasil,Cartao de Debito,Entregue
TRX0006485,PED003429,2026-02-16,CLI00191,Camiseta Dry Fit,Esporte,"R$ 77,90",1,Sao Paulo/SP/Brasil,Cartao de Debito,Entregue
TRX0006486,PED003430,2026-02-14,CLI00577,Tenis Corrida Leve,Esporte,"354,14",1,Rio de Janeiro/RJ/Brasil,Cartao de Credito,ENTREGUE
TRX0006487,PED003431,2026-02-08,CLI00361,Tenis Corrida Leve,Esporte,323.38,2,Santos/SP/Brasil,Cartao de Credito,Entregue
TRX0006488,PED003432,18/02/2026,CLI00605,Monitor 27,ELETRONICOS,"1.170,94",1,Belo Horizonte/MG/Brasil,Cartao de Credito,Entregue
TRX0006489,PED003433,10/02/2026,CLI00204,Teclado Mecanico,Acessorios,351.84,1,Niteroi/RJ/Brasil,Cartao de Credito,Enviado
TRX0006490,PED003433,2026-02-10,CLI00204,Tapete de Yoga,Esporte,"R$ 152,97",2,Niteroi/RJ/Brasil,Cartao de Credito,Enviado
TRX0006491,PED003433,2026-02-10,CLI00204,Camiseta Dry Fit,Esporte,"R$ 76,00",1,Niteroi/RJ/Brasil,Cartao de Credito,Em analise
TRX0006492,PED003433,,CLI00204,Aspirador Robo,Casa,"1.513,29",2,Niteroi/RJ/Brasil,Cartao de Credito,Enviado
TRX0006493,PED003434,2026-02-11,CLI00542,Carregador Turbo,Acessórios,"R$ 105,72",1,Curitiba/PR/Brasil,Cartao de Credito,Entregue
TRX0006494,PED003435,07-02-2026,CLI00577,Smartphone X200,Eletronicos,2169.61,1,Rio de Janeiro/RJ/Brasil,Pix,Entregue
TRX0006495,PED003435,07/02/2026,CLI00577,Camiseta Dry Fit,Esporte,"R$ 85,22",1,Rio de Janeiro/RJ/Brasil,Pix,Entregue
TRX0006496,PED003435,2026-02-07,CLI00577,Carregador Turbo,Acessorios,"R$ 104,56",1,Rio de Janeiro/RJ/Brasil,Pix,Entregue
TRX0006497,PED003436,2026-02-26,CLI00130,Capa para Smartphone,Acessorios,"50,20",1,Sao Paulo/SP/Brasil,Cartao de Credito,Processando
TRX0006498,PED003436,26/02/2026,CLI00130,,Casa,"385,15",1,Sao Paulo/SP/Brasil,Cartao de Credito,Processando
TRX0006499,PED003437,2026-02-13,CLI00099,Garrafa Termica,Esporte,118.82,1,Recife/PE/Brasil,Cartao de Credito,Entregue
TRX0006500,PED003438,2026-02-11,CLI00204,Jaqueta Corta Vento,MODA,265.96,1,Niteroi/RJ/Brasil,Cartao de Credito,entregue
TRX0006501,PED003439,2026-02-17,CLI00638,Tablet 10,Eletronicos,"1.312,73",1,Salvador/BA/Brasil,Pix,Enviado
TRX0006502,PED003439,2026-02-17,CLI00638,Vestido Midi,Moda,216.93,3,Salvador/BA/Brasil,Pix,Enviado
TRX0006503,PED003440,2026-02-17,CLI00649,Aspirador Robo,Casa,"R$ 1.607,12",1,Curitiba/PR/Brasil,Cartao de Debito,Entregue
TRX0006504,PED003441,2026-02-25,CLI00669,Notebook Ultrafino,Eletrônicos,"3.599,99",1,Salvador/BA/Brasil,Pix,Entregue
TRX0006505,PED003442,05/02/2026,CLI00542,Jogo de Panelas,Casa,"416,05",2,Curitiba/PR/Brasil,Cartao de Credito,Cancelado
TRX0006506,PED003442,2026-02-05,CLI00542,Liquidificador Potente,Casa,,4,Curitiba/PR/Brasil,Cartao de Credito,Cancelado
TRX0006507,PED003443,23-02-2026,CLI00313,Jogo de Panelas,Casa,"408,23",1,Rio de Janeiro/RJ/Brasil,Cartao de Credito,Enviado
TRX0006508,PED003443,23-02-2026,CLI00313,Camiseta Dry Fit,Esporte,85.37,1,Rio de Janeiro/RJ/Brasil,Cartao de Credito,Enviado
TRX0006509,PED003444,19-02-2026,CLI00357,Camiseta Dry Fit,ESPORTE,"R$ 81,26",1,Santos/SP/Brasil,Cartao de Debito,Entregue
TRX0006510,PED003444,2026-02-19,CLI00357,Notebook Ultrafino,Eletronicos,"3.315,09",1,Santos/SP/Brasil,Cartao de Debito,ENTREGUE
TRX0006511,PED003445,2026-02-09,CLI00542,Notebook Gamer,Eletronicos,4860.77,1,Curitiba/PR/Brasil,Pix,Entregue
TRX0006512,PED003445,2026-02-09,CLI00542,Headset Gamer,Acessórios,274.17,1,Curitiba/PR/Brasil,Pix,Entregue
TRX0006513,PED003445,09-02-2026,CLI00542,Mochila para Notebook,Acessorios,"183,56",1,Curitiba/PR/Brasil,Pix,Entregue
TRX0006514,PED003446,2026-02-05,CLI00366,Mochila para Notebook,Acessórios,172.39,1,Porto Alegre/RS/Brasil,Cartao de Credito,Entregue
TRX0006515,PED003447,20/02/2026,,Livro Historia do Brasil,Livros,"R$ 71,12",2,Goiania/GO/Brasil,Boleto,Enviado
TRX0006516,PED003447,2026-02-20,CLI00462,Jaqueta Corta Vento,Moda,"287,74",1,Goiania/GO/Brasil,Boleto,Enviado
TRX0006517,PED003447,20-02-2026,CLI00462,Headset Gamer,Acessorios,"R$ 250,43",1,Goiania/GO/Brasil,Boleto,Enviado
TRX0006518,PED003447,20-02-2026,CLI00462,Notebook Gamer,Eletronicos,"R$ 4.834,43",1,Goiania/GO/Brasil,Boleto,Enviado
,PED003448,04/02/2026,CLI00495,Camiseta Dry Fit,ESPORTE,"R$ 79,31",2,Porto Alegre/RS/Brasil,Cartao de Debito,Entregue
TRX0006520,PED003448,04/02/2026,CLI00495,Halteres 10kg,Esporte,193.20,1,Porto Alegre/RS/Brasil,Cartao de Debito,Entregue
TRX0006521,PED003449,2026-02-15,CLI00118,Smart TV 50,ELETRONICOS,"R$ 25.886,11",4,Curitiba/PR/Brasil,Cartao de Credito,Entregue
TRX0006522,PED003449,15/02/2026,CLI00118,Carregador Turbo,ACESSORIOS,"R$ 98,69",3,Curitiba/PR/Brasil,Cartao de Credito,Entregue
TRX0006523,PED003450,2026-02-08,CLI00547,Liquidificador Potente,Casa,"R$ 210,66",1,Sao Paulo/SP/Brasil,Cartao de Debito,Entregue
TRX0006524,PED003451,2026-02-08,CLI00036,Notebook Ultrafino,Eletronicos,"3.369,54",2,Uberlandia/MG/Brasil,Cartao de Credito,Cancelado
TRX0006525,PED003451,08/02/2026,CLI00036,Livro Historia do Brasil,Livros,"R$ 68,51",2,Uberlandia/MG/Brasil,Cartao de Credito,Cancelado
TRX0006526,PED003451,2026-02-08,CLI00036,Mochila para Notebook,Acessorios,"R$ 174,70",1,Uberlandia/MG/Brasil,Cartao de Credito,Cancelado
TRX0006527,PED003451,2026-02-08,CLI00036,Mouse Sem Fio,Acessorios,"R$ 89,96",1,Uberlandia/MG/Brasil,Cartao de Credito,Cancelado
TRX0006528,PED003451,08-02-2026,CLI00036,Vestido Midi,Moda,210.21,1,Uberlandia/MG/Brasil,Cartao de Credito,Cancelado
TRX0006529,PED003452,31/02/2025,CLI00643,Vestido Midi,Moda,"213,93",1,Sao Paulo/SP/Brasil,Cartao de Credito,Entregue
TRX0006530,PED003452,2026-02-01,CLI00643,Livro Dados em Acao,Livros,"R$ 87,58",1,Sao Paulo/SP/Brasil,Cartao de Credito,Entregue
TRX0006531,PED003452,01/02/2026,CLI00643,Cafeteira Eletrica,Casa,"R$ 283,80",1,Sao Paulo/SP/Brasil,Cartao de Credito,Entregue
TRX0006532,PED003453,23-02-2026,CLI00341,Monitor 27,Eletronicos,1202.87,1,Sao Paulo/SP/Brasil,Cartao de Debito,Entregue
TRX0006533,PED003453,2026-02-23,CLI00341,Livro Dados em Acao,LIVROS,"R$ 92,35",1,Sao Paulo/SP/Brasil,Cartao de Debito,ENTREGUE
TRX0006534,PED003453,2026-02-23,CLI00341,Halteres 10kg,Esporte,"R$ 192,10",1,Sao Paulo/SP/Brasil,Cartao de Debito,Entregue
TRX0006535,PED003453,2026-02-23,CLI00341,Livro SQL Essencial,Livros,"78,32",1,Sao Paulo/SP/Brasil,Cartao de Debito,Entregue
TRX0006536,PED003454,2026-02-04,CLI00307,Mouse Sem Fio,Acessorios,"R$ 86,95",2,Goiania/GO/Brasil,Pix,Entregue
TRX0006537,PED003455,2026-02-08,CLI00079,Smartphone X200,eletronicos,2233.25,1,Rio de Janeiro/RJ/Brasil,Pix,Enviado
TRX0006538,PED003456,2026-02-18,CLI00330,Hub USB-C,Acessorios,"128,06",1,Belo Horizonte/MG/Brasil,Pix,Entregue
TRX0006539,PED003456,2026-02-18,CLI00330,Halteres 10kg,Esporte,"190,18",1,Belo Horizonte/MG/Brasil,Pix,Entregue
TRX0006540,PED003456,2026-02-18,CLI00330,Capa para Smartphone,Acessorios,50.92,1,Belo Horizonte/MG/Brasil,Pix,Entregue
TRX0006541,PED003456,2026-02-18,CLI00330,Cafeteira Eletrica,Casa,"R$ 288,15",2,Belo Horizonte/MG/Brasil,Pix,Entregue
TRX0006542,PED003456,18-02-2026,CLI00330,Monitor 27,Eletronicos,"R$ 1.130,77",1,Belo Horizonte/MG/Brasil,Pix,Entregue
TRX0006543,PED003457,2026-02-19,CLI00191,Cafeteira Eletrica,Casa,"R$ 292,72",3,Sao Paulo/SP/Brasil,Pix,Entregue
TRX0006544,PED003458,10-02-2026,CLI00252,Carregador Turbo,Acessorios,102.95,2,Sao Paulo/SP/Brasil,Pix,Entregue
TRX0006545,PED003459,01/02/2026,CLI00541,Hub USB-C,Acessorios,"R$ 125,36",1,Sao Paulo/SP/Brasil,Cartao de Credito,Entregue
TRX0006546,PED003460,19/02/2026,CLI00305,Smartphone X200,Eletronicos,"R$ 2.339,03",1,Campinas/SP/Brasil,Cartao de Credito,Entregue
TRX0006547,PED003460,2026-02-19,CLI00305,Carregador Turbo,Acessorios,"R$ 100,86",1,Campinas/SP/Brasil,Cartao de Credito,Entregue
TRX0005372,PED002852,01/11/2025,CLI00305,Capa para Smartphone,Acessorios,"R$ 53,60",1,Campinas/SP/Brasil,Pix,Entregue
TRX0006548,PED003461,2026-02-02,CLI00191,Livro Dados em Acao,Livros,"90,46",1,Sao Paulo/SP/Brasil,Boleto,Processando
TRX0006549,PED003461,2026-02-02,CLI00191,Aspirador Robo,Casa,"R$ 1.554,22",1,Sao Paulo/SP/Brasil,Boleto,processando
TRX0006550,PED003462,25/02/2026,CLI00307,Halteres 10kg,Esporte,201.72,3,Goiania/GO/Brasil,Pix,entregue
TRX0006551,PED003463,18/02/2026,CLI00647,Vestido Midi,Moda,"R$ 226,21",1,Recife/PE/Brasil,Boleto,Entregue
TRX0006552,PED003464,13-02-2026,CLI00118,Smart TV 50,ELETRONICOS,2509.56,1,Curitiba/PR/Brasil,Boleto,Entregue
TRX0006553,PED003465,2026-02-27,CLI00536,Jogo de Panelas,Casa,408.19,3,Florianopolis/SC/Brasil,Pix,Entregue
TRX0006554,PED003466,2026-02-11,CLI00582,Aspirador Robo,Casa,"R$ 1.676,58",1,Belo Horizonte/MG/Brasil,Cartao de Credito,Entregue
TRX0006555,PED003467,2026-02-02,CLI00637,Jogo de Panelas,casa,"389,82",2,Porto Alegre/RS/Brasil,Cartao de Debito,Entregue
TRX0006187,PED003274,20/01/2026,CLI00305,Notebook Ultrafino,Eletronicos,"R$ 3.658,23",1,Campinas/SP/Brasil,Pix,Cancelado
TRX0006556,PED003467,2026-02-02,CLI00637,Notebook Ultrafino,Eletronicos,3333.96,3,Porto Alegre/RS/Brasil,Cartao de Debito,entregue
TRX0006557,PED003468,2026-02-26,CLI00577,Calca Jeans Reta,Moda,182.07,1,Rio de Janeiro/RJ/Brasil,Cartao de Credito,Entregue
TRX0006558,PED003468,26/02/2026,CLI00577,Jogo de Panelas,Casa,414.94,2,Rio de Janeiro/RJ/Brasil,Cartao de Credito,Entregue
TRX0006559,PED003468,2026-02-26,CLI00577,Notebook Ultrafino,Eletronicos,"R$ 3.447,50",2,Rio de Janeiro/RJ/Brasil,Cartao de Credito,Entregue
TRX0006560,PED003469,2026-02-15,CLI00678,Livro Dados em Acao,Livros,"R$ 88,12",1,Uberlandia/MG/Brasil,Boleto,Entregue
TRX0001521,PED000805,14/11/2024,CLI00316,Monitor 27,eletronicos,"R$ 1.227,70",1,Salvador/BA/Brasil,Pix,Entregue
TRX0006561,PED003470,10-02-2026,CLI00638,Livro Dados em Acao,Livros,85.74,2,Salvador/BA/Brasil,Cartao de Credito,Entregue
TRX0006562,PED003470,2026-02-10,CLI00638,Aspirador Robo,Casa,"R$ 1.695,02",1,Salvador/BA/Brasil,Cartao de Credito,Entregue
TRX0006563,PED003470,10-02-2026,CLI00638,Livro Historia do Brasil,LIVROS,"68,31",-1,Salvador/BA/Brasil,Cartao de Credito,Entregue
TRX0006564,PED003471,2026-02-02,CLI00255,Livro Dados em Acao,Livros,84.61,1,Curitiba/PR/Brasil,Cartao de Credito,Entregue
TRX0006565,PED003471,2026-02-02,CLI00255,Garrafa Termica,Esporte,115.18,1,Curitiba/PR/Brasil,Cartao de Credito,Entregue
TRX0006566,PED003472,2026-02-18,CLI00652,Jaqueta Corta Vento,Moda,"R$ 256,45",1,Fortaleza/CE/Brasil,Boleto,Entregue
TRX0006567,PED003473,2026-02-24,CLI00577,Camiseta Dry Fit,Esporte,"R$ 76,22",2,Rio de Janeiro/RJ/Brasil,Pix,Entregue
TRX0006568,PED003474,2026-02-04,CLI00191,Jogo de Panelas,casa,"R$ 430,58",1,Sao Paulo/SP/Brasil,Cartao de Debito,Entregue
TRX0006569,PED003474,2026-02-04,CLI00191,Cafeteira Eletrica,Casa,"R$ 283,97",1,Sao Paulo/SP/Brasil,Cartao de Debito,Entregue
TRX0006570,PED003475,15/02/2026,CLI00062,Smart TV 50,Eletronicos,"R$ 2.523,02",1,Curitiba/PR/Brasil,Boleto,Entregue
TRX0006571,PED003475,15/02/2026,CLI00062,Headset Gamer,Acessorios,267.52,1,Curitiba/PR/Brasil,Boleto,Entregue
TRX0006572,PED003476,02-02-2026,CLI00460,Jogo de Panelas,Casa,386.22,1,Sao Paulo/SP/Brasil,Cartao de Credito,entregue
TRX0006573,PED003477,2026-02-21,CLI00361,Calca Jeans Reta,Moda,"R$ 199,18",1,Santos/SP/Brasil,Cartao de Credito,Entregue
TRX0006574,PED003477,2026-02-21,CLI00361,Vestido Midi,Moda,"232,14",3,Santos/SP/Brasil,Cartao de Credito,Entregue
TRX0006575,PED003477,2026-02-21,CLI00361,Livro SQL Essencial,Livros,"R$ 77,10",1,Santos/SP/Brasil,Cartao de Credito,Entregue
TRX0006576,PED003478,24-02-2026,CLI00075,Aspirador Robo,Casa,"R$ 1.694,43",3,Campinas/SP/Brasil,Pix,Entregue
TRX0002923,PED001547,2025-04-05,CLI00251,Livro SQL Essencial,Livros,"75,36",1,Recife/PE/Brasil,Cartao de Credito,cancelado
TRX0006577,PED003478,2026-02-24,CLI00075,Vestido Midi,Moda,"R$ 231,99",1,Campinas/SP/Brasil,Pix,ENTREGUE
TRX0006578,PED003479,16/02/2026,CLI00481,Mouse Sem Fio,acessorios,"R$ 86,70",1,Curitiba/PR/Brasil,Pix,Entregue
TRX0006579,PED003480,2026-02-12,CLI00390,Jaqueta Corta Vento,Moda,"R$ 261,96",1,Rio de Janeiro/RJ/Brasil,Pix,Devolvido
TRX0006580,PED003480,12/02/2026,CLI00390,Liquidificador Potente,Casa,"R$ 215,69",1,Rio de Janeiro/RJ/Brasil,Pix,Devolvido
,PED003480,2026-02-12,CLI00390,Tenis Corrida Leve,Esporte,343.02,2,Rio de Janeiro/RJ/Brasil,Pix,Devolvido
TRX0006582,PED003481,11/02/2026,CLI00219,Mochila para Notebook,Acessorios,"180,85",1,Sao Paulo/SP/Brasil,Cartao de Credito,ENTREGUE
TRX0006583,PED003481,2026-02-11,CLI00219,Garrafa Termica,Esporte,"122,89",2,Sao Paulo/SP/Brasil,Cartao de Credito,Entregue
TRX0004507,PED002403,2025-09-26,CLI00694,Notebook Gamer,Eletronicos,"R$ 5.064,02",1,Curitiba/PR/Brasil,Cartao de Credito,Entregue
TRX0006584,PED003481,2026-02-11,CLI00219,Tapete de Yoga,esporte,"R$ 156,40",1,Sao Paulo/SP/Brasil,Cartao de Credito,Entregue
TRX0006585,PED003482,2026-02-03,CLI00278,Jogo de Panelas,Casa,"R$ 379,68",2,Rio de Janeiro/RJ/Brasil,Cartao de Credito,ENTREGUE
TRX0006586,PED003483,13-02-2026,CLI00222,Smartphone X200,Eletronicos,"R$ 15.651,45",3,Belo Horizonte/MG/Brasil,Cartao de Credito,Enviado
TRX0006587,PED003484,2026-02-10,CLI00238,Smartphone X200,Eletronicos,"R$ 2.238,42",1,Brasilia/DF/Brasil,Cartao de Credito,ENVIADO
TRX0006588,PED003485,2026-02-28,CLI00498,Livro Dados em Acao,Livros,89.11,1,Campinas/SP/Brasil,Boleto,Entregue
TRX0006589,PED003486,2026-02-08,CLI00169,Mouse Sem Fio,Acessorios,"85,62",1,Porto Alegre/RS/Brasil,Cartao de Credito,Entregue
TRX0006590,PED003486,2026-02-08,CLI00169,Smart TV 50,Eletronicos,2556.25,1,Porto Alegre/RS/Brasil,Cartao de Credito,Entregue
TRX0006591,PED003487,04-02-2026,CLI00698,Jaqueta Corta Vento,Moda,272.47,1,Recife/PE/Brasil,Cartao de Credito,entregue
TRX0006592,PED003487,2026-02-04,CLI00698,Tablet 10,Eletrônicos,"R$ 1.378,52",1,Recife/PE/Brasil,Cartao de Credito,Entregue
TRX0006593,PED003487,04-02-2026,CLI00698,Calca Jeans Reta,Moda,"R$ 201,85",1,Recife/PE/Brasil,Cartao de Credito,entregue
TRX0006594,PED003488,03/02/2026,CLI00021,Camiseta Dry Fit,esporte,"R$ 82,85",2,Uberlandia/MG/Brasil,Cartao de Credito,Entregue
TRX0006595,PED003489,19-02-2026,CLI00362,Headset Gamer,Acessorios,"268,43",1,Campinas/SP/Brasil,Pix,Processando
TRX0006596,PED003489,2026-02-19,CLI00362,Carregador Turbo,Acessorios,"R$ 105,13",1,Campinas/SP/Brasil,Pix,Processando
TRX0006597,PED003489,2026-02-19,CLI00362,Cafeteira Eletrica,Casa,"R$ 283,40",3,Campinas/SP/Brasil,Pix,Processando
TRX0006598,PED003490,2026-02-13,CLI00039,Hub USB-C,Acessórios,"R$ 137,32",3,Sao Paulo/SP/Brasil,Cartao de Credito,Entregue
TRX0006599,PED003490,2026-02-13,CLI00039,Livro SQL Essencial,Livros,"R$ 79,00",1,Sao Paulo/SP/Brasil,Cartao de Credito,entregue
TRX0006600,PED003490,2026-02-13,CLI00039,Mochila para Notebook,Acessorios,173.07,1,Sao Paulo/SP/Brasil,Cartao de Credito,Entregue
TRX0006601,PED003490,13/02/2026,CLI00039,Capa para Smartphone,Acessorios,"R$ 50,72",1,Sao Paulo/SP/Brasil,Cartao de Credito,Entregue
TRX0006602,PED003491,2026-02-27,CLI00148,Garrafa Termica,Esporte,"R$ 117,40",4,Fortaleza/CE/Brasil,Pix,Entregue
TRX0006603,PED003492,2026-02-16,CLI00128,Camisa Social Slim,moda,"166,61",2,Belo Horizonte/MG/Brasil,Cartao de Credito,Processando
TRX0006604,PED003492,2026-02-16,CLI00128,Notebook Ultrafino,Eletronicos,"3.466,90",1,Belo Horizonte/MG/Brasil,Cartao de Credito,Processando
TRX0006605,PED003492,2026-02-16,CLI00128,Tenis Corrida Leve,Esporte,"321,12",2,Belo Horizonte/MG/Brasil,Cartao de Credito,Processando
TRX0006606,PED003492,16/02/2026,CLI00128,Aspirador Robo,Casa,"R$ 1.666,53",1,Belo Horizonte/MG/Brasil,Cartao de Credito,Processando
TRX0006607,PED003492,2026-02-16,CLI00128,Mochila para Notebook,Acessorios,"176,75",1,Belo Horizonte/MG/Brasil,Cartao de Credito,Processando
TRX0006608,PED003493,2026-02-14,CLI00277,Tapete de Yoga,esporte,"R$ 153,25",1,Brasilia/DF/Brasil,Cartao de Debito,Entregue
TRX0006609,PED003494,2026-02-03,CLI00460,Headset Gamer,Acessórios,"R$ 264,26",2,Sao Paulo/SP/Brasil,Boleto,Entregue
TRX0006610,PED003494,2026-02-03,CLI00460,Halteres 10kg,Esporte,200.88,3,Sao Paulo/SP/Brasil,Boleto,Entregue
TRX0006611,PED003494,03/02/2026,CLI00460,Luminaria de Mesa,Casa,"R$ 143,19",1,Sao Paulo/SP/Brasil,Boleto,Entregue
TRX0006612,PED003495,2026-02-28,CLI00354,Vestido Midi,Moda,230.82,3,Sao Paulo/SP/Brasil,Pix,Entregue
TRX0006613,PED003496,22-02-2026,CLI00678,Tapete de Yoga,Esporte,"R$ 155,09",3,Uberlandia/MG/Brasil,Cartao de Credito,Entregue
TRX0006614,PED003497,2026-02-08,CLI00621,Livro SQL Essencial,Livros,"81,98",1,Sao Paulo/SP/Brasil,Cartao de Debito,Entregue
TRX0006615,PED003497,08-02-2026,CLI00621,Jogo de Panelas,Casa,411.46,3,Sao Paulo/SP/Brasil,Cartao de Debito,Entregue
TRX0006616,PED003498,2026-02-04,CLI00430,Camiseta Dry Fit,esporte,85.11,1,Porto Alegre/RS/Brasil,Boleto,Entregue
TRX0006617,PED003498,04/02/2026,CLI00430,Camisa Social Slim,Moda,156.38,1,Porto Alegre/RS/Brasil,Boleto,Entregue
TRX0006618,PED003499,2026-02-15,CLI00480,Jaqueta Corta Vento,Moda,,1,Porto Alegre/RS/Brasil,Pix,Processando
TRX0006619,PED003499,15/02/2026,CLI00480,Livro SQL Essencial,Livros,"R$ 75,57",1,Porto Alegre/RS/Brasil,Pix,Processando
TRX0006620,PED003500,28-02-2026,CLI00577,Headset Gamer,Acessorios,"R$ 264,80",2,Rio de Janeiro/RJ/Brasil,Pix,Entregue
TRX0006621,PED003500,28/02/2026,CLI00577,Garrafa Termica,Esporte,"122,34",4,Rio de Janeiro/RJ/Brasil,Pix,Entregue
TRX0006622,PED003500,2026-02-28,CLI00577,Camiseta Dry Fit,Esporte,"R$ 77,50",1,Rio de Janeiro/RJ/Brasil,Pix,Entregue
TRX0006623,PED003501,18-02-2026,CLI00482,Luminaria de Mesa,Casa,"144,10",1,Fortaleza/CE/Brasil,Cartao de Credito,Entregue
TRX0006624,PED003502,2026-02-04,CLI00619,Halteres 10kg,Esporte,"R$ 188,21",1,Brasilia/DF/Brasil,Cartao de Credito,Cancelado
TRX0006625,PED003503,2026-03-06,CLI00321,Garrafa Termica,Esporte,"R$ 118,22",1,Rio de Janeiro/RJ/Brasil,Cartao de Credito,Entregue
TRX0006626,PED003504,2026-03-29,CLI00480,Camiseta Dry Fit,Esporte,"R$ 80,67",2,Porto Alegre/RS/Brasil,Cartao de Credito,Entregue
TRX0006627,PED003505,2026-03-05,CLI00315,Hub USB-C,Acessorios,125.53,3,Campinas/SP/Brasil,Boleto,ENTREGUE
TRX0003316,PED001755,2025-05-17,CLI00567,Mouse Sem Fio,Acessorios,"R$ 91,83",4,Belo Horizonte/MG/Brasil,Cartao de Debito,Entregue
TRX0006628,PED003505,2026-03-05,CLI00315,Notebook Ultrafino,Eletronicos,"3.658,59",1,Campinas/SP/Brasil,Boleto,Entregue
TRX0006629,PED003506,06-03-2026,CLI00537,Aspirador Robo,Casa,"R$ 1.577,67",2,Uberlandia/MG/Brasil,Cartao de Credito,Entregue
TRX0006630,PED003506,2026-03-06,CLI00537,Tenis Corrida Leve,Esporte,332.05,1,Uberlandia/MG/Brasil,Cartao de Credito,Entregue
TRX0006631,PED003506,06-03-2026,CLI00537,Smartphone X200,Eletronicos,2127.05,1,Uberlandia/MG/Brasil,Cartao de Credito,ENTREGUE
TRX0006632,PED003507,2026-03-20,CLI00649,Camiseta Dry Fit,Esporte,"85,39",1,Curitiba/PR/Brasil,Cartao de Debito,Entregue
TRX0006633,PED003507,20/03/2026,CLI00649,Monitor 27,Eletronicos,"1.105,54",3,Curitiba/PR/Brasil,Cartao de Debito,Entregue
TRX0007663,PED004053,2026-05-02,CLI00482,Aspirador Robo,Casa,"R$ 1.615,68",1,Fortaleza/CE/Brasil,Pix,Cancelado
TRX0006634,PED003507,2026-03-20,CLI00649,Carregador Turbo,Acessorios,"R$ 99,07",1,Curitiba/PR/Brasil,Cartao de Debito,Entregue
TRX0006635,PED003508,19/03/2026,CLI00392,Teclado Mecanico,Acessorios,"R$ 362,48",1,Florianopolis/SC/Brasil,Cartao de Credito,Entregue
TRX0006636,PED003508,19/03/2026,CLI00392,Calca Jeans Reta,Moda,"R$ 186,99",2,Florianopolis/SC/Brasil,Cartao de Credito,Entregue
TRX0006637,PED003508,sem data,CLI00392,Livro Historia do Brasil,Livros,"67,51",3,Florianopolis/SC/Brasil,Cartao de Credito,Entregue
TRX0006638,PED003509,2026-03-21,CLI00548,Calca Jeans Reta,Moda,"R$ 198,62",1,Florianopolis/SC/Brasil,Cartao de Credito,Entregue
TRX0006639,PED003509,2026-03-21,CLI00548,Vestido Midi,Moda,"R$ 234,66",1,Florianopolis/SC/Brasil,Cartao de Credito,Entregue
TRX0006640,PED003510,2026-03-06,CLI00191,Jaqueta Corta Vento,MODA,263.25,1,Sao Paulo/SP/Brasil,Cartao de Debito,entregue
TRX0006641,PED003510,06/03/2026,CLI00191,Hub USB-C,Acessorios,"134,67",3,Sao Paulo/SP/Brasil,Cartao de Debito,Entregue
TRX0006642,PED003511,08-03-2026,,Mochila para Notebook,Acessorios,187.78,1,Porto Alegre/RS/Brasil,Pix,Entregue
TRX0006643,PED003511,2026-03-08,CLI00169,Calca Jeans Reta,Moda,198.14,4,Porto Alegre/RS/Brasil,Pix,Entregue
TRX0006644,PED003511,2026-03-08,CLI00169,Cafeteira Eletrica,Casa,295.09,1,Porto Alegre/RS/Brasil,Pix,Entregue
TRX0006645,PED003512,02/03/2026,CLI00602,Mouse Sem Fio,Acessorios,96.12,2,Campinas/SP/Brasil,Pix,Entregue
TRX0006646,PED003512,2026-03-02,CLI00602,Cafeteira Eletrica,Casa,"R$ 297,47",1,Campinas/SP/Brasil,Pix,Entregue
TRX0006647,PED003513,27-03-2026,CLI00155,Calca Jeans Reta,Moda,"R$ 181,91",1,Belo Horizonte/MG/Brasil,Cartao de Credito,Processando
TRX0006648,PED003513,27-03-2026,CLI00155,Garrafa Termica,Esporte,"R$ 118,26",2,Belo Horizonte/MG/Brasil,Cartao de Credito,Processando
TRX0006649,PED003513,2026-03-27,CLI00155,Notebook Ultrafino,Eletronicos,3604.85,2,Belo Horizonte/MG/Brasil,Cartao de Credito,Processando
,PED003514,2026-03-02,CLI00164,Hub USB-C,acessorios,"R$ 128,01",1,Curitiba/PR/Brasil,Cartao de Credito,Entregue
TRX0006651,PED003514,2026-03-02,CLI00164,Smart TV 50,Eletronicos,2762.59,1,Curitiba/PR/Brasil,Cartao de Credito,Entregue
TRX0006652,PED003514,2026-03-02,CLI00164,Camiseta Dry Fit,ESPORTE,75.99,4,Curitiba/PR/Brasil,Cartao de Credito,Entregue
TRX0006653,PED003514,2026-03-02,CLI00164,Notebook Gamer,Eletronicos,4752.97,1,Curitiba/PR/Brasil,Cartao de Credito,Entregue
TRX0006654,PED003515,16/03/2026,CLI00315,Hub USB-C,Acessorios,"R$ 132,20",1,Campinas/SP/Brasil,Boleto,Entregue
TRX0006655,PED003516,2026-03-24,CLI00301,Livro SQL Essencial,Livros,"R$ 75,69",3,Sao Paulo/SP/Brasil,Cartao de Credito,Entregue
TRX0006656,PED003516,24-03-2026,CLI00301,Camisa Social Slim,Moda,"162,97",-2,Sao Paulo/SP/Brasil,Cartao de Credito,Entregue
TRX0006657,PED003517,14-03-2026,CLI00451,Teclado Mecanico,Acessorios,"R$ 344,45",1,Curitiba/PR/Brasil,Pix,Entregue
TRX0006658,PED003517,14-03-2026,CLI00451,Livro Historia do Brasil,livros,72.73,1,Curitiba/PR/Brasil,Pix,ENTREGUE
TRX0006659,PED003518,2026-03-26,CLI00652,Halteres 10kg,Esporte,195.94,1,Fortaleza/CE/Brasil,Pix,Entregue
TRX0006660,PED003518,2026-03-26,CLI00652,Tenis Corrida Leve,esporte,"R$ 344,48",1,Fortaleza/CE/Brasil,Pix,Entregue
TRX0006661,PED003518,26/03/2026,CLI00652,Carregador Turbo,Acessorios,98.62,1,Fortaleza/CE/Brasil,Pix,Entregue
TRX0006662,PED003518,26-03-2026,CLI00652,Smart TV 50,eletronicos,"R$ 2.698,90",3,Fortaleza/CE/Brasil,Pix,Entregue
TRX0006663,PED003519,2026-03-04,CLI00036,Calca Jeans Reta,Moda,"R$ 200,91",1,Uberlandia/MG/Brasil,Cartao de Credito,Entregue
TRX0006664,PED003520,08-03-2026,CLI00116,Smart TV 50,Eletronicos,"R$ 2.591,41",1,Belo Horizonte/MG/Brasil,Cartao de Credito,Entregue
TRX0006665,PED003521,22/03/2026,CLI00301,Cafeteira Eletrica,Casa,"R$ 275,82",1,Sao Paulo/SP/Brasil,Pix,Devolvido
TRX0006666,PED003522,2026-03-09,CLI00014,Mouse Sem Fio,Acessorios,93.67,1,Curitiba/PR/Brasil,Pix,Entregue
TRX0006667,PED003522,09-03-2026,CLI00014,Garrafa Termica,Esporte,"R$ 125,18",1,Curitiba/PR/Brasil,Pix,Entregue
TRX0006668,PED003522,09-03-2026,CLI00014,Calca Jeans Reta,Moda,186.82,2,Curitiba/PR/Brasil,Pix,Entregue
TRX0006669,PED003523,2026-03-14,CLI00192,Tapete de Yoga,Esporte,"R$ 154,20",1,Campinas/SP/Brasil,Cartao de Credito,Entregue
TRX0006670,PED003524,31/03/2026,CLI00385,Luminaria de Mesa,Casa,"132,79",1,Belo Horizonte/MG/Brasil,Cartao de Credito,Entregue
TRX0006671,PED003525,27/03/2026,CLI00043,Livro Dados em Acao,Livros,"R$ 88,16",4,Rio de Janeiro/RJ/Brasil,Cartao de Debito,Processando
TRX0006672,PED003526,2026-03-10,CLI00252,Tenis Corrida Leve,esporte,"R$ 325,06",1,Sao Paulo/SP/Brasil,Pix,Enviado
TRX0006673,PED003527,2026-03-24,CLI00643,Headset Gamer,Acessorios,269.28,1,Sao Paulo/SP/Brasil,Boleto,Entregue
TRX0006674,PED003528,2026-03-23,CLI00305,Tenis Corrida Leve,Esporte,330.37,4,Campinas/SP/Brasil,Pix,Cancelado
TRX0006675,PED003528,23/03/2026,CLI00305,Cafeteira Eletrica,Casa,300.02,1,Campinas/SP/Brasil,Pix,Cancelado
TRX0006676,PED003528,23-03-2026,CLI00305,Garrafa Termica,Esporte,"120,83",1,Campinas/SP/Brasil,Pix,Cancelado
TRX0006677,PED003529,2026-03-17,CLI00495,Monitor 27,eletronicos,"1.222,49",1,Porto Alegre/RS/Brasil,Boleto,ENTREGUE
TRX0006678,PED003530,2026-03-28,CLI00270,Jogo de Panelas,Casa,426.86,1,Fortaleza/CE/Brasil,Cartao de Debito,Enviado
TRX0006679,PED003531,2026-03-16,CLI00191,Tablet 10,Eletronicos,"R$ 1.240,38",1,Sao Paulo/SP/Brasil,Pix,Enviado
TRX0006680,PED003531,2026-03-16,CLI00191,Smart TV 50,Eletronicos,"R$ 2.620,88",1,Sao Paulo/SP/Brasil,Pix,Enviado
TRX0006681,PED003532,2026-03-28,CLI00636,Livro SQL Essencial,Livros,"83,57",2,Sao Paulo/SP/Brasil,Cartao de Debito,Entregue
TRX0006682,PED003533,27-03-2026,CLI00482,Camisa Social Slim,Moda,157.02,3,Fortaleza/CE/Brasil,Boleto,Entregue
TRX0006683,PED003534,2026-03-09,CLI00160,Carregador Turbo,Acessorios,100.63,3,Brasilia/DF/Brasil,Cartao de Credito,Entregue
TRX0006684,PED003534,2026-03-09,CLI00160,Liquidificador Potente,Casa,"R$ 220,11",1,Brasilia/DF/Brasil,Cartao de Credito,Entregue
TRX0006685,PED003535,2026-03-18,CLI00121,Jaqueta Corta Vento,Moda,282.10,1,Uberlandia/MG/Brasil,Cartao de Credito,Entregue
TRX0006686,PED003536,03-03-2026,CLI00630,Liquidificador Potente,CASA,209.79,2,Salvador/BA/Brasil,Cartao de Debito,PROCESSANDO
TRX0006687,PED003536,2026-03-03,CLI00630,Jaqueta Corta Vento,Moda,"285,88",0,Salvador/BA/Brasil,Cartao de Debito,Processando
TRX0006688,PED003537,2025-13-07,CLI00204,Headset Gamer,Acessorios,"R$ 264,38",1,Niteroi/RJ/Brasil,Cartao de Credito,Entregue
TRX0006689,PED003538,2026-03-23,CLI00142,Halteres 10kg,Esporte,"R$ 201,63",1,Belo Horizonte/MG/Brasil,Cartao de Debito,Entregue
TRX0008029,PED004237,09/06/2026,CLI00451,Carregador Turbo,acessorios,100.77,1,Curitiba/PR/Brasil,Cartao de Credito,Processando
TRX0006690,PED003539,2026-03-31,CLI00382,Teclado Mecanico,Acessorios,"R$ 371,74",1,Curitiba/PR/Brasil,Cartao de Credito,Entregue
TRX0006691,PED003540,2026-03-13,CLI00252,Liquidificador Potente,Casa,"226,34",-2,Sao Paulo/SP/Brasil,Boleto,Entregue
TRX0006692,PED003540,2026-03-13,CLI00252,Smartphone X200,Eletronicos,"R$ 2.287,04",1,Sao Paulo/SP/Brasil,Boleto,Entregue
TRX0006693,PED003541,06/03/2026,CLI00084,Smartphone X200,Eletronicos,"R$ 2.275,99",1,Goiania/GO/Brasil,Cartao de Credito,Entregue
TRX0003439,PED001823,27-06-2025,CLI00302,Notebook Gamer,Eletronicos,4809.60,1,Campinas/SP/Brasil,Cartao de Debito,Entregue
TRX0006694,PED003541,06/03/2026,CLI00084,Mochila para Notebook,Acessórios,185.80,1,Goiania/GO/Brasil,Cartao de Credito,Entregue
TRX0006695,PED003541,2026-03-06,CLI00084,Carregador Turbo,Acessorios,100.23,2,Goiania/GO/Brasil,Cartao de Credito,Entregue
TRX0006696,PED003541,06-03-2026,CLI00084,Livro SQL Essencial,LIVROS,76.24,1,Goiania/GO/Brasil,Cartao de Credito,Entregue
TRX0006697,PED003542,2026-03-08,,Camisa Social Slim,MODA,"164,15",3,Sao Paulo/SP/Brasil,Pix,Entregue
TRX0006698,PED003542,2026-03-08,CLI00547,Livro SQL Essencial,Livros,"R$ 83,57",2,Sao Paulo/SP/Brasil,Pix,Entregue
TRX0006699,PED003543,07-03-2026,CLI00652,Carregador Turbo,Acessorios,,1,Fortaleza/CE/Brasil,Cartao de Debito,entregue
TRX0006700,PED003544,2026-03-30,CLI00257,Calca Jeans Reta,moda,"R$ 183,88",1,Belo Horizonte/MG/Brasil,Cartao de Credito,Entregue
TRX0006701,PED003545,20/03/2026,CLI00169,Hub USB-C,Acessorios,"133,25",2,Porto Alegre/RS/Brasil,Cartao de Debito,Entregue
TRX0006702,PED003545,2026-03-20,CLI00169,Teclado Mecanico,Acessorios,"358,54",2,Porto Alegre/RS/Brasil,Cartao de Debito,Entregue
TRX0006703,PED003545,20/03/2026,CLI00169,Liquidificador Potente,Casa,212.28,1,Porto Alegre/RS/Brasil,Cartao de Debito,Entregue
TRX0006704,PED003546,2026-03-26,CLI00550,Cafeteira Eletrica,Casa,"299,51",3,Campinas/SP/Brasil,Pix,Cancelado
TRX0006705,PED003547,2026-03-16,CLI00243,Calca Jeans Reta,Moda,201.20,1,Rio de Janeiro/RJ/Brasil,Cartao de Credito,Entregue
TRX0006706,PED003547,2026-03-16,CLI00243,Aspirador Robo,Casa,"R$ 1.564,75",1,Rio de Janeiro/RJ/Brasil,Cartao de Credito,Entregue
TRX0006707,PED003547,2026-03-16,CLI00243,Hub USB-C,Acessorios,"131,12",1,Rio de Janeiro/RJ/Brasil,Cartao de Credito,Entregue
TRX0006708,PED003548,2026-03-16,CLI00270,Liquidificador Potente,Casa,212.03,2,Fortaleza/CE/Brasil,Cartao de Credito,Processando
TRX0006709,PED003549,21/03/2026,CLI00307,Calca Jeans Reta,Moda,182.73,1,Goiania/GO/Brasil,Pix,Entregue
TRX0006710,PED003549,21/03/2026,CLI00307,Halteres 10kg,Esporte,"R$ 186,50",1,Goiania/GO/Brasil,Pix,Entregue
TRX0006711,PED003550,2026-03-13,CLI00307,Capa para Smartphone,Acessorios,48.29,1,Goiania/GO/Brasil,Cartao de Debito,Entregue
TRX0006712,PED003551,25/03/2026,CLI00222,Mochila para Notebook,Acessorios,"R$ 182,30",1,Belo Horizonte/MG/Brasil,Cartao de Credito,Entregue
TRX0006713,PED003551,2026-03-25,CLI00222,Teclado Mecanico,Acessorios,"371,21",1,Belo Horizonte/MG/Brasil,Cartao de Credito,ENTREGUE
TRX0006714,PED003552,2026-03-03,CLI00226,Carregador Turbo,Acessorios,94.24,3,Salvador/BA/Brasil,Pix,Entregue
TRX0006715,PED003552,2026-03-03,CLI00226,Notebook Gamer,eletronicos,"R$ 4.915,87",1,Salvador/BA/Brasil,Pix,Entregue
TRX0006716,PED003553,17/03/2026,CLI00472,Carregador Turbo,Acessórios,"R$ 96,60",2,Recife/PE/Brasil,Pix,Entregue
TRX0006717,PED003554,2026-03-17,CLI00177,Carregador Turbo,Acessorios,"R$ 103,65",2,Florianopolis/SC/Brasil,Cartao de Debito,Cancelado
TRX0006718,PED003555,02-03-2026,CLI00292,Livro Dados em Acao,Livros,93.42,1,Uberlandia/MG/Brasil,Pix,Entregue
TRX0006719,PED003555,2026-03-02,CLI00292,Camisa Social Slim,Moda,"162,28",1,Uberlandia/MG/Brasil,Pix,Entregue
TRX0006720,PED003555,2026-03-02,CLI00292,Garrafa Termica,Esporte,127.05,2,Uberlandia/MG/Brasil,Pix,Entregue
TRX0006721,PED003555,2026-03-02,CLI00292,Calca Jeans Reta,Moda,"R$ 199,83",2,Uberlandia/MG/Brasil,Pix,Entregue
TRX0006722,PED003556,12/03/2026,CLI00305,Jogo de Panelas,CASA,"R$ 386,73",3,Campinas/SP/Brasil,Pix,ENTREGUE
TRX0006723,PED003556,2026-03-12,CLI00305,Livro Historia do Brasil,Livros,72.54,1,Campinas/SP/Brasil,Pix,entregue
TRX0006724,PED003556,12/03/2026,CLI00305,Tablet 10,Eletronicos,,2,Campinas/SP/Brasil,Pix,Entregue
TRX0006725,PED003556,2026-03-12,CLI00305,Hub USB-C,Acessorios,136.14,1,Campinas/SP/Brasil,Pix,Entregue
TRX0006726,PED003556,2026-03-12,CLI00305,Notebook Gamer,Eletronicos,"4.716,20",2,Campinas/SP/Brasil,Pix,Entregue
TRX0006727,PED003557,11/03/2026,CLI00191,Luminaria de Mesa,Casa,"R$ 143,74",2,Sao Paulo/SP/Brasil,Cartao de Credito,Entregue
TRX0006728,PED003557,2026-03-11,CLI00191,Tapete de Yoga,Esporte,151.24,1,Sao Paulo/SP/Brasil,Cartao de Credito,entregue
TRX0006729,PED003558,2026-03-09,CLI00062,Headset Gamer,Acessorios,"246,07",1,Curitiba/PR/Brasil,Pix,Entregue
TRX0006730,PED003558,2026-03-09,CLI00062,Mouse Sem Fio,Acessorios,86.33,3,Curitiba/PR/Brasil,Pix,Entregue
TRX0006731,PED003558,09/03/2026,CLI00062,Livro SQL Essencial,Livros,746.25,1,Curitiba/PR/Brasil,Pix,Entregue
TRX0006732,PED003559,2026-03-23,CLI00084,Headset Gamer,acessorios,"R$ 259,28",4,Goiania/GO/Brasil,Cartao de Credito,Entregue
TRX0006733,PED003560,2026-03-23,CLI00278,Garrafa Termica,Esporte,"R$ 121,50",1,Rio de Janeiro/RJ/Brasil,Pix,Entregue
TRX0006734,PED003560,23/03/2026,CLI00278,Hub USB-C,Acessorios,130.18,1,Rio de Janeiro/RJ/Brasil,Pix,Entregue
TRX0006735,PED003561,2026-03-30,CLI00357,Capa para Smartphone,Acessorios,51.60,2,Santos/SP/Brasil,Cartao de Credito,Entregue
TRX0006736,PED003562,2026-03-12,CLI00582,Mouse Sem Fio,ACESSORIOS,"R$ 94,12",1,Belo Horizonte/MG/Brasil,Pix,entregue
TRX0006737,PED003563,2026-03-08,CLI00504,Notebook Gamer,Eletronicos,"R$ 5.079,29",1,Sao Paulo/SP/Brasil,Pix,Entregue
TRX0006738,PED003563,2026-03-08,CLI00504,Mochila para Notebook,Acessorios,177.79,1,Sao Paulo/SP/Brasil,Pix,Entregue
TRX0006739,PED003563,08/03/2026,CLI00504,Teclado Mecanico,acessorios,"R$ 348,65",1,Sao Paulo/SP/Brasil,Pix,Entregue
TRX0006740,PED003563,2026-03-08,CLI00504,Livro SQL Essencial,LIVROS,"R$ 75,13",1,Sao Paulo/SP/Brasil,Pix,Entregue
TRX0006741,PED003564,2026-03-06,CLI00519,Mochila para Notebook,Acessorios,"R$ 172,16",1,Brasilia/DF/Brasil,Pix,entregue
TRX0006742,PED003564,2026-03-06,CLI00519,Monitor 27,Eletronicos,1182.02,1,Brasilia/DF/Brasil,Pix,Entregue
TRX0006743,PED003564,06/03/2026,CLI00519,Camiseta Dry Fit,Esporte,78.32,1,Brasilia/DF/Brasil,Pix,Entregue
TRX0006744,PED003565,2026-03-24,CLI00510,Livro Historia do Brasil,Livros,"R$ 67,54",1,Curitiba/PR/Brasil,Pix,Devolvido
TRX0006745,PED003566,2026-03-09,CLI00537,Halteres 10kg,esporte,"R$ 199,12",1,Uberlandia/MG/Brasil,Cartao de Credito,Enviado
TRX0006746,PED003566,2026-03-09,CLI00537,Calca Jeans Reta,moda,"R$ 200,72",1,Uberlandia/MG/Brasil,Cartao de Credito,Enviado
TRX0006747,PED003567,2026-03-15,CLI00130,Smart TV 50,Eletronicos,"R$ 2.554,12",3,Sao Paulo/SP/Brasil,Pix,Devolvido
TRX0006748,PED003568,20-03-2026,CLI00148,Aspirador Robo,Casa,1590.06,1,Fortaleza/CE/Brasil,Pix,ENTREGUE
TRX0006749,PED003569,2026-03-09,CLI00547,Liquidificador Potente,CASA,"R$ 216,58",3,Sao Paulo/SP/Brasil,Cartao de Credito,Entregue
TRX0006750,PED003569,2026-03-09,CLI00547,Capa para Smartphone,Acessorios,"47,99",1,Sao Paulo/SP/Brasil,Cartao de Credito,Entregue
TRX0006751,PED003570,2026-03-08,CLI00161,Livro SQL Essencial,Livros,79.41,3,Florianopolis/SC/Brasil,Cartao de Credito,Entregue
TRX0006752,PED003570,08/03/2026,CLI00161,Vestido Midi,moda,211.71,1,Florianopolis/SC/Brasil,Cartao de Credito,Entregue
TRX0006753,PED003571,31-03-2026,CLI00547,Smart TV 50,Eletronicos,"R$ 2.517,69",1,Sao Paulo/SP/Brasil,Cartao de Credito,enviado
TRX0006754,PED003571,2026-03-31,CLI00547,Livro Historia do Brasil,Livros,72.17,1,Sao Paulo/SP/Brasil,Cartao de Credito,Enviado
TRX0006755,PED003571,31-03-2026,CLI00547,Monitor 27,Eletronicos,1218.94,1,Sao Paulo/SP/Brasil,Cartao de Credito,Enviado
TRX0006756,PED003572,18-03-2026,CLI00155,Tablet 10,Eletronicos,"1.248,39",1,Belo Horizonte/MG/Brasil,Pix,Entregue
TRX0006757,PED003572,2026-03-18,CLI00155,Camisa Social Slim,Moda,169.78,1,Belo Horizonte/MG/Brasil,Pix,Entregue
TRX0006758,PED003573,2026-03-22,CLI00700,Carregador Turbo,Acessorios,100.27,1,Belo Horizonte/MG/Brasil,Cartao de Debito,Entregue
TRX0006759,PED003574,2026-03-07,CLI00301,Smart TV 50,Eletronicos,"2.676,17",1,Sao Paulo/SP/Brasil,Pix,entregue
TRX0006760,PED003574,2026-03-07,CLI00301,Liquidificador Potente,Casa,"R$ 228,30",1,Sao Paulo/SP/Brasil,Pix,ENTREGUE
TRX0006761,PED003574,2026-03-07,CLI00301,Vestido Midi,Moda,"R$ 214,04",1,Sao Paulo/SP/Brasil,Pix,Entregue
TRX0006762,PED003575,2026-03-23,CLI00610,Hub USB-C,Acessorios,"R$ 123,42",1,Campinas/SP/Brasil,Cartao de Debito,Entregue
TRX0006763,PED003576,2026-03-14,CLI00542,Livro Historia do Brasil,Livros,"R$ 73,47",1,Curitiba/PR/Brasil,Cartao de Credito,Entregue
TRX0006764,PED003577,08-03-2026,CLI00277,Teclado Mecanico,Acessorios,"340,87",1,Brasilia/DF/Brasil,Cartao de Debito,entregue
TRX0006765,PED003578,2026-03-30,CLI00514,Cafeteira Eletrica,casa,"R$ 296,34",1,Campinas/SP/Brasil,Cartao de Debito,Entregue
TRX0006766,PED003578,2026-03-30,CLI00514,Liquidificador Potente,Casa,"228,53",1,Campinas/SP/Brasil,Cartao de Debito,ENTREGUE
TRX0006767,PED003579,02/03/2026,CLI00619,Tablet 10,Eletronicos,1374.86,1,Brasilia/DF/Brasil,Cartao de Credito,Cancelado
TRX0006768,PED003580,17/03/2026,CLI00548,Hub USB-C,Acessorios,"130,67",1,Florianopolis/SC/Brasil,Pix,entregue
TRX0006769,PED003581,2026-03-01,CLI00552,Notebook Ultrafino,Eletronicos,3707.47,2,Belo Horizonte/MG/Brasil,Cartao de Credito,Entregue
TRX0006770,PED003582,2026-03-24,CLI00668,Jaqueta Corta Vento,Moda,"281,00",3,Recife/PE/Brasil,Pix,Entregue
TRX0006771,PED003583,2026-03-03,CLI00305,Cafeteira Eletrica,casa,"277,84",1,Campinas/SP/Brasil,Cartao de Credito,Entregue
TRX0006772,PED003583,2026-03-03,CLI00305,Liquidificador Potente,Casa,"R$ 222,62",2,Campinas/SP/Brasil,Cartao de Credito,Entregue
TRX0006773,PED003584,2026-03-21,CLI00628,Hub USB-C,Acessorios,136.56,1,Sao Paulo/SP/Brasil,Boleto,Entregue
TRX0006774,PED003584,2026-03-21,CLI00628,Headset Gamer,Acessorios,"268,32",1,Sao Paulo/SP/Brasil,Boleto,Entregue
TRX0006775,PED003584,21/03/2026,CLI00628,Smart TV 50,Eletrônicos,2499.84,1,Sao Paulo/SP/Brasil,Boleto,Entregue
TRX0006776,PED003584,2026-03-21,CLI00628,Smartphone X200,Eletronicos,"2.104,12",1,Sao Paulo/SP/Brasil,Boleto,Entregue
TRX0006777,PED003585,2026-03-12,CLI00643,Jogo de Panelas,Casa,"423,02",1,Sao Paulo/SP/Brasil,Cartao de Credito,Entregue
TRX0006778,PED003586,27/03/2026,CLI00030,Livro SQL Essencial,Livros,"R$ 85,18",1,Sao Paulo/SP/Brasil,Cartao de Credito,Entregue
TRX0006779,PED003586,27-03-2026,CLI00030,Headset Gamer,Acessorios,"R$ 259,49",2,Sao Paulo/SP/Brasil,Cartao de Credito,Entregue
TRX0006780,PED003586,,CLI00030,Tenis Corrida Leve,Esporte,354.39,1,Sao Paulo/SP/Brasil,Cartao de Credito,Entregue
TRX0006781,PED003586,27/03/2026,CLI00030,Capa para Smartphone,Acessorios,"R$ 48,42",1,Sao Paulo/SP/Brasil,Cartao de Credito,Entregue
TRX0006782,PED003587,25/03/2026,CLI00349,Teclado Mecanico,Acessorios,"R$ 368,37",2,Fortaleza/CE/Brasil,Cartao de Credito,Devolvido
TRX0006783,PED003587,25-03-2026,CLI00349,Livro Dados em Acao,Livros,"R$ 93,40",2,Fortaleza/CE/Brasil,Cartao de Credito,Devolvido
TRX0006784,PED003587,2026-03-25,CLI00349,Smartphone X200,Eletronicos,"2.095,21",2,Fortaleza/CE/Brasil,Cartao de Credito,Devolvido
TRX0006785,PED003588,2026-03-18,CLI00547,Garrafa Termica,Esporte,126.11,1,Sao Paulo/SP/Brasil,Pix,Entregue
TRX0006786,PED003588,2026-03-18,CLI00547,Monitor 27,Eletronicos,"R$ 1.102,58",2,Sao Paulo/SP/Brasil,Pix,Entregue
TRX0006787,PED003588,18-03-2026,CLI00547,Camiseta Dry Fit,Esporte,81.63,1,Sao Paulo/SP/Brasil,Pix,entregue
TRX0006788,PED003589,27-03-2026,CLI00652,Jogo de Panelas,Casa,"R$ 381,33",2,Fortaleza/CE/Brasil,Cartao de Credito,Entregue
TRX0006789,PED003589,2026-03-27,CLI00652,Smart TV 50,Eletronicos,"R$ 2.522,29",1,Fortaleza/CE/Brasil,Cartao de Credito,Entregue
TRX0006790,PED003589,2026-03-27,CLI00652,Liquidificador Potente,CASA,219.31,3,Fortaleza/CE/Brasil,Cartao de Credito,Entregue
TRX0006791,PED003589,27/03/2026,CLI00652,Headset Gamer,Acessorios,"263,08",1,Fortaleza/CE/Brasil,Cartao de Credito,Entregue
TRX0006792,PED003589,27-03-2026,CLI00652,Calca Jeans Reta,Moda,189.55,1,Fortaleza/CE/Brasil,Cartao de Credito,ENTREGUE
TRX0006793,PED003590,2026-03-25,CLI00568,Camisa Social Slim,Moda,"163,46",3,Sao Paulo/SP/Brasil,Cartao de Credito,Entregue
TRX0006794,PED003591,30/03/2026,CLI00131,Luminaria de Mesa,Casa,"R$ 144,24",1,Sao Paulo/SP/Brasil,Cartao de Credito,Entregue
TRX0006795,PED003591,30/03/2026,CLI00131,Vestido Midi,Moda,"213,73",1,Sao Paulo/SP/Brasil,Cartao de Credito,Entregue
TRX0006796,PED003591,2026-03-30,CLI00131,Headset Gamer,Acessorios,258.16,1,Sao Paulo/SP/Brasil,Cartao de Credito,Entregue
TRX0006797,PED003592,25/03/2026,CLI00350,Livro Dados em Acao,LIVROS,"R$ 91,28",2,Porto Alegre/RS/Brasil,Boleto,Entregue
TRX0006798,PED003592,2026-03-25,CLI00350,Calca Jeans Reta,Moda,"R$ 190,91",1,Porto Alegre/RS/Brasil,Boleto,Entregue
TRX0006799,PED003593,2026-03-13,CLI00305,Luminaria de Mesa,Casa,"147,42",2,Campinas/SP/Brasil,Pix,Entregue
TRX0006800,PED003594,2026-03-03,CLI00590,Carregador Turbo,Acessorios,"R$ 102,08",2,Fortaleza/CE/Brasil,Pix,Entregue
TRX0006801,PED003594,2026-03-03,CLI00590,Halteres 10kg,esporte,"196,86",1,Fortaleza/CE/Brasil,Pix,Entregue
TRX0006802,PED003594,03-03-2026,CLI00590,Camiseta Dry Fit,Esporte,"R$ 79,25",1,Fortaleza/CE/Brasil,Pix,Entregue
TRX0006803,PED003595,2026-03-21,CLI00519,Liquidificador Potente,Casa,209.29,1,Brasilia/DF/Brasil,Pix,ENTREGUE
TRX0006804,PED003595,2026-03-21,CLI00519,Notebook Gamer,Eletronicos,4737.49,2,Brasilia/DF/Brasil,Pix,Entregue
TRX0006805,PED003596,21/03/2026,CLI00541,Tablet 10,Eletronicos,"1.377,31",1,Sao Paulo/SP/Brasil,Cartao de Credito,Entregue
TRX0006806,PED003597,2026-03-05,CLI00332,Calca Jeans Reta,MODA,"R$ 194,18",1,Goiania/GO/Brasil,Pix,Entregue
TRX0006807,PED003597,05-03-2026,CLI00332,Camisa Social Slim,MODA,"171,02",1,Goiania/GO/Brasil,Pix,Entregue
TRX0006808,PED003597,2026-03-05,CLI00332,Livro SQL Essencial,Livros,82.36,2,Goiania/GO/Brasil,Pix,Entregue
TRX0006809,PED003598,2026-03-25,CLI00541,Camiseta Dry Fit,Esporte,,1,Sao Paulo/SP/Brasil,Pix,Entregue
TRX0006810,PED003598,2026-03-25,CLI00541,Camisa Social Slim,Moda,"R$ 156,12",1,Sao Paulo/SP/Brasil,Pix,Entregue
TRX0006811,PED003598,25/03/2026,CLI00541,Mouse Sem Fio,Acessorios,"R$ 87,06",1,Sao Paulo/SP/Brasil,Pix,Entregue
TRX0006812,PED003599,19/03/2026,CLI00121,Mouse Sem Fio,Acessorios,"R$ 95,60",3,Uberlandia/MG/Brasil,Cartao de Credito,Entregue
TRX0006813,PED003599,19/03/2026,CLI00121,Aspirador Robo,Casa,1520.02,1,Uberlandia/MG/Brasil,Cartao de Credito,Entregue
TRX0006814,PED003600,12-03-2026,CLI00643,Carregador Turbo,Acessorios,"R$ 104,83",1,Sao Paulo/SP/Brasil,Cartao de Credito,Devolvido
TRX0006815,PED003601,2026-03-28,CLI00219,Livro SQL Essencial,Livros,"R$ 83,61",3,Sao Paulo/SP/Brasil,Cartao de Credito,Entregue
TRX0006816,PED003602,2026-03-17,CLI00160,Livro Historia do Brasil,Livros,"R$ 74,77",1,Brasilia/DF/Brasil,Cartao de Debito,Enviado
TRX0006817,PED003602,2026-03-17,CLI00160,Mouse Sem Fio,Acessorios,"92,60",1,Brasilia/DF/Brasil,Cartao de Debito,Enviado
TRX0006818,PED003602,17/03/2026,CLI00160,Mochila para Notebook,Acessorios,187.91,2,Brasilia/DF/Brasil,Cartao de Debito,Enviado
TRX0006819,PED003602,17-03-2026,CLI00160,Smart TV 50,Eletronicos,"R$ 2.630,73",1,Brasilia/DF/Brasil,Cartao de Debito,Enviado
TRX0006820,PED003602,2026-03-17,CLI00160,Tenis Corrida Leve,Esporte,"R$ 347,44",1,Brasilia/DF/Brasil,Cartao de Debito,Enviado
TRX0006821,PED003603,2026-03-12,CLI00630,Tapete de Yoga,ESPORTE,"145,57",3,Salvador/BA/Brasil,Cartao de Credito,Entregue
TRX0006822,PED003604,2026-03-12,CLI00466,Halteres 10kg,Esporte,"202,69",1,Recife/PE/Brasil,Cartao de Debito,Entregue
TRX0006823,PED003604,2026-03-12,CLI00466,Camisa Social Slim,Moda,160.52,1,Recife/PE/Brasil,Cartao de Debito,Entregue
TRX0006824,PED003604,12/03/2026,CLI00466,Mouse Sem Fio,Acessorios,"R$ 95,27",3,Recife/PE/Brasil,Cartao de Debito,Entregue
TRX0006825,PED003605,30/03/2026,CLI00430,Jaqueta Corta Vento,MODA,282.35,2,Porto Alegre/RS/Brasil,Pix,Entregue
TRX0005179,PED002750,2025-11-13,CLI00401,Mochila para Notebook,Acessorios,178.93,1,Recife/PE/Brasil,Boleto,Entregue
TRX0006826,PED003606,19-03-2026,CLI00043,Camisa Social Slim,Moda,"R$ 167,47",1,Rio de Janeiro/RJ/Brasil,Cartao de Credito,Devolvido
TRX0006827,PED003607,2026-03-02,,Capa para Smartphone,Acessorios,"R$ 52,66",4,Fortaleza/CE/Brasil,Cartao de Debito,Entregue
TRX0006828,PED003608,14/03/2026,CLI00626,Livro Historia do Brasil,Livros,70.22,1,Salvador/BA/Brasil,Cartao de Credito,cancelado
TRX0006829,PED003608,2026-03-14,CLI00626,Tapete de Yoga,Esporte,154.80,3,Salvador/BA/Brasil,Cartao de Credito,Cancelado
TRX0006830,PED003608,14-03-2026,CLI00626,Cafeteira Eletrica,Casa,"292,22",1,Salvador/BA/Brasil,Cartao de Credito,Cancelado
TRX0006831,PED003609,2026-03-16,CLI00360,Mochila para Notebook,Acessorios,"R$ 183,48",2,Belo Horizonte/MG/Brasil,Pix,entregue
TRX0006832,PED003609,2026-03-16,CLI00360,Notebook Gamer,Eletronicos,"5.006,66",4,Belo Horizonte/MG/Brasil,Pix,Entregue
TRX0006833,PED003610,20/03/2026,CLI00667,Jaqueta Corta Vento,Moda,"269,62",2,Belo Horizonte/MG/Brasil,Cartao de Credito,Entregue
TRX0006834,PED003610,2026-03-20,CLI00667,Calca Jeans Reta,Moda,"R$ 182,99",1,Belo Horizonte/MG/Brasil,Cartao de Credito,Entregue
TRX0006835,PED003611,2026-03-28,CLI00685,Luminaria de Mesa,Casa,"R$ 135,63",1,Curitiba/PR/Brasil,Boleto,Devolvido
TRX0006836,PED003611,2026-03-28,CLI00685,Tablet 10,Eletronicos,1256.42,1,Curitiba/PR/Brasil,Boleto,Devolvido
TRX0006837,PED003612,2026-03-12,CLI00547,Livro SQL Essencial,Livros,76.64,1,Sao Paulo/SP/Brasil,Cartao de Debito,Entregue
TRX0006838,PED003613,2026-03-13,CLI00341,Calca Jeans Reta,moda,"184,47",1,Sao Paulo/SP/Brasil,Cartao de Credito,Devolvido
TRX0006839,PED003614,03-03-2026,CLI00331,Camisa Social Slim,Moda,"R$ 170,26",4,Uberlandia/MG/Brasil,Cartao de Credito,Entregue
TRX0006840,PED003615,2026-03-24,CLI00172,Hub USB-C,Acessorios,"127,69",1,Fortaleza/CE/Brasil,Pix,Cancelado
TRX0006841,PED003615,2026-03-24,CLI00172,Carregador Turbo,Acessorios,"100,15",1,Fortaleza/CE/Brasil,Pix,Cancelado
TRX0006842,PED003615,2026-03-24,CLI00172,Monitor 27,Eletronicos,1230.35,2,Fortaleza/CE/Brasil,Pix,Cancelado
TRX0006843,PED003616,17/03/2026,CLI00343,Monitor 27,Eletrônicos,1188.84,1,Salvador/BA/Brasil,Pix,Entregue
TRX0006844,PED003617,2026-03-03,CLI00555,Halteres 10kg,Esporte,"R$ 181,00",1,Porto Alegre/RS/Brasil,Pix,Entregue
TRX0006845,PED003617,03/03/2026,CLI00555,Jogo de Panelas,casa,"395,87",1,Porto Alegre/RS/Brasil,Pix,Entregue
TRX0006530,PED003452,2026-02-01,CLI00643,Livro Dados em Acao,Livros,"R$ 87,58",1,Sao Paulo/SP/Brasil,Cartao de Credito,Entregue
,PED003617,2026-03-03,CLI00555,Livro Historia do Brasil,Livros,"1,2,3",1,Porto Alegre/RS/Brasil,Pix,Entregue
TRX0006847,PED003618,2026-03-22,CLI00298,Headset Gamer,Acessorios,274.96,1,Campinas/SP/Brasil,Pix,Entregue
TRX0006848,PED003619,2026-03-12,CLI00305,Cafeteira Eletrica,Casa,"R$ 296,51",2,Campinas/SP/Brasil,Pix,Entregue
TRX0006849,PED003619,12-03-2026,CLI00305,Liquidificador Potente,Casa,"R$ 213,48",3,Campinas/SP/Brasil,Pix,Entregue
TRX0006850,PED003619,12-03-2026,CLI00305,Camisa Social Slim,Moda,157.43,1,Campinas/SP/Brasil,Pix,Entregue
TRX0006851,PED003620,12-03-2026,CLI00643,Liquidificador Potente,Casa,216.01,2,Sao Paulo/SP/Brasil,Cartao de Debito,Entregue
TRX0006852,PED003620,2026-03-12,CLI00643,Carregador Turbo,Acessorios,"R$ 102,48",1,Sao Paulo/SP/Brasil,Cartao de Debito,entregue
TRX0006853,PED003620,2026-03-12,CLI00643,Notebook Ultrafino,Eletronicos,3517.62,1,Sao Paulo/SP/Brasil,Cartao de Debito,Entregue
TRX0006854,PED003621,2026-03-22,CLI00619,Headset Gamer,Acessorios,"273,94",1,Brasilia/DF/Brasil,Cartao de Credito,Entregue
TRX0006855,PED003621,2026-03-22,CLI00619,Smart TV 50,Eletronicos,"R$ 2.678,03",1,Brasilia/DF/Brasil,Cartao de Credito,ENTREGUE
TRX0006856,PED003621,2026-03-22,CLI00619,Luminaria de Mesa,Casa,"R$ 140,68",2,Brasilia/DF/Brasil,Cartao de Credito,Entregue
TRX0006857,PED003621,2026-03-22,CLI00619,Camiseta Dry Fit,Esporte,"R$ 86,27",1,Brasilia/DF/Brasil,Cartao de Credito,Entregue
TRX0006858,PED003622,04/03/2026,CLI00145,Smartphone X200,Eletronicos,2211.05,1,Santos/SP/Brasil,Pix,Entregue
TRX0006859,PED003622,04/03/2026,CLI00145,Capa para Smartphone,Acessorios,"R$ 53,21",2,Santos/SP/Brasil,Pix,Entregue
TRX0006860,PED003623,2026-03-22,CLI00177,Tapete de Yoga,Esporte,"R$ 152,28",1,Florianopolis/SC/Brasil,Pix,Cancelado
TRX0006861,PED003624,2026-03-19,CLI00177,Livro SQL Essencial,Livros,"R$ 79,59",1,Florianopolis/SC/Brasil,Cartao de Credito,ENVIADO
TRX0006862,PED003625,26/03/2026,CLI00498,Livro Historia do Brasil,Livros,"68,87",1,Campinas/SP/Brasil,Cartao de Credito,Entregue
TRX0006863,PED003625,2026-03-26,CLI00498,Halteres 10kg,Esporte,203.19,2,Campinas/SP/Brasil,Cartao de Credito,Entregue
TRX0006864,PED003626,14-03-2026,CLI00283,Mochila para Notebook,Acessorios,"R$ 171,35",1,Sao Paulo/SP/Brasil,Cartao de Credito,Entregue
TRX0006865,PED003626,14/03/2026,CLI00283,Liquidificador Potente,Casa,210.85,1,Sao Paulo/SP/Brasil,Cartao de Credito,Entregue
TRX0006866,PED003626,2026-03-14,CLI00283,Carregador Turbo,Acessorios,"R$ 101,35",1,Sao Paulo/SP/Brasil,Cartao de Credito,Entregue
TRX0006867,PED003627,2026-03-18,CLI00387,Notebook Ultrafino,Eletronicos,"3.346,87",4,Goiania/GO/Brasil,Cartao de Credito,Entregue
TRX0006868,PED003627,2026-03-18,CLI00387,Jogo de Panelas,CASA,403.96,4,Goiania/GO/Brasil,Cartao de Credito,Entregue
TRX0006869,PED003627,18-03-2026,,Hub USB-C,Acessorios,125.03,1,Goiania/GO/Brasil,Cartao de Credito,Entregue
TRX0004211,PED002247,2025-08-01,CLI00063,Carregador Turbo,Acessorios,97.76,1,Rio de Janeiro/RJ/Brasil,Pix,Entregue
TRX0006870,PED003627,18/03/2026,CLI00387,Halteres 10kg,Esporte,191.48,2,Goiania/GO/Brasil,Cartao de Credito,Entregue
TRX0006871,PED003628,2026-03-12,CLI00278,Halteres 10kg,ESPORTE,"R$ 203,80",1,Rio de Janeiro/RJ/Brasil,Cartao de Credito,Entregue
TRX0006872,PED003628,2026-03-12,CLI00278,Jogo de Panelas,Casa,"R$ 383,15",1,Rio de Janeiro/RJ/Brasil,Cartao de Credito,Entregue
TRX0006873,PED003629,06/03/2026,CLI00503,Mochila para Notebook,Acessorios,183.47,1,Sao Paulo/SP/Brasil,Cartao de Credito,enviado
TRX0006874,PED003629,2026-03-06,CLI00503,Cafeteira Eletrica,Casa,297.95,1,Sao Paulo/SP/Brasil,Cartao de Credito,Enviado
TRX0006875,PED003630,18/03/2026,CLI00049,Carregador Turbo,Acessorios,98.78,1,Campinas/SP/Brasil,Cartao de Debito,Enviado
TRX0006876,PED003630,18/03/2026,CLI00049,Livro Dados em Acao,Livros,"93,09",1,Campinas/SP/Brasil,Cartao de Debito,Enviado
TRX0006877,PED003630,2026-03-18,CLI00049,Monitor 27,ELETRONICOS,1235.61,1,Campinas/SP/Brasil,Cartao de Debito,enviado
TRX0006878,PED003631,2026-03-19,CLI00148,Luminaria de Mesa,Casa,"R$ 138,49",1,Fortaleza/CE/Brasil,Cartao de Debito,Entregue
TRX0006879,PED003631,19/03/2026,CLI00148,Aspirador Robo,Casa,"R$ 1.668,98",2,Fortaleza/CE/Brasil,Cartao de Debito,Entregue
TRX0006880,PED003632,2026-03-03,CLI00488,Jogo de Panelas,CASA,"386,99",1,Curitiba/PR/Brasil,Cartao de Credito,Entregue
TRX0006881,PED003632,03/03/2026,CLI00488,Livro Historia do Brasil,Livros,66.48,1,Curitiba/PR/Brasil,Cartao de Credito,Entregue
TRX0006882,PED003632,2026-03-03,CLI00488,Smartphone X200,Eletronicos,2255.51,3,Curitiba/PR/Brasil,Cartao de Credito,Entregue
TRX0006883,PED003633,03-03-2026,CLI00002,Tenis Corrida Leve,Esporte,"346,04",2,Florianopolis/SC/Brasil,Cartao de Debito,Entregue
TRX0006884,PED003634,2026-03-07,CLI00301,Aspirador Robo,Casa,1572.81,1,Sao Paulo/SP/Brasil,Cartao de Credito,Enviado
TRX0006885,PED003635,2026-03-24,CLI00417,Liquidificador Potente,Casa,"R$ 224,72",1,Sao Paulo/SP/Brasil,Cartao de Debito,ENTREGUE
TRX0002118,PED001110,2025-01-11,CLI00117,Camiseta Dry Fit,Esporte,"85,97",2,Curitiba/PR/Brasil,Cartao de Credito,Entregue
TRX0006886,PED003636,2026-03-12,CLI00652,Jaqueta Corta Vento,moda,"R$ 263,64",1,Fortaleza/CE/Brasil,Cartao de Debito,ENTREGUE
TRX0006887,PED003636,2026-03-12,CLI00652,Tablet 10,Eletronicos,1388.25,2,Fortaleza/CE/Brasil,Cartao de Debito,Entregue
TRX0006888,PED003636,2026-03-12,CLI00652,Notebook Ultrafino,Eletrônicos,3328.92,1,Fortaleza/CE/Brasil,Cartao de Debito,Entregue
TRX0006889,PED003637,,CLI00385,Aspirador Robo,Casa,"1.613,40",1,Belo Horizonte/MG/Brasil,Cartao de Credito,Entregue
TRX0006890,PED003638,2026-03-29,CLI00145,Notebook Gamer,Eletronicos,"R$ 4.966,62",1,Santos/SP/Brasil,Cartao de Credito,Entregue
TRX0006891,PED003639,2026-03-06,CLI00036,Teclado Mecanico,Acessorios,"R$ 372,64",1,Uberlandia/MG/Brasil,Pix,Entregue
TRX0006892,PED003639,06-03-2026,CLI00036,Vestido Midi,Moda,208.44,1,Uberlandia/MG/Brasil,Pix,entregue
TRX0006893,PED003640,2026-03-30,CLI00121,Smart TV 50,Eletronicos,"R$ 2.465,10",1,Uberlandia/MG/Brasil,Cartao de Debito,Entregue
TRX0006894,PED003640,2026-03-30,CLI00121,Tenis Corrida Leve,Esporte,354.67,2,Uberlandia/MG/Brasil,Cartao de Debito,Entregue
TRX0006895,PED003641,2026-03-28,CLI00143,Livro Historia do Brasil,Livros,"R$ 71,36",1,Porto Alegre/RS/Brasil,Pix,Entregue
TRX0006896,PED003641,28-03-2026,CLI00143,Monitor 27,Eletronicos,"R$ 1.102,28",2,Porto Alegre/RS/Brasil,Pix,Entregue
TRX0006897,PED003642,16-03-2026,CLI00137,Tapete de Yoga,Esporte,"159,15",1,Brasilia/DF/Brasil,Cartao de Debito,Entregue
TRX0006898,PED003642,16/03/2026,CLI00137,Teclado Mecanico,Acessorios,341.95,1,Brasilia/DF/Brasil,Cartao de Debito,Entregue
TRX0006899,PED003642,16/03/2026,CLI00137,Halteres 10kg,Esporte,"180,67",1,Brasilia/DF/Brasil,Cartao de Debito,Entregue
TRX0006900,PED003643,2026-03-26,CLI00093,Teclado Mecanico,Acessorios,"R$ 362,96",1,Santos/SP/Brasil,Cartao de Debito,entregue
TRX0006901,PED003643,2026-03-26,CLI00093,Notebook Gamer,Eletronicos,"R$ 4.973,86",2,Santos/SP/Brasil,Cartao de Debito,Entregue
TRX0006902,PED003643,2026-03-26,CLI00093,Jogo de Panelas,Casa,429.58,3,Santos/SP/Brasil,Cartao de Debito,Entregue
TRX0006903,PED003643,26-03-2026,CLI00093,Vestido Midi,Moda,"225,08",1,Santos/SP/Brasil,Cartao de Debito,Entregue
TRX0006904,PED003644,09-03-2026,CLI00171,Garrafa Termica,Esporte,"120,27",1,Brasilia/DF/Brasil,Cartao de Credito,Entregue
TRX0006905,PED003644,2026-03-09,CLI00171,Capa para Smartphone,ACESSORIOS,"R$ 53,78",1,Brasilia/DF/Brasil,Cartao de Credito,Entregue
TRX0006906,PED003645,07/03/2026,CLI00375,Mouse Sem Fio,Acessorios,88.90,4,Belo Horizonte/MG/Brasil,Pix,Entregue
TRX0006907,PED003646,2026-03-30,CLI00118,Livro Dados em Acao,Livros,"R$ 87,34",2,Curitiba/PR/Brasil,Pix,Entregue
TRX0006908,PED003647,2026-03-18,CLI00142,Liquidificador Potente,Casa,"R$ 210,17",1,Belo Horizonte/MG/Brasil,Boleto,Entregue
TRX0006909,PED003648,2026-03-05,CLI00049,Luminaria de Mesa,Casa,"R$ 134,74",1,Campinas/SP/Brasil,Pix,Entregue
TRX0006910,PED003648,05/03/2026,CLI00049,Livro Dados em Acao,Livros,817.04,2,Campinas/SP/Brasil,Pix,ENTREGUE
TRX0006911,PED003649,2026-03-17,CLI00354,Tenis Corrida Leve,Esporte,"R$ 328,77",1,Sao Paulo/SP/Brasil,Pix,Entregue
TRX0006912,PED003650,10-03-2026,CLI00357,Livro SQL Essencial,Livros,"81,15",1,Santos/SP/Brasil,Cartao de Credito,Enviado
TRX0006913,PED003651,,CLI00537,Teclado Mecanico,Acessorios,"368,25",1,Uberlandia/MG/Brasil,Cartao de Credito,Entregue
TRX0006914,PED003651,2026-03-16,CLI00537,Hub USB-C,Acessorios,"R$ 133,22",1,Uberlandia/MG/Brasil,Cartao de Credito,Entregue
TRX0006915,PED003652,2026-03-24,CLI00228,Livro SQL Essencial,Livros,84.35,1,Rio de Janeiro/RJ/Brasil,Cartao de Debito,Entregue
TRX0006916,PED003652,2026-03-24,CLI00228,Liquidificador Potente,CASA,"231,83",2,Rio de Janeiro/RJ/Brasil,Cartao de Debito,Entregue
TRX0006917,PED003652,2026-03-24,CLI00228,Luminaria de Mesa,Casa,"R$ 142,60",1,Rio de Janeiro/RJ/Brasil,Cartao de Debito,entregue
TRX0006918,PED003652,2026-03-24,CLI00228,Jogo de Panelas,Casa,"R$ 422,04",3,Rio de Janeiro/RJ/Brasil,Cartao de Debito,Entregue
TRX0006919,PED003653,2026-03-02,CLI00423,Tapete de Yoga,Esporte,"150,39",1,Recife/PE/Brasil,Cartao de Credito,Entregue
TRX0006920,PED003654,31/02/2025,CLI00537,Headset Gamer,Acessorios,263.46,1,Uberlandia/MG/Brasil,Pix,Enviado
TRX0006921,PED003654,2026-03-11,CLI00537,Carregador Turbo,Acessorios,"102,62",1,Uberlandia/MG/Brasil,Pix,Enviado
TRX0006922,PED003655,16-03-2026,CLI00627,Camiseta Dry Fit,Esporte,"R$ 76,45",2,Sao Paulo/SP/Brasil,Cartao de Credito,Entregue
TRX0006923,PED003655,16/03/2026,CLI00627,Headset Gamer,Acessorios,259.53,2,Sao Paulo/SP/Brasil,Cartao de Credito,Entregue
TRX0006924,PED003655,16/03/2026,CLI00627,Monitor 27,Eletronicos,1103.41,1,Sao Paulo/SP/Brasil,Cartao de Credito,Entregue
TRX0006925,PED003656,22/03/2026,CLI00382,Tenis Corrida Leve,Esporte,"R$ 313,01",1,Curitiba/PR/Brasil,Boleto,Cancelado
TRX0006926,PED003656,2026-03-22,CLI00382,Notebook Ultrafino,Eletronicos,41560.14,1,Curitiba/PR/Brasil,Boleto,Cancelado
TRX0006927,PED003657,2026-03-10,CLI00476,Teclado Mecanico,Acessórios,343.40,1,Campinas/SP/Brasil,Pix,Entregue
TRX0006928,PED003657,2026-03-10,CLI00476,Tablet 10,Eletronicos,1285.80,1,Campinas/SP/Brasil,Pix,Entregue
TRX0006929,PED003657,10/03/2026,CLI00476,Smartphone X200,Eletronicos,"R$ 2.198,75",2,Campinas/SP/Brasil,Pix,Entregue
TRX0006930,PED003658,03/03/2026,CLI00219,Tapete de Yoga,Esporte,"143,78",1,Sao Paulo/SP/Brasil,Pix,Entregue
TRX0006931,PED003658,03/03/2026,CLI00219,Cafeteira Eletrica,Casa,"293,64",1,Sao Paulo/SP/Brasil,Pix,ENTREGUE
TRX0006932,PED003659,03-03-2026,CLI00007,Smart TV 50,Eletronicos,2739.68,4,Sao Paulo/SP/Brasil,Cartao de Credito,Entregue
TRX0006933,PED003660,2026-03-18,CLI00062,Tablet 10,Eletronicos,1295.18,1,Curitiba/PR/Brasil,Cartao de Debito,Cancelado
TRX0006934,PED003660,18/03/2026,CLI00062,Jaqueta Corta Vento,Moda,"R$ 286,01",2,Curitiba/PR/Brasil,Cartao de Debito,Cancelado
TRX0006935,PED003660,18/03/2026,CLI00062,Headset Gamer,Acessórios,251.34,1,Curitiba/PR/Brasil,Cartao de Debito,Cancelado
TRX0006936,PED003660,2026-03-18,CLI00062,Tapete de Yoga,Esporte,144.85,1,Curitiba/PR/Brasil,Cartao de Debito,Cancelado
TRX0006937,PED003661,2026-03-02,CLI00171,Livro Historia do Brasil,Livros,"68,69",1,Brasilia/DF/Brasil,Pix,Entregue
TRX0006938,PED003661,2026-03-02,CLI00171,Jogo de Panelas,Casa,"417,61",1,Brasilia/DF/Brasil,Pix,Entregue
TRX0006939,PED003661,2026-03-02,CLI00171,Aspirador Robo,Casa,"1.706,08",1,Brasilia/DF/Brasil,Pix,Entregue
TRX0006940,PED003661,02/03/2026,CLI00171,Garrafa Termica,Esporte,"118,19",1,Brasilia/DF/Brasil,Pix,Entregue
TRX0006941,PED003662,2026-03-07,CLI00385,Smartphone X200,Eletronicos,"R$ 2.096,40",1,Belo Horizonte/MG/Brasil,Boleto,Entregue
TRX0006942,PED003663,2026-03-15,CLI00301,Garrafa Termica,Esporte,123.89,1,Sao Paulo/SP/Brasil,Pix,Entregue
TRX0006943,PED003664,10/03/2026,CLI00605,Vestido Midi,Moda,"R$ 208,11",1,Belo Horizonte/MG/Brasil,Pix,Entregue
TRX0006944,PED003664,2026-03-10,CLI00605,Hub USB-C,Acessorios,126.77,1,Belo Horizonte/MG/Brasil,Pix,Entregue
TRX0006945,PED003664,2026-03-10,CLI00605,Calca Jeans Reta,Moda,202.84,1,Belo Horizonte/MG/Brasil,Pix,ENTREGUE
TRX0006946,PED003665,30/03/2026,CLI00498,Notebook Ultrafino,Eletronicos,"3.286,05",2,Campinas/SP/Brasil,Cartao de Debito,entregue
TRX0006947,PED003665,30-03-2026,CLI00498,Aspirador Robo,Casa,"1.635,98",1,Campinas/SP/Brasil,Cartao de Debito,Entregue
TRX0006948,PED003666,07/03/2026,CLI00145,Tenis Corrida Leve,Esporte,345.14,1,Santos/SP/Brasil,Pix,Entregue
TRX0006949,PED003666,07/03/2026,CLI00145,Garrafa Termica,Esporte,"127,42",1,Santos/SP/Brasil,Pix,Entregue
TRX0006950,PED003666,2026-03-07,CLI00145,Notebook Gamer,Eletronicos,"5.009,72",1,Santos/SP/Brasil,Pix,Entregue
TRX0006951,PED003666,2026-03-07,CLI00145,Livro Dados em Acao,Livros,"89,18",2,Santos/SP/Brasil,Pix,Entregue
TRX0006952,PED003667,2026-03-05,CLI00131,Livro SQL Essencial,Livros,"R$ 75,88",1,Sao Paulo/SP/Brasil,Cartao de Credito,Devolvido
TRX0006953,PED003668,2026-03-09,CLI00048,Camisa Social Slim,MODA,"R$ 156,58",1,Salvador/BA/Brasil,Pix,Entregue
TRX0006954,PED003668,09/03/2026,CLI00048,Jogo de Panelas,Casa,426.54,1,Salvador/BA/Brasil,Pix,Entregue
TRX0006955,PED003669,2026-03-14,CLI00283,Luminaria de Mesa,Casa,147.55,1,Sao Paulo/SP/Brasil,Pix,Cancelado
TRX0005959,PED003157,2025-12-27,CLI00564,Cafeteira Eletrica,Casa,"289,15",1,Belo Horizonte/MG/Brasil,Cartao de Credito,devolvido
TRX0006956,PED003670,02/03/2026,CLI00643,Teclado Mecanico,Acessorios,373.86,1,Sao Paulo/SP/Brasil,Boleto,Entregue
TRX0006957,PED003671,2026-03-04,CLI00472,Hub USB-C,Acessorios,"R$ 122,86",1,Recife/PE/Brasil,Boleto,Entregue
TRX0006958,PED003672,2026-03-14,CLI00636,Garrafa Termica,Esporte,113.55,1,Sao Paulo/SP/Brasil,Cartao de Credito,Entregue
TRX0006959,PED003673,18/03/2026,CLI00093,Camiseta Dry Fit,Esporte,"R$ 83,39",1,Santos/SP/Brasil,Cartao de Credito,Entregue
TRX0006960,PED003673,18/03/2026,CLI00093,Camisa Social Slim,Moda,"R$ 166,34",2,Santos/SP/Brasil,Cartao de Credito,Entregue
TRX0006961,PED003673,2026-03-18,CLI00093,Smart TV 50,Eletronicos,2552.20,1,Santos/SP/Brasil,Cartao de Credito,Entregue
,PED003674,2026-03-05,CLI00110,Mochila para Notebook,Acessórios,"R$ 178,42",1,Uberlandia/MG/Brasil,Cartao de Credito,Entregue
TRX0006963,PED003674,2026-03-05,CLI00110,Notebook Gamer,Eletronicos,"R$ 5.263,25",1,Uberlandia/MG/Brasil,Cartao de Credito,Entregue
TRX0006964,PED003675,2026-03-25,CLI00060,Garrafa Termica,Esporte,"122,78",1,Sao Paulo/SP/Brasil,Pix,Entregue
TRX0006965,PED003676,13/03/2026,CLI00588,Livro Historia do Brasil,Livros,"R$ 74,01",2,Uberlandia/MG/Brasil,Pix,Entregue
TRX0006966,PED003676,2026-03-13,CLI00588,Livro SQL Essencial,Livros,"R$ 84,83",2,Uberlandia/MG/Brasil,Pix,Entregue
TRX0006967,PED003677,2026-03-15,CLI00451,Mochila para Notebook,Acessorios,"R$ 173,47",1,Curitiba/PR/Brasil,Pix,Entregue
TRX0006968,PED003678,2026-03-07,CLI00451,Liquidificador Potente,CASA,"R$ 228,80",2,Curitiba/PR/Brasil,Cartao de Credito,Entregue
TRX0006969,PED003678,07/03/2026,CLI00451,Jaqueta Corta Vento,Moda,"R$ 258,00",3,Curitiba/PR/Brasil,Cartao de Credito,Entregue
TRX0006970,PED003679,2026-03-21,CLI00652,Jaqueta Corta Vento,Moda,"285,24",1,Fortaleza/CE/Brasil,Cartao de Debito,Entregue
TRX0006971,PED003679,21/03/2026,CLI00652,Livro Dados em Acao,Livros,93.97,4,Fortaleza/CE/Brasil,Cartao de Debito,Entregue
TRX0006972,PED003680,26-03-2026,CLI00140,Smart TV 50,Eletronicos,"R$ 2.648,61",2,Rio de Janeiro/RJ/Brasil,Pix,Entregue
TRX0006973,PED003681,2026-03-20,CLI00389,Livro Dados em Acao,Livros,"92,25",3,Sao Paulo/SP/Brasil,Pix,Devolvido
TRX0006974,PED003681,20/03/2026,CLI00389,Garrafa Termica,Esporte,"R$ 115,16",1,Sao Paulo/SP/Brasil,Pix,Devolvido
TRX0006975,PED003681,sem data,CLI00389,Camisa Social Slim,Moda,"159,94",2,Sao Paulo/SP/Brasil,Pix,Devolvido
TRX0006976,PED003682,11-03-2026,CLI00542,Camiseta Dry Fit,Esporte,"R$ 83,25",2,Curitiba/PR/Brasil,Cartao de Debito,Devolvido
TRX0006977,PED003683,16/03/2026,CLI00062,Halteres 10kg,Esporte,"R$ 200,51",3,Curitiba/PR/Brasil,Cartao de Credito,Entregue
TRX0006978,PED003684,2026-04-28,CLI00049,Mochila para Notebook,Acessorios,175.93,1,Campinas/SP/Brasil,Cartao de Debito,Entregue
TRX0006979,PED003684,28/04/2026,CLI00049,Livro SQL Essencial,Livros,75.67,1,Campinas/SP/Brasil,Cartao de Debito,Entregue
TRX0006980,PED003685,15/04/2026,CLI00222,Halteres 10kg,Esporte,190.10,1,Belo Horizonte/MG/Brasil,Cartao de Credito,Em analise
TRX0006981,PED003686,19/04/2026,CLI00265,Jogo de Panelas,Casa,"R$ 403,89",1,Campinas/SP/Brasil,Pix,Entregue
TRX0006982,PED003687,18-04-2026,CLI00385,Livro Historia do Brasil,Livros,70.38,1,Belo Horizonte/MG/Brasil,Cartao de Credito,Entregue
TRX0006983,PED003687,2026-04-18,CLI00385,Luminaria de Mesa,Casa,"141,31",1,Belo Horizonte/MG/Brasil,Cartao de Credito,Entregue
TRX0006984,PED003688,2026-04-21,CLI00582,Liquidificador Potente,Casa,221.69,1,Belo Horizonte/MG/Brasil,Pix,Entregue
TRX0006985,PED003688,2026-04-21,CLI00582,Camisa Social Slim,Moda,165.25,2,Belo Horizonte/MG/Brasil,Pix,Entregue
TRX0006986,PED003688,21/04/2026,CLI00582,Capa para Smartphone,Acessorios,49.59,1,Belo Horizonte/MG/Brasil,Pix,Entregue
TRX0006987,PED003689,25/04/2026,CLI00343,Jogo de Panelas,Casa,"R$ 427,53",1,Salvador/BA/Brasil,Cartao de Credito,Entregue
TRX0006988,PED003690,30/04/2026,CLI00582,Liquidificador Potente,Casa,"R$ 230,00",2,Belo Horizonte/MG/Brasil,Cartao de Credito,Entregue
TRX0006989,PED003691,2026-04-04,CLI00030,Headset Gamer,Acessorios,"261,13",1,Sao Paulo/SP/Brasil,Pix,entregue
TRX0006990,PED003692,2026-04-21,CLI00403,Camisa Social Slim,Moda,165.83,1,Rio de Janeiro/RJ/Brasil,Pix,Devolvido
TRX0006991,PED003692,21/04/2026,CLI00403,Tapete de Yoga,Esporte,"R$ 152,18",1,Rio de Janeiro/RJ/Brasil,Pix,Devolvido
TRX0006992,PED003692,2026-04-21,CLI00403,Aspirador Robo,Casa,1629.93,3,Rio de Janeiro/RJ/Brasil,Pix,Devolvido
TRX0006993,PED003693,2026-04-24,CLI00191,Calca Jeans Reta,Moda,181.24,1,Sao Paulo/SP/Brasil,Pix,Entregue
TRX0006994,PED003693,24/04/2026,CLI00191,Tenis Corrida Leve,Esporte,"R$ 333,98",1,Sao Paulo/SP/Brasil,Pix,Entregue
TRX0006995,PED003694,2026-04-27,CLI00652,Vestido Midi,Moda,"232,27",1,Fortaleza/CE/Brasil,Cartao de Credito,Extraviado
TRX0006996,PED003694,27/04/2026,CLI00652,Jogo de Panelas,Casa,399.46,1,Fortaleza/CE/Brasil,Cartao de Credito,Entregue
TRX0006997,PED003694,2026-04-27,CLI00652,Livro Dados em Acao,livros,90.52,1,Fortaleza/CE/Brasil,Cartao de Credito,Entregue
TRX0006998,PED003694,27-04-2026,CLI00652,Halteres 10kg,Esporte,190.58,1,Fortaleza/CE/Brasil,Cartao de Credito,Entregue
TRX0006999,PED003695,07/04/2026,CLI00243,Camisa Social Slim,Moda,168.25,4,Rio de Janeiro/RJ/Brasil,Cartao de Credito,Entregue
TRX0007000,PED003695,07/04/2026,CLI00243,Liquidificador Potente,Casa,208.08,2,Rio de Janeiro/RJ/Brasil,Cartao de Credito,entregue
TRX0007001,PED003696,10-04-2026,CLI00361,Tablet 10,Eletronicos,"R$ 1.233,90",1,Santos/SP/Brasil,Cartao de Debito,Entregue
TRX0007002,PED003697,21-04-2026,CLI00222,Monitor 27,Eletronicos,"1.205,32",1,Belo Horizonte/MG/Brasil,Pix,Entregue
TRX0007003,PED003697,21-04-2026,CLI00222,Mouse Sem Fio,Acessorios,"R$ 87,92",1,Belo Horizonte/MG/Brasil,Pix,Entregue
TRX0007004,PED003698,2026-04-01,CLI00482,Aspirador Robo,Casa,"R$ 1.644,75",1,Fortaleza/CE/Brasil,Pix,Entregue
TRX0007005,PED003698,2026-04-01,CLI00482,Vestido Midi,Moda,210.09,1,Fortaleza/CE/Brasil,Pix,Entregue
TRX0007006,PED003698,2026-04-01,CLI00482,Smartphone X200,Eletronicos,"R$ 2.285,69",1,Fortaleza/CE/Brasil,Pix,Entregue
TRX0007007,PED003699,2026-04-16,CLI00467,Camisa Social Slim,Moda,162.54,1,Campinas/SP/Brasil,Cartao de Credito,Entregue
TRX0007008,PED003699,2026-04-16,CLI00467,Capa para Smartphone,Acessórios,"R$ 52,06",1,Campinas/SP/Brasil,Cartao de Credito,Entregue
TRX0007009,PED003699,2026-04-16,CLI00467,Calca Jeans Reta,Moda,"202,16",1,Campinas/SP/Brasil,Cartao de Credito,Entregue
TRX0007010,PED003700,2026-04-30,CLI00160,Luminaria de Mesa,Casa,138.52,1,Brasilia/DF/Brasil,Cartao de Credito,Entregue
TRX0007011,PED003700,30-04-2026,CLI00160,Mochila para Notebook,Acessorios,"R$ 181,75",1,Brasilia/DF/Brasil,Cartao de Credito,Entregue
TRX0007012,PED003701,21/04/2026,CLI00160,Capa para Smartphone,Acessorios,53.60,4,Brasilia/DF/Brasil,Boleto,ENTREGUE
TRX0007013,PED003701,21-04-2026,CLI00160,,Eletronicos,"5.201,93",2,Brasilia/DF/Brasil,Boleto,Entregue
TRX0007014,PED003702,2026-04-04,CLI00568,Monitor 27,Eletronicos,"R$ 1.125,73",1,Sao Paulo/SP/Brasil,Cartao de Credito,entregue
TRX0007015,PED003702,04/04/2026,CLI00568,Camiseta Dry Fit,Esporte,"R$ 85,71",1,Sao Paulo/SP/Brasil,Cartao de Credito,Entregue
TRX0007016,PED003703,10/04/2026,CLI00389,Hub USB-C,Acessorios,131.68,1,Sao Paulo/SP/Brasil,Cartao de Credito,Entregue
TRX0007017,PED003704,2026-04-22,CLI00384,Mouse Sem Fio,acessorios,"R$ 91,19",1,Niteroi/RJ/Brasil,Pix,Entregue
TRX0007018,PED003704,2026-04-22,CLI00384,Garrafa Termica,esporte,"117,95",2,Niteroi/RJ/Brasil,Pix,Entregue
TRX0007019,PED003704,2026-04-22,CLI00384,Teclado Mecanico,Acessorios,375.27,1,Niteroi/RJ/Brasil,Pix,Entregue
TRX0007020,PED003705,2026-04-29,CLI00128,Calca Jeans Reta,Moda,"199,89",1,Belo Horizonte/MG/Brasil,Cartao de Credito,ENTREGUE
TRX0007021,PED003705,2026-04-29,CLI00128,Liquidificador Potente,Casa,"R$ 226,14",1,Belo Horizonte/MG/Brasil,Cartao de Credito,Entregue
TRX0007022,PED003706,07-04-2026,CLI00692,Notebook Gamer,Eletronicos,"4.962,30",1,Florianopolis/SC/Brasil,Cartao de Credito,Entregue
TRX0007023,PED003706,2026-04-07,CLI00692,Headset Gamer,Acessorios,"269,41",1,Florianopolis/SC/Brasil,Cartao de Credito,Entregue
TRX0007024,PED003707,2026-04-21,CLI00190,Cafeteira Eletrica,CASA,"R$ 274,57",1,Belo Horizonte/MG/Brasil,Pix,Entregue
TRX0007025,PED003708,22-04-2026,CLI00026,Capa para Smartphone,Acessórios,51.22,1,Brasilia/DF/Brasil,Cartao de Debito,Entregue
TRX0007026,PED003709,2026-04-23,CLI00307,Smartphone X200,Eletronicos,"2.227,58",1,Goiania/GO/Brasil,Cartao de Credito,Entregue
TRX0007027,PED003709,23-04-2026,CLI00307,Capa para Smartphone,Acessorios,"R$ 50,66",1,Goiania/GO/Brasil,Cartao de Credito,Entregue
TRX0007028,PED003709,23/04/2026,CLI00307,Carregador Turbo,Acessorios,"R$ 103,67",1,Goiania/GO/Brasil,Cartao de Credito,Entregue
TRX0007029,PED003710,12/04/2026,CLI00576,Mouse Sem Fio,Acessorios,"R$ 90,84",1,Curitiba/PR/Brasil,Pix,Entregue
TRX0007030,PED003710,2026-04-12,CLI00576,Tenis Corrida Leve,Esporte,"329,78",1,Curitiba/PR/Brasil,Pix,Entregue
TRX0007031,PED003711,,CLI00547,Mouse Sem Fio,acessorios,"95,92",1,Sao Paulo/SP/Brasil,Cartao de Credito,Entregue
TRX0007032,PED003712,2026-04-12,CLI00160,Livro Historia do Brasil,Livros,69.48,2,Brasilia/DF/Brasil,Cartao de Credito,Entregue
TRX0007033,PED003713,03/04/2026,CLI00043,,Acessorios,"R$ 86,25",1,Rio de Janeiro/RJ/Brasil,Pix,Entregue
TRX0007034,PED003713,03-04-2026,CLI00043,Teclado Mecanico,Acessorios,"343,98",1,Rio de Janeiro/RJ/Brasil,Pix,Entregue
TRX0007035,PED003714,2026-04-21,CLI00177,Calca Jeans Reta,Moda,202.19,1,Florianopolis/SC/Brasil,Cartao de Credito,Entregue
TRX0007036,PED003714,2026-04-21,CLI00177,Headset Gamer,Acessorios,"R$ 253,53",1,Florianopolis/SC/Brasil,Cartao de Credito,Entregue
TRX0007037,PED003715,2026-04-29,CLI00547,Livro SQL Essencial,LIVROS,84.66,4,Sao Paulo/SP/Brasil,Cartao de Credito,Entregue
TRX0007038,PED003716,2026-04-18,CLI00639,Mouse Sem Fio,Acessorios,"94,79",2,Uberlandia/MG/Brasil,Boleto,Entregue
TRX0007039,PED003717,2026-04-20,CLI00568,Aspirador Robo,Casa,1632.66,2,Sao Paulo/SP/Brasil,Pix,Entregue
TRX0007040,PED003718,2026-04-19,CLI00684,Livro SQL Essencial,Livros,"R$ 84,13",1,Sao Paulo/SP/Brasil,Cartao de Credito,Entregue
TRX0007041,PED003719,20/04/2026,CLI00571,Smartphone X200,Eletronicos,"2.281,08",1,Sao Paulo/SP/Brasil,Cartao de Credito,Entregue
TRX0007042,PED003719,20/04/2026,CLI00571,Capa para Smartphone,Acessorios,"48,96",1,Sao Paulo/SP/Brasil,Cartao de Credito,Entregue
TRX0007043,PED003719,2026-04-20,CLI00571,Carregador Turbo,Acessorios,"R$ 94,94",1,Sao Paulo/SP/Brasil,Cartao de Credito,Entregue
TRX0007044,PED003720,2026-04-11,CLI00307,Tapete de Yoga,Esporte,"142,36",1,Goiania/GO/Brasil,Boleto,Enviado
TRX0007045,PED003720,2026-04-11,CLI00307,,esporte,"189,13",2,Goiania/GO/Brasil,Boleto,Enviado
TRX0007046,PED003721,2026-04-10,CLI00605,Mochila para Notebook,Acessorios,"182,04",1,Belo Horizonte/MG/Brasil,Cartao de Credito,Entregue
TRX0007047,PED003722,2026-04-11,CLI00305,Vestido Midi,Moda,"R$ 213,32",1,Campinas/SP/Brasil,Cartao de Credito,Entregue
TRX0007048,PED003723,2026-04-10,CLI00480,Jaqueta Corta Vento,Moda,"R$ 272,31",2,Porto Alegre/RS/Brasil,Pix,Entregue
TRX0007049,PED003724,18/04/2026,CLI00588,Aspirador Robo,Casa,1564.77,1,Uberlandia/MG/Brasil,Cartao de Credito,Processando
TRX0007050,PED003725,2026-04-09,CLI00305,Halteres 10kg,Esporte,191.63,1,Campinas/SP/Brasil,Pix,Entregue
TRX0007051,PED003726,15/04/2026,CLI00684,Monitor 27,Eletronicos,"R$ 1.116,16",1,Sao Paulo/SP/Brasil,Cartao de Credito,Enviado
TRX0007052,PED003726,2026-04-15,CLI00684,Jaqueta Corta Vento,Moda,"R$ 273,72",1,Sao Paulo/SP/Brasil,Cartao de Credito,Enviado
TRX0007053,PED003726,15/04/2026,CLI00684,Halteres 10kg,Esporte,201.72,1,Sao Paulo/SP/Brasil,Cartao de Credito,Enviado
TRX0007054,PED003727,2026-04-03,CLI00349,Luminaria de Mesa,Casa,"R$ 142,95",1,Fortaleza/CE/Brasil,Cartao de Credito,Cancelado
TRX0007055,PED003728,2026-04-10,CLI00568,Headset Gamer,Acessorios,271.42,2,Sao Paulo/SP/Brasil,Cartao de Credito,Entregue
TRX0007056,PED003729,2026-04-05,CLI00645,Livro Historia do Brasil,Livros,"R$ 68,70",1,Sao Paulo/SP/Brasil,Cartao de Credito,Entregue
TRX0007057,PED003730,12/04/2026,CLI00054,Halteres 10kg,Esporte,"201,21",1,Belo Horizonte/MG/Brasil,Pix,Entregue
TRX0007058,PED003730,12/04/2026,CLI00054,Jogo de Panelas,Casa,"R$ 406,78",1,Belo Horizonte/MG/Brasil,Pix,Extraviado
TRX0007059,PED003730,2026-04-12,CLI00054,Camisa Social Slim,Moda,"R$ 166,24",1,Belo Horizonte/MG/Brasil,Pix,ENTREGUE
TRX0007060,PED003730,2026-04-12,CLI00054,Mouse Sem Fio,Acessorios,"94,70",1,Belo Horizonte/MG/Brasil,Pix,Entregue
TRX0007061,PED003731,2026-04-26,CLI00014,Notebook Ultrafino,Eletronicos,3712.98,1,Curitiba/PR/Brasil,Pix,Entregue
TRX0007062,PED003732,2026-04-12,CLI00551,Notebook Ultrafino,Eletronicos,3597.79,1,Belo Horizonte/MG/Brasil,Cartao de Debito,Entregue
TRX0007063,PED003732,12/04/2026,CLI00551,Mouse Sem Fio,Acessorios,"91,07",1,Belo Horizonte/MG/Brasil,Cartao de Debito,Entregue
TRX0007064,PED003732,2026-04-12,CLI00551,Hub USB-C,Acessorios,134.84,1,Belo Horizonte/MG/Brasil,Cartao de Debito,Entregue
TRX0007065,PED003733,20/04/2026,CLI00473,Camisa Social Slim,moda,"R$ 153,82",0,Campinas/SP/Brasil,Cartao de Credito,Entregue
TRX0007066,PED003734,2026-04-22,CLI00548,Vestido Midi,Moda,211.68,1,Florianopolis/SC/Brasil,Cartao de Credito,Entregue
TRX0007067,PED003734,2026-04-22,CLI00548,Camisa Social Slim,Moda,159.76,1,Florianopolis/SC/Brasil,Cartao de Credito,Entregue
TRX0007068,PED003734,2026-04-22,CLI00548,Smartphone X200,Eletronicos,"2.267,61",1,Florianopolis/SC/Brasil,Cartao de Credito,Entregue
TRX0007069,PED003734,22-04-2026,CLI00548,Mouse Sem Fio,Acessorios,93.15,1,Florianopolis/SC/Brasil,Cartao de Credito,entregue
TRX0007070,PED003735,2026-04-19,CLI00602,Vestido Midi,Moda,216.82,1,Campinas/SP/Brasil,Pix,Entregue
TRX0007071,PED003735,19/04/2026,CLI00602,Luminaria de Mesa,casa,136.02,1,Campinas/SP/Brasil,Pix,Entregue
TRX0007072,PED003736,2026-04-04,CLI00010,Jaqueta Corta Vento,MODA,"R$ 288,59",1,Recife/PE/Brasil,Pix,Entregue
TRX0007073,PED003737,2026-04-23,CLI00385,Livro Historia do Brasil,Livros,"73,58",2,Belo Horizonte/MG/Brasil,Pix,Entregue
TRX0007074,PED003738,2026-04-17,CLI00032,Calca Jeans Reta,Moda,"184,47",1,Santos/SP/Brasil,Cartao de Credito,Entregue
TRX0007075,PED003739,04-04-2026,CLI00222,Tapete de Yoga,Esporte,"147,65",2,Belo Horizonte/MG/Brasil,Cartao de Credito,Entregue
TRX0007076,PED003740,06-04-2026,CLI00383,Liquidificador Potente,Casa,"R$ 222,44",1,Florianopolis/SC/Brasil,Cartao de Credito,Entregue
TRX0007077,PED003741,2026-04-01,CLI00116,Camiseta Dry Fit,Esporte,"76,13",1,Belo Horizonte/MG/Brasil,Boleto,ENTREGUE
TRX0007078,PED003742,16/04/2026,CLI00354,Headset Gamer,Acessorios,"R$ 271,86",1,Sao Paulo/SP/Brasil,Boleto,Entregue
TRX0007079,PED003742,2026-04-16,CLI00354,Carregador Turbo,Acessorios,104.65,4,Sao Paulo/SP/Brasil,Boleto,Entregue
TRX0007080,PED003743,2026-04-19,CLI00034,Mochila para Notebook,Acessorios,185.58,1,Sao Paulo/SP/Brasil,Cartao de Credito,Entregue
TRX0007081,PED003744,2026-04-09,CLI00514,Garrafa Termica,Esporte,113.96,1,Campinas/SP/Brasil,Cartao de Credito,cancelado
TRX0007082,PED003745,29/04/2026,CLI00019,Calca Jeans Reta,Moda,196.14,2,Porto Alegre/RS/Brasil,Boleto,Entregue
TRX0007083,PED003745,29/04/2026,CLI00019,Camiseta Dry Fit,Esporte,"R$ 80,30",1,Porto Alegre/RS/Brasil,Boleto,Entregue
TRX0007084,PED003745,29/04/2026,CLI00019,Vestido Midi,moda,"R$ 212,92",2,Porto Alegre/RS/Brasil,Boleto,Entregue
TRX0007085,PED003746,20/04/2026,CLI00130,,Casa,"231,60",1,Sao Paulo/SP/Brasil,Pix,entregue
TRX0007086,PED003747,11/04/2026,CLI00652,Hub USB-C,Acessorios,"R$ 127,78",1,Fortaleza/CE/Brasil,Cartao de Credito,Entregue
TRX0007087,PED003748,23-04-2026,CLI00160,Vestido Midi,Moda,"R$ 218,53",1,Brasilia/DF/Brasil,Cartao de Credito,Cancelado
TRX0003670,PED001948,2025-07-08,CLI00248,Tapete de Yoga,Esporte,"R$ 141,71",1,Sao Paulo/SP/Brasil,Pix,Entregue
TRX0007088,PED003749,2026-04-15,CLI00582,Carregador Turbo,Acessorios,"R$ 104,70",1,Belo Horizonte/MG/Brasil,Cartao de Credito,Entregue
TRX0007089,PED003750,14/04/2026,CLI00417,Garrafa Termica,esporte,126.10,1,Sao Paulo/SP/Brasil,Cartao de Debito,Entregue
TRX0001186,PED000632,2024-11-27,CLI00361,Aspirador Robo,Casa,"1.597,97",2,Santos/SP/Brasil,Pix,Entregue
TRX0007090,PED003751,03/04/2026,CLI00160,Livro Historia do Brasil,Livros,"69,23",2,Brasilia/DF/Brasil,Cartao de Credito,Entregue
TRX0007091,PED003751,03/04/2026,CLI00160,Tapete de Yoga,Esporte,"R$ 159,18",1,Brasilia/DF/Brasil,Cartao de Credito,Entregue
TRX0007092,PED003752,20/04/2026,CLI00542,Mochila para Notebook,Acessorios,"191,17",1,Curitiba/PR/Brasil,Pix,Entregue
TRX0007093,PED003753,30-04-2026,CLI00534,Garrafa Termica,Esporte,128.14,1,Fortaleza/CE/Brasil,Cartao de Credito,Entregue
TRX0007094,PED003753,30-04-2026,CLI00534,Jaqueta Corta Vento,Moda,"R$ 262,53",1,Fortaleza/CE/Brasil,Cartao de Credito,Entregue
TRX0007095,PED003753,2026-04-30,CLI00534,Notebook Gamer,Eletronicos,4771.97,1,Fortaleza/CE/Brasil,Cartao de Credito,Entregue
TRX0007096,PED003754,2026-04-01,CLI00301,Vestido Midi,moda,215.79,1,Sao Paulo/SP/Brasil,Boleto,Entregue
TRX0007097,PED003755,2026-04-07,CLI00406,Jaqueta Corta Vento,Moda,"R$ 290,17",1,Rio de Janeiro/RJ/Brasil,Boleto,Devolvido
TRX0007098,PED003756,2026-04-16,CLI00514,Teclado Mecanico,Acessorios,"R$ 348,16",1,Campinas/SP/Brasil,Cartao de Credito,Entregue
,PED003756,16-04-2026,CLI00514,Smart TV 50,Eletronicos,"R$ 2.478,35",1,Campinas/SP/Brasil,Cartao de Credito,Entregue
TRX0007100,PED003757,2026-04-20,CLI00144,Mochila para Notebook,Acessorios,"188,67",2,Curitiba/PR/Brasil,Cartao de Debito,Entregue
TRX0007101,PED003757,20-04-2026,CLI00144,Headset Gamer,Acessorios,"R$ 247,72",2,Curitiba/PR/Brasil,Cartao de Debito,Entregue
TRX0007102,PED003758,2026-04-29,CLI00537,Capa para Smartphone,Acessorios,"R$ 52,27",2,Uberlandia/MG/Brasil,Boleto,Entregue
TRX0007103,PED003759,2026-04-20,CLI00291,Mouse Sem Fio,Acessorios,"R$ 90,67",1,Rio de Janeiro/RJ/Brasil,Pix,Entregue
TRX0007104,PED003759,2026-04-20,CLI00291,Monitor 27,Eletronicos,"1.187,83",1,Rio de Janeiro/RJ/Brasil,Pix,Entregue
TRX0007105,PED003760,2026-04-03,CLI00555,Carregador Turbo,Acessorios,98.97,1,Porto Alegre/RS/Brasil,Cartao de Debito,ENTREGUE
TRX0007106,PED003760,2026-04-03,CLI00555,Teclado Mecanico,Acessorios,"352,24",1,Porto Alegre/RS/Brasil,Cartao de Debito,Entregue
TRX0007107,PED003761,09/04/2026,CLI00462,Carregador Turbo,Acessorios,"101,31",1,Goiania/GO/Brasil,Cartao de Credito,Entregue
TRX0007108,PED003762,2026-04-18,CLI00278,Tablet 10,Eletronicos,"R$ 1.242,58",3,Rio de Janeiro/RJ/Brasil,Cartao de Debito,Cancelado
TRX0007109,PED003763,02/04/2026,CLI00409,Tenis Corrida Leve,Esporte,338.13,1,Belo Horizonte/MG/Brasil,Pix,Entregue
TRX0007110,PED003764,06/04/2026,CLI00408,Livro Historia do Brasil,Livros,68.91,1,Sao Paulo/SP/Brasil,Pix,Entregue
TRX0007111,PED003764,2026-04-06,CLI00408,Cafeteira Eletrica,casa,310.84,2,Sao Paulo/SP/Brasil,Pix,Entregue
TRX0007112,PED003764,06/04/2026,CLI00408,Garrafa Termica,Esporte,"114,07",1,Sao Paulo/SP/Brasil,Pix,Entregue
TRX0007113,PED003764,2026-04-06,CLI00408,Jaqueta Corta Vento,Moda,"R$ 275,65",3,Sao Paulo/SP/Brasil,Pix,Entregue
TRX0007114,PED003764,2026-04-06,CLI00408,Headset Gamer,Acessorios,"277,01",1,Sao Paulo/SP/Brasil,Pix,Entregue
TRX0007115,PED003765,22/04/2026,CLI00177,Vestido Midi,Moda,"R$ 218,44",1,Florianopolis/SC/Brasil,Pix,Enviado
TRX0007116,PED003765,22-04-2026,CLI00177,Mochila para Notebook,Acessorios,"R$ 173,11",2,Florianopolis/SC/Brasil,Pix,Enviado
TRX0007117,PED003765,2026-04-22,CLI00177,Capa para Smartphone,Acessorios,48.13,2,Florianopolis/SC/Brasil,Pix,Enviado
TRX0007118,PED003765,2026-04-22,CLI00177,Tapete de Yoga,Esporte,"152,01",-2,Florianopolis/SC/Brasil,Pix,Enviado
TRX0007119,PED003766,2026-04-07,CLI00026,Halteres 10kg,Esporte,184.15,1,Brasilia/DF/Brasil,Cartao de Credito,Enviado
TRX0007120,PED003767,2026-04-19,CLI00542,Livro Dados em Acao,Livros,"95,45",1,Curitiba/PR/Brasil,Cartao de Credito,Entregue
TRX0007121,PED003768,2026-04-16,CLI00265,Camisa Social Slim,Moda,"R$ 169,19",1,Campinas/SP/Brasil,Pix,Entregue
TRX0007122,PED003769,20/04/2026,CLI00305,Monitor 27,Eletrônicos,1201.54,1,Campinas/SP/Brasil,Pix,Entregue
TRX0007123,PED003769,2026-04-20,CLI00305,Livro Dados em Acao,Livros,"R$ 85,68",2,Campinas/SP/Brasil,Pix,Entregue
TRX0007124,PED003769,20/04/2026,CLI00305,Livro SQL Essencial,Livros,84.84,1,Campinas/SP/Brasil,Pix,Entregue
TRX0007125,PED003770,2026-04-04,CLI00451,Halteres 10kg,Esporte,"R$ 186,36",2,Curitiba/PR/Brasil,Cartao de Debito,Entregue
TRX0007126,PED003771,25-04-2026,CLI00477,Jogo de Panelas,Casa,"R$ 415,42",1,Belo Horizonte/MG/Brasil,Pix,Entregue
TRX0007127,PED003771,25/04/2026,CLI00477,Smart TV 50,Eletronicos,"R$ 2.556,87",1,Belo Horizonte/MG/Brasil,Pix,entregue
TRX0007128,PED003771,2026-04-25,CLI00477,Smartphone X200,Eletronicos,"2.215,71",1,Belo Horizonte/MG/Brasil,Pix,Entregue
TRX0007129,PED003772,20-04-2026,CLI00492,Jogo de Panelas,casa,"R$ 424,73",1,Rio de Janeiro/RJ/Brasil,Cartao de Credito,Entregue
TRX0007130,PED003772,2026-04-20,CLI00492,Garrafa Termica,Esporte,"R$ 125,89",1,Rio de Janeiro/RJ/Brasil,Cartao de Credito,Entregue
TRX0007131,PED003772,20/04/2026,CLI00492,Mouse Sem Fio,Acessorios,"94,12",1,Rio de Janeiro/RJ/Brasil,Cartao de Credito,Entregue
TRX0007132,PED003772,20/04/2026,CLI00492,Livro Historia do Brasil,Livros,"R$ 69,10",1,Rio de Janeiro/RJ/Brasil,Cartao de Credito,Entregue
TRX0007133,PED003773,11/04/2026,CLI00385,Mouse Sem Fio,Acessorios,88.58,2,Belo Horizonte/MG/Brasil,Cartao de Credito,Entregue
TRX0007134,PED003774,2026-04-03,CLI00472,Mouse Sem Fio,Acessorios,"90,56",1,Recife/PE/Brasil,Pix,Entregue
TRX0007135,PED003775,05-04-2026,CLI00480,Halteres 10kg,esporte,"R$ 182,20",1,Porto Alegre/RS/Brasil,Cartao de Credito,Entregue
TRX0007136,PED003775,2026-04-05,CLI00480,Jaqueta Corta Vento,Moda,"R$ 271,32",2,Porto Alegre/RS/Brasil,Cartao de Credito,Entregue
TRX0007137,PED003776,2026-04-27,CLI00228,Notebook Ultrafino,Eletronicos,"R$ 3.652,70",1,Rio de Janeiro/RJ/Brasil,Pix,Entregue
TRX0001752,PED000926,14/12/2024,CLI00047,Calca Jeans Reta,MODA,"186,04",1,Salvador/BA/Brasil,Pix,devolvido
TRX0007138,PED003777,2026-04-26,CLI00191,Garrafa Termica,Esporte,"R$ 127,98",1,Sao Paulo/SP/Brasil,Boleto,Entregue
TRX0007139,PED003777,26/04/2026,CLI00191,Teclado Mecanico,acessorios,"349,85",1,Sao Paulo/SP/Brasil,Boleto,Entregue
TRX0007140,PED003777,2026-04-26,CLI00191,Aspirador Robo,Casa,"1.711,07",1,Sao Paulo/SP/Brasil,Boleto,Entregue
TRX0007141,PED003777,26-04-2026,CLI00191,Tablet 10,Eletronicos,"1.378,81",4,Sao Paulo/SP/Brasil,Boleto,entregue
TRX0007142,PED003778,01-04-2026,CLI00188,Livro SQL Essencial,Livros,83.88,1,Curitiba/PR/Brasil,Cartao de Credito,Devolvido
TRX0007143,PED003778,2026-04-01,CLI00188,Camisa Social Slim,Moda,"R$ 153,25",1,Curitiba/PR/Brasil,Cartao de Credito,Devolvido
TRX0007144,PED003778,2026-04-01,CLI00188,Notebook Gamer,Eletronicos,"4.877,98",1,Curitiba/PR/Brasil,Cartao de Credito,Devolvido
TRX0007145,PED003779,22/04/2026,CLI00600,Aspirador Robo,Casa,"1.586,16",1,Fortaleza/CE/Brasil,Cartao de Credito,Entregue
TRX0007146,PED003779,22-04-2026,CLI00600,Vestido Midi,Moda,223.84,1,Fortaleza/CE/Brasil,Cartao de Credito,Entregue
TRX0007147,PED003779,2026-04-22,CLI00600,Monitor 27,Eletronicos,"1.172,11",1,Fortaleza/CE/Brasil,Cartao de Credito,ENTREGUE
TRX0007148,PED003780,2026-04-13,CLI00674,Livro Historia do Brasil,LIVROS,"75,34",1,Salvador/BA/Brasil,Cartao de Credito,ENTREGUE
TRX0007149,PED003780,13/04/2026,CLI00674,Luminaria de Mesa,Casa,934.47,1,Salvador/BA/Brasil,Cartao de Credito,Entregue
TRX0007150,PED003781,09/04/2026,CLI00347,Mochila para Notebook,Acessorios,189.90,-2,Curitiba/PR/Brasil,Cartao de Debito,Entregue
TRX0007151,PED003782,2026-04-24,CLI00440,Aspirador Robo,CASA,"1.513,56",1,Sao Paulo/SP/Brasil,Cartao de Credito,Entregue
TRX0007152,PED003782,2026-04-24,CLI00440,Smartphone X200,Eletronicos,2144.14,-1,Sao Paulo/SP/Brasil,Cartao de Credito,Entregue
TRX0007153,PED003783,2026-04-07,CLI00019,Halteres 10kg,Esporte,"184,16",1,Porto Alegre/RS/Brasil,Pix,Enviado
TRX0007154,PED003784,2026-04-13,CLI00026,Vestido Midi,Moda,"R$ 233,78",1,Brasilia/DF/Brasil,Cartao de Credito,Entregue
TRX0007155,PED003785,2026-04-24,CLI00684,Monitor 27,Eletrônicos,1238.95,1,Sao Paulo/SP/Brasil,Cartao de Credito,ENTREGUE
TRX0007156,PED003786,2026-04-12,CLI00030,Aspirador Robo,Casa,1563.37,2,Sao Paulo/SP/Brasil,Cartao de Credito,Entregue
TRX0007157,PED003786,12/04/2026,CLI00030,Jogo de Panelas,Casa,"R$ 413,07",1,Sao Paulo/SP/Brasil,Cartao de Credito,Entregue
TRX0007158,PED003787,2026-04-03,CLI00375,Mochila para Notebook,Acessorios,"R$ 190,23",2,Belo Horizonte/MG/Brasil,Cartao de Credito,entregue
TRX0007159,PED003787,03/04/2026,CLI00375,Tablet 10,Eletronicos,"R$ 1.366,26",1,Belo Horizonte/MG/Brasil,Cartao de Credito,Entregue
TRX0007160,PED003788,2026-04-08,CLI00652,Garrafa Termica,Esporte,"121,20",1,Fortaleza/CE/Brasil,Pix,Entregue
TRX0007161,PED003788,08-04-2026,CLI00652,Mouse Sem Fio,Acessórios,"R$ 95,08",2,Fortaleza/CE/Brasil,Pix,Entregue
TRX0007162,PED003788,2026-04-08,CLI00652,Capa para Smartphone,Acessorios,"R$ 47,73",2,Fortaleza/CE/Brasil,Pix,Entregue
TRX0007163,PED003789,27-04-2026,CLI00090,Teclado Mecanico,Acessorios,374.69,1,Rio de Janeiro/RJ/Brasil,Cartao de Credito,Cancelado
TRX0007164,PED003790,27/04/2026,CLI00582,Camisa Social Slim,Moda,159.98,1,Belo Horizonte/MG/Brasil,Pix,Entregue
TRX0007165,PED003791,03/04/2026,CLI00579,Halteres 10kg,Esporte,"184,87",1,Fortaleza/CE/Brasil,Boleto,Devolvido
TRX0007166,PED003792,2026-04-12,CLI00222,Hub USB-C,ACESSORIOS,131.58,2,Belo Horizonte/MG/Brasil,Boleto,Entregue
TRX0007167,PED003793,05/04/2026,CLI00652,Carregador Turbo,Acessorios,"94,53",2,Fortaleza/CE/Brasil,Boleto,Entregue
TRX0007168,PED003794,2026-04-30,CLI00034,Mochila para Notebook,Acessorios,"R$ 182,86",1,Sao Paulo/SP/Brasil,Cartao de Credito,entregue
TRX0007169,PED003794,2026-04-30,CLI00034,Carregador Turbo,Acessorios,"R$ 101,22",1,Sao Paulo/SP/Brasil,Cartao de Credito,Entregue
TRX0007170,PED003795,2026-04-05,CLI00372,Livro SQL Essencial,Livros,78.04,3,Curitiba/PR/Brasil,Cartao de Credito,Devolvido
TRX0007171,PED003795,2026-04-05,CLI00372,Jaqueta Corta Vento,Moda,"R$ 1.817,01",1,Curitiba/PR/Brasil,Cartao de Credito,Devolvido
TRX0007172,PED003796,21-04-2026,CLI00342,Notebook Ultrafino,Eletronicos,3607.44,2,Recife/PE/Brasil,Boleto,Entregue
TRX0007173,PED003797,2026-04-24,CLI00365,Camisa Social Slim,Moda,"R$ 157,10",3,Uberlandia/MG/Brasil,Cartao de Credito,Entregue
TRX0007174,PED003797,2026-04-24,CLI00365,Cafeteira Eletrica,Casa,"R$ 303,34",1,Uberlandia/MG/Brasil,Cartao de Credito,Entregue
TRX0007175,PED003798,2026-04-08,CLI00188,Notebook Gamer,eletronicos,"R$ 5.044,00",1,Curitiba/PR/Brasil,Pix,Enviado
TRX0007176,PED003798,08-04-2026,CLI00188,Headset Gamer,Acessorios,"R$ 271,06",1,Curitiba/PR/Brasil,Pix,ENVIADO
TRX0007177,PED003799,02/04/2026,CLI00361,Aspirador Robo,Casa,"1.680,49",4,Santos/SP/Brasil,Cartao de Credito,Entregue
TRX0007178,PED003800,23-04-2026,CLI00575,Notebook Ultrafino,Eletronicos,3312.02,3,Fortaleza/CE/Brasil,Cartao de Debito,Entregue
TRX0007179,PED003801,2026-04-27,CLI00375,Garrafa Termica,Esporte,"1,2,3",1,Belo Horizonte/MG/Brasil,Cartao de Debito,Entregue
TRX0007180,PED003802,2026-04-09,CLI00350,Capa para Smartphone,Acessorios,52.54,1,Porto Alegre/RS/Brasil,Pix,Entregue
TRX0007181,PED003802,09-04-2026,CLI00350,Tenis Corrida Leve,ESPORTE,"325,35",2,Porto Alegre/RS/Brasil,Pix,Entregue
TRX0007182,PED003803,22/04/2026,CLI00406,Tablet 10,Eletronicos,"1.379,08",1,Rio de Janeiro/RJ/Brasil,Cartao de Credito,Entregue
TRX0007183,PED003804,2026-04-01,CLI00313,Cafeteira Eletrica,Casa,"292,63",2,Rio de Janeiro/RJ/Brasil,Pix,Entregue
TRX0007184,PED003805,2026-04-17,CLI00537,Hub USB-C,Acessorios,"133,96",2,Uberlandia/MG/Brasil,Cartao de Credito,Processando
TRX0007185,PED003805,2026-04-17,CLI00537,Monitor 27,Eletronicos,"R$ 1.207,40",1,Uberlandia/MG/Brasil,Cartao de Credito,Processando
TRX0007186,PED003806,2026-04-15,CLI00692,Camisa Social Slim,Moda,"R$ 154,13",1,Florianopolis/SC/Brasil,Pix,Cancelado
TRX0007187,PED003806,15/04/2026,CLI00692,Mochila para Notebook,Acessorios,176.84,2,Florianopolis/SC/Brasil,Pix,Cancelado
TRX0007188,PED003807,2026-04-11,CLI00579,Tablet 10,Eletronicos,"R$ 1.354,54",1,Fortaleza/CE/Brasil,Cartao de Credito,Entregue
TRX0007189,PED003807,2026-04-11,CLI00579,Calca Jeans Reta,Moda,"R$ 189,20",2,Fortaleza/CE/Brasil,Cartao de Credito,entregue
TRX0007190,PED003807,11/04/2026,CLI00579,Liquidificador Potente,Casa,"R$ 233,25",1,Fortaleza/CE/Brasil,Cartao de Credito,Entregue
TRX0007191,PED003807,2026-04-11,CLI00579,Monitor 27,Eletronicos,"R$ 1.214,63",2,Fortaleza/CE/Brasil,Cartao de Credito,Entregue
TRX0007192,PED003808,2026-04-19,CLI00541,Garrafa Termica,Esporte,"R$ 124,50",3,Sao Paulo/SP/Brasil,Boleto,Entregue
TRX0007193,PED003809,2026-04-26,CLI00387,Mouse Sem Fio,Acessorios,"85,80",1,Goiania/GO/Brasil,Pix,Entregue
TRX0007194,PED003810,2026-04-18,CLI00440,Carregador Turbo,Acessorios,"99,66",2,Sao Paulo/SP/Brasil,Boleto,Entregue
TRX0007195,PED003810,18-04-2026,CLI00440,Capa para Smartphone,Acessorios,49.01,1,Sao Paulo/SP/Brasil,Boleto,Entregue
TRX0007196,PED003811,22/04/2026,CLI00408,Livro SQL Essencial,Livros,"R$ 83,74",1,Sao Paulo/SP/Brasil,Boleto,Entregue
TRX0007197,PED003811,2026-04-22,CLI00408,Luminaria de Mesa,Casa,"R$ 134,43",1,Sao Paulo/SP/Brasil,Boleto,Entregue
TRX0007198,PED003811,2026-04-22,CLI00408,Garrafa Termica,Esporte,123.82,1,Sao Paulo/SP/Brasil,Boleto,Entregue
TRX0007199,PED003812,18/04/2026,CLI00647,Livro SQL Essencial,Livros,"79,47",3,Recife/PE/Brasil,Boleto,ENTREGUE
TRX0007200,PED003812,18/04/2026,CLI00647,Vestido Midi,Moda,"R$ 224,28",1,Recife/PE/Brasil,Boleto,ENTREGUE
TRX0007201,PED003812,2026-04-18,CLI00647,Aspirador Robo,CASA,1637.97,1,Recife/PE/Brasil,Boleto,Entregue
TRX0007202,PED003812,2026-04-18,CLI00647,Notebook Ultrafino,Eletronicos,3682.98,1,Recife/PE/Brasil,Boleto,Entregue
TRX0007203,PED003812,2026-04-18,CLI00647,Mouse Sem Fio,Acessorios,94.94,1,Recife/PE/Brasil,Boleto,Entregue
TRX0007204,PED003813,2026-04-09,CLI00191,Carregador Turbo,Acessorios,"99,57",2,Sao Paulo/SP/Brasil,Boleto,Entregue
TRX0007205,PED003814,21/04/2026,CLI00036,Jaqueta Corta Vento,Moda,261.58,1,Uberlandia/MG/Brasil,Pix,Entregue
TRX0007206,PED003814,21-04-2026,CLI00036,Tapete de Yoga,Esporte,"R$ 157,69",2,Uberlandia/MG/Brasil,Pix,Entregue
TRX0007207,PED003815,2026-04-20,CLI00552,Garrafa Termica,Esporte,"R$ 126,57",1,Belo Horizonte/MG/Brasil,Cartao de Debito,Entregue
TRX0007208,PED003815,2026-04-20,CLI00552,Carregador Turbo,Acessorios,106.65,3,Belo Horizonte/MG/Brasil,Cartao de Debito,Entregue
TRX0007209,PED003816,28/04/2026,CLI00582,Garrafa Termica,Esporte,"R$ 120,58",1,Belo Horizonte/MG/Brasil,Cartao de Credito,Entregue
TRX0007210,PED003817,2026-04-14,CLI00342,Livro Historia do Brasil,Livros,"72,80",1,Recife/PE/Brasil,Pix,Entregue
TRX0007211,PED003818,2026-04-14,CLI00551,Mouse Sem Fio,Acessorios,92.00,2,Belo Horizonte/MG/Brasil,Cartao de Credito,Enviado
TRX0004252,PED002269,15/09/2025,CLI00449,Livro SQL Essencial,Livros,"80,82",1,Rio de Janeiro/RJ/Brasil,Cartao de Credito,Entregue
TRX0007212,PED003819,27/04/2026,CLI00090,Carregador Turbo,Acessorios,"R$ 102,47",1,Rio de Janeiro/RJ/Brasil,Boleto,Entregue
TRX0007213,PED003819,27/04/2026,CLI00090,Livro Dados em Acao,Livros,"R$ 86,01",2,Rio de Janeiro/RJ/Brasil,Boleto,Entregue
TRX0007214,PED003820,10/04/2026,CLI00579,Tenis Corrida Leve,Esporte,"336,20",1,Fortaleza/CE/Brasil,Cartao de Credito,Entregue
TRX0007215,PED003821,2026-04-19,CLI00145,Livro Historia do Brasil,Livros,"R$ 74,44",1,Santos/SP/Brasil,Pix,Entregue
TRX0007216,PED003822,2026-04-14,CLI00301,Mochila para Notebook,Acessorios,"181,23",1,Sao Paulo/SP/Brasil,Cartao de Debito,Cancelado
TRX0007217,PED003823,2026-04-12,CLI00148,Garrafa Termica,ESPORTE,"R$ 125,95",4,Fortaleza/CE/Brasil,Cartao de Credito,Entregue
TRX0007218,PED003823,2026-04-12,CLI00148,Cafeteira Eletrica,Casa,"R$ 303,13",1,Fortaleza/CE/Brasil,Cartao de Credito,Entregue
TRX0007219,PED003824,2026-04-16,CLI00683,Garrafa Termica,Esporte,"R$ 120,20",2,Salvador/BA/Brasil,Cartao de Credito,Entregue
TRX0007220,PED003824,2026-04-16,CLI00683,,Acessorios,332.00,1,Salvador/BA/Brasil,Cartao de Credito,Entregue
TRX0007221,PED003824,2026-04-16,CLI00683,Headset Gamer,Acessorios,"273,01",1,Salvador/BA/Brasil,Cartao de Credito,entregue
TRX0007222,PED003824,16/04/2026,CLI00683,Livro Dados em Acao,livros,"R$ 86,66",1,Salvador/BA/Brasil,Cartao de Credito,Entregue
TRX0007223,PED003825,21/04/2026,CLI00636,Garrafa Termica,esporte,115.65,1,Sao Paulo/SP/Brasil,Pix,Entregue
TRX0007224,PED003826,24/04/2026,CLI00674,Notebook Ultrafino,eletronicos,"R$ 3.675,24",1,Salvador/BA/Brasil,Pix,Entregue
TRX0007225,PED003826,2026-04-24,CLI00674,,Acessorios,86.63,2,Salvador/BA/Brasil,Pix,Entregue
TRX0007226,PED003826,2026-04-24,CLI00674,Livro SQL Essencial,Livros,"R$ 79,00",1,Salvador/BA/Brasil,Pix,Entregue
TRX0007227,PED003827,2026-04-24,CLI00403,Tenis Corrida Leve,Esporte,353.90,2,Rio de Janeiro/RJ/Brasil,Boleto,Entregue
TRX0007228,PED003828,2026-04-20,CLI00062,Livro Historia do Brasil,Livros,"74,94",1,Curitiba/PR/Brasil,Pix,Entregue
TRX0007229,PED003828,2026-04-20,CLI00062,Monitor 27,Eletronicos,"R$ 1.192,94",1,Curitiba/PR/Brasil,Pix,entregue
TRX0007230,PED003829,2026-04-22,CLI00219,Notebook Ultrafino,Eletronicos,"R$ 3.468,32",1,Sao Paulo/SP/Brasil,Cartao de Credito,Cancelado
TRX0007231,PED003829,22-04-2026,CLI00219,Mochila para Notebook,Acessorios,185.03,1,Sao Paulo/SP/Brasil,Cartao de Credito,Cancelado
TRX0007232,PED003830,2026-04-13,CLI00228,Hub USB-C,Acessorios,"R$ 133,26",3,Rio de Janeiro/RJ/Brasil,Cartao de Debito,Cancelado
TRX0007233,PED003830,2026-04-13,CLI00228,Teclado Mecanico,Acessorios,"376,03",2,Rio de Janeiro/RJ/Brasil,Cartao de Debito,Cancelado
TRX0007234,PED003831,19/04/2026,CLI00605,Luminaria de Mesa,Casa,134.83,2,Belo Horizonte/MG/Brasil,Cartao de Debito,Processando
TRX0007235,PED003832,05/04/2026,CLI00019,Monitor 27,Eletronicos,1183.92,1,Porto Alegre/RS/Brasil,Cartao de Credito,Processando
TRX0007236,PED003832,05-04-2026,CLI00019,Camiseta Dry Fit,Esporte,"R$ 82,59",1,Porto Alegre/RS/Brasil,Cartao de Credito,Processando
TRX0007237,PED003832,05/04/2026,CLI00019,Livro Dados em Acao,livros,"R$ 84,83",1,Porto Alegre/RS/Brasil,Cartao de Credito,Processando
TRX0007238,PED003833,2026-04-08,CLI00337,Camisa Social Slim,Moda,"R$ 152,06",1,Rio de Janeiro/RJ/Brasil,Pix,Entregue
TRX0007239,PED003833,2026-04-08,CLI00337,Garrafa Termica,Esporte,122.29,1,Rio de Janeiro/RJ/Brasil,Pix,Entregue
TRX0007240,PED003833,2026-04-08,CLI00337,Jaqueta Corta Vento,Moda,264.42,2,Rio de Janeiro/RJ/Brasil,Pix,Entregue
TRX0007241,PED003834,26/04/2026,CLI00014,Teclado Mecanico,Acessorios,"R$ 346,09",1,Curitiba/PR/Brasil,Pix,Entregue
TRX0007242,PED003835,2026-04-04,CLI00408,Mouse Sem Fio,Acessorios,88.12,1,Sao Paulo/SP/Brasil,Cartao de Credito,Entregue
TRX0007243,PED003835,2026-04-04,CLI00408,Notebook Ultrafino,Eletronicos,"R$ 3.536,22",1,Sao Paulo/SP/Brasil,Cartao de Credito,Entregue
TRX0007244,PED003836,16/04/2026,CLI00219,Teclado Mecanico,Acessorios,gratis,3,Sao Paulo/SP/Brasil,Cartao de Credito,Entregue
TRX0007245,PED003836,16-04-2026,CLI00219,Livro Dados em Acao,livros,89.41,1,Sao Paulo/SP/Brasil,Cartao de Credito,Entregue
TRX0007246,PED003836,2026-04-16,CLI00219,Tapete de Yoga,Esporte,"R$ 141,87",1,Sao Paulo/SP/Brasil,Cartao de Credito,Entregue
TRX0007247,PED003836,2026-04-16,CLI00219,Hub USB-C,Acessorios,128.37,1,Sao Paulo/SP/Brasil,Cartao de Credito,Entregue
TRX0007248,PED003837,2026-04-04,CLI00467,Livro SQL Essencial,Livros,81.96,4,Campinas/SP/Brasil,Cartao de Debito,Devolvido
TRX0007249,PED003837,2026-04-04,CLI00467,Tenis Corrida Leve,Esporte,"330,99",3,Campinas/SP/Brasil,Cartao de Debito,Devolvido
TRX0007250,PED003838,18/04/2026,CLI00627,Jaqueta Corta Vento,Moda,257.07,1,Sao Paulo/SP/Brasil,Pix,Entregue
TRX0007251,PED003838,2026-04-18,CLI00627,Smart TV 50,Eletronicos,"R$ 2.755,33",1,Sao Paulo/SP/Brasil,Pix,Entregue
TRX0007252,PED003839,2026-04-15,CLI00652,Jogo de Panelas,Casa,413.50,1,Fortaleza/CE/Brasil,Cartao de Credito,ENTREGUE
TRX0007253,PED003840,2026-04-18,CLI00315,Luminaria de Mesa,casa,147.02,2,Campinas/SP/Brasil,Cartao de Debito,Entregue
TRX0007254,PED003840,2026-04-18,CLI00315,Jaqueta Corta Vento,Moda,"290,17",1,Campinas/SP/Brasil,Cartao de Debito,Entregue
TRX0007255,PED003840,2026-04-18,CLI00315,Livro Dados em Acao,Livros,"R$ 93,68",1,Campinas/SP/Brasil,Cartao de Debito,ENTREGUE
TRX0007256,PED003841,10/04/2026,CLI00014,Teclado Mecanico,ACESSORIOS,"R$ 369,59",1,Curitiba/PR/Brasil,Boleto,Entregue
TRX0007257,PED003841,10/04/2026,CLI00014,Notebook Ultrafino,ELETRONICOS,3592.69,4,Curitiba/PR/Brasil,Boleto,Entregue
TRX0007258,PED003842,27/04/2026,CLI00467,Tapete de Yoga,Esporte,"155,77",1,Campinas/SP/Brasil,Cartao de Credito,Entregue
TRX0007259,PED003842,2026-04-27,CLI00467,Garrafa Termica,esporte,"R$ 126,03",1,Campinas/SP/Brasil,Cartao de Credito,Entregue
TRX0007260,PED003842,2026-04-27,CLI00467,Liquidificador Potente,Casa,"R$ 209,67",-2,Campinas/SP/Brasil,Cartao de Credito,Entregue
TRX0007261,PED003843,2026-04-28,CLI00541,Monitor 27,Eletronicos,"1.149,90",1,Sao Paulo/SP/Brasil,Pix,Entregue
TRX0007262,PED003844,29-04-2026,CLI00177,Jogo de Panelas,Casa,"R$ 401,64",1,Florianopolis/SC/Brasil,Cartao de Credito,Entregue
TRX0007263,PED003844,2026-04-29,CLI00177,Aspirador Robo,Casa,1592.54,1,Florianopolis/SC/Brasil,Cartao de Credito,Entregue
TRX0007264,PED003845,2026-04-30,CLI00192,Camisa Social Slim,Moda,171.30,-2,Campinas/SP/Brasil,Boleto,Entregue
TRX0007265,PED003845,2026-04-30,CLI00192,Headset Gamer,Acessorios,"R$ 266,77",1,Campinas/SP/Brasil,Boleto,ENTREGUE
TRX0007266,PED003846,16/04/2026,CLI00341,Tapete de Yoga,Esporte,"R$ 143,63",1,Sao Paulo/SP/Brasil,Pix,Entregue
TRX0007267,PED003847,2026-04-30,CLI00219,Livro Historia do Brasil,LIVROS,"66,72",1,Sao Paulo/SP/Brasil,Cartao de Credito,Entregue
TRX0007268,PED003848,2026-04-11,CLI00301,Halteres 10kg,Esporte,"197,36",1,Sao Paulo/SP/Brasil,Cartao de Credito,Entregue
TRX0007269,PED003848,11/04/2026,CLI00301,Camiseta Dry Fit,Esporte,81.37,2,Sao Paulo/SP/Brasil,Cartao de Credito,Entregue
TRX0007270,PED003849,2026-04-10,CLI00164,Vestido Midi,Moda,212.62,2,Curitiba/PR/Brasil,Pix,Entregue
TRX0007271,PED003850,04-04-2026,CLI00482,Smart TV 50,Eletronicos,"R$ 2.522,76",2,Fortaleza/CE/Brasil,Cartao de Credito,Entregue
TRX0007272,PED003850,2026-04-04,CLI00482,Vestido Midi,Moda,"212,94",1,Fortaleza/CE/Brasil,Cartao de Credito,ENTREGUE
TRX0007273,PED003851,06/04/2026,CLI00026,Livro Historia do Brasil,Livros,"73,82",1,Brasilia/DF/Brasil,Pix,Entregue
TRX0007274,PED003851,06/04/2026,CLI00026,Livro SQL Essencial,Livros,"R$ 78,97",1,Brasilia/DF/Brasil,Pix,Entregue
TRX0007275,PED003851,2026-04-06,CLI00026,Hub USB-C,Acessorios,"130,39",1,Brasilia/DF/Brasil,Pix,Entregue
TRX0007276,PED003852,2026-04-29,CLI00314,Aspirador Robo,CASA,"R$ 1.592,38",2,Sao Paulo/SP/Brasil,Cartao de Debito,ENTREGUE
TRX0007277,PED003852,2026-04-29,CLI00314,Tapete de Yoga,Esporte,"159,60",1,Sao Paulo/SP/Brasil,Cartao de Debito,Entregue
TRX0007278,PED003852,2026-04-29,CLI00314,Carregador Turbo,Acessorios,"R$ 94,34",1,Sao Paulo/SP/Brasil,Cartao de Debito,Entregue
TRX0007279,PED003853,05-04-2026,CLI00472,Headset Gamer,Acessorios,"R$ 252,48",4,Recife/PE/Brasil,Cartao de Credito,Devolvido
TRX0007280,PED003853,05-04-2026,CLI00472,Livro Dados em Acao,Livros,"R$ 94,39",1,Recife/PE/Brasil,Cartao de Credito,Devolvido
TRX0007281,PED003854,05/04/2026,CLI00408,Jaqueta Corta Vento,Moda,275.78,1,Sao Paulo/SP/Brasil,Cartao de Credito,Entregue
TRX0007282,PED003855,21/04/2026,CLI00472,Hub USB-C,Acessorios,139.13,1,Recife/PE/Brasil,Cartao de Credito,Entregue
TRX0007283,PED003856,2026-04-22,CLI00026,Jaqueta Corta Vento,Moda,260.19,1,Brasilia/DF/Brasil,Cartao de Credito,Entregue
TRX0007284,PED003857,26-04-2026,CLI00682,Calca Jeans Reta,Moda,"199,86",1,Santos/SP/Brasil,Pix,Entregue
TRX0007285,PED003857,2026-04-26,CLI00682,Jogo de Panelas,Casa,"394,88",2,Santos/SP/Brasil,Pix,ENTREGUE
TRX0007286,PED003858,28/04/2026,CLI00002,Camisa Social Slim,Moda,"162,92",2,Florianopolis/SC/Brasil,Pix,Entregue
TRX0007287,PED003859,21/04/2026,,Vestido Midi,Moda,"R$ 222,67",1,Sao Paulo/SP/Brasil,Cartao de Credito,Entregue
TRX0007288,PED003859,,CLI00314,Halteres 10kg,Esporte,"R$ 182,88",2,Sao Paulo/SP/Brasil,Cartao de Credito,Entregue
TRX0007289,PED003860,2026-04-11,CLI00062,Headset Gamer,Acessorios,254.13,1,Curitiba/PR/Brasil,Boleto,Entregue
TRX0007290,PED003860,2026-04-11,CLI00062,Camisa Social Slim,Moda,"R$ 156,82",1,Curitiba/PR/Brasil,Boleto,Entregue
TRX0007291,PED003860,2026-04-11,CLI00062,Vestido Midi,Moda,"R$ 214,92",1,Curitiba/PR/Brasil,Boleto,Entregue
TRX0007292,PED003860,11/04/2026,CLI00062,Cafeteira Eletrica,Casa,284.56,1,Curitiba/PR/Brasil,Boleto,Entregue
TRX0007293,PED003861,2026-04-09,CLI00498,Livro Historia do Brasil,Livros,"71,01",1,Campinas/SP/Brasil,Pix,Entregue
TRX0007294,PED003862,2026-04-11,CLI00503,Tenis Corrida Leve,Esporte,313.66,1,Sao Paulo/SP/Brasil,Cartao de Debito,Entregue
TRX0007295,PED003863,13-04-2026,CLI00192,Hub USB-C,Acessorios,"138,97",1,Campinas/SP/Brasil,Pix,Cancelado
TRX0007296,PED003864,14/04/2026,CLI00360,Halteres 10kg,Esporte,196.66,3,Belo Horizonte/MG/Brasil,Cartao de Credito,Entregue
TRX0007297,PED003865,17/04/2026,CLI00252,Teclado Mecanico,Acessorios,333.09,1,Sao Paulo/SP/Brasil,Cartao de Credito,Enviado
TRX0007298,PED003866,2026-04-02,CLI00682,Carregador Turbo,Acessorios,"100,77",1,Santos/SP/Brasil,Cartao de Debito,Entregue
TRX0007299,PED003866,2026-04-02,CLI00682,Jogo de Panelas,Casa,400.81,1,Santos/SP/Brasil,Cartao de Debito,Entregue
TRX0007300,PED003867,26/04/2026,CLI00191,Teclado Mecanico,Acessorios,"356,41",1,Sao Paulo/SP/Brasil,Pix,Enviado
TRX0007301,PED003867,26/04/2026,CLI00191,Vestido Midi,Moda,217.88,1,Sao Paulo/SP/Brasil,Pix,Enviado
TRX0007302,PED003867,26/04/2026,CLI00191,Liquidificador Potente,Casa,213.76,1,Sao Paulo/SP/Brasil,Pix,Enviado
TRX0007303,PED003867,2026-04-26,CLI00191,Headset Gamer,Acessórios,"R$ 270,53",1,Sao Paulo/SP/Brasil,Pix,Enviado
TRX0007304,PED003868,2026-04-12,CLI00480,Tenis Corrida Leve,Esporte,330.77,2,Porto Alegre/RS/Brasil,Pix,Entregue
TRX0007305,PED003868,12-04-2026,CLI00480,Camiseta Dry Fit,Esporte,"R$ 77,71",1,Porto Alegre/RS/Brasil,Pix,Entregue
TRX0007306,PED003869,17-04-2026,CLI00321,Hub USB-C,Acessorios,"R$ 126,09",1,Rio de Janeiro/RJ/Brasil,Cartao de Credito,Entregue
TRX0007307,PED003870,2026-04-28,CLI00472,Tenis Corrida Leve,Esporte,339.22,1,Recife/PE/Brasil,Cartao de Credito,Entregue
TRX0007308,PED003870,28/04/2026,CLI00472,Camiseta Dry Fit,Esporte,"85,99",1,Recife/PE/Brasil,Cartao de Credito,Entregue
TRX0007309,PED003870,2026-04-28,CLI00472,Livro Dados em Acao,Livros,"88,35",2,Recife/PE/Brasil,Cartao de Credito,Entregue
TRX0007310,PED003871,01-04-2026,CLI00032,Mochila para Notebook,Acessorios,178.76,1,Santos/SP/Brasil,Cartao de Credito,Entregue
TRX0007311,PED003872,2026-05-11,CLI00093,Teclado Mecanico,Acessorios,"R$ 355,36",1,Santos/SP/Brasil,Cartao de Debito,Entregue
TRX0007312,PED003873,07/05/2026,CLI00177,Vestido Midi,Moda,233.10,3,Florianopolis/SC/Brasil,Pix,Entregue
TRX0007313,PED003874,09-05-2026,CLI00613,Smart TV 50,Eletronicos,"R$ 2.753,99",1,Florianopolis/SC/Brasil,Cartao de Debito,Cancelado
TRX0007314,PED003875,20/05/2026,CLI00600,Camiseta Dry Fit,Esporte,"R$ 83,48",2,Fortaleza/CE/Brasil,Pix,cancelado
TRX0007315,PED003875,2026-05-20,CLI00600,Livro Historia do Brasil,Livros,66.53,1,Fortaleza/CE/Brasil,Pix,Cancelado
TRX0007316,PED003876,2026-05-16,CLI00238,Vestido Midi,Moda,226.49,1,Brasilia/DF/Brasil,Cartao de Credito,Entregue
TRX0007317,PED003876,16/05/2026,CLI00238,Headset Gamer,Acessorios,"257,08",1,Brasilia/DF/Brasil,Cartao de Credito,Entregue
TRX0007318,PED003876,16/05/2026,CLI00238,Tablet 10,Eletronicos,1302.14,1,Brasilia/DF/Brasil,Cartao de Credito,Entregue
TRX0007319,PED003877,2026-05-14,CLI00492,Jogo de Panelas,Casa,379.86,2,Rio de Janeiro/RJ/Brasil,Cartao de Credito,Entregue
TRX0007320,PED003877,14/05/2026,CLI00492,Calca Jeans Reta,Moda,198.76,1,Rio de Janeiro/RJ/Brasil,Cartao de Credito,Entregue
TRX0007321,PED003878,30/05/2026,CLI00118,Notebook Gamer,Eletronicos,"4.787,99",2,Curitiba/PR/Brasil,Pix,Entregue
TRX0007322,PED003879,2026-05-10,CLI00643,Headset Gamer,Acessorios,"R$ 262,59",1,Sao Paulo/SP/Brasil,Pix,Entregue
TRX0007323,PED003880,10/05/2026,,Notebook Ultrafino,Eletronicos,3388.33,1,Belo Horizonte/MG/Brasil,Pix,Cancelado
TRX0007324,PED003880,2026-05-10,CLI00330,Hub USB-C,Acessorios,"R$ 135,38",1,Belo Horizonte/MG/Brasil,Pix,Cancelado
TRX0007325,PED003881,25-05-2026,CLI00652,Livro Historia do Brasil,Livros,74.12,1,Fortaleza/CE/Brasil,Pix,Entregue
TRX0007326,PED003882,31/02/2025,CLI00533,Livro Dados em Acao,Livros,"R$ 92,70",1,Campinas/SP/Brasil,Cartao de Credito,Entregue
TRX0007327,PED003883,19-05-2026,CLI00492,Livro Historia do Brasil,Livros,"R$ 69,64",4,Rio de Janeiro/RJ/Brasil,Cartao de Credito,Entregue
TRX0007328,PED003884,2026-05-22,CLI00177,Teclado Mecanico,Acessorios,"R$ 376,88",1,Florianopolis/SC/Brasil,Cartao de Debito,Cancelado
TRX0007329,PED003885,14-05-2026,CLI00473,Headset Gamer,Acessorios,256.33,1,Campinas/SP/Brasil,Cartao de Debito,Entregue
TRX0007330,PED003885,2026-05-14,CLI00473,Notebook Gamer,Eletronicos,"5.026,91",1,Campinas/SP/Brasil,Cartao de Debito,Entregue
TRX0007331,PED003885,2026-05-14,CLI00473,Capa para Smartphone,Acessorios,"48,69",2,Campinas/SP/Brasil,Cartao de Debito,Entregue
TRX0007332,PED003885,2026-05-14,CLI00473,Teclado Mecanico,Acessorios,"R$ 373,25",1,Campinas/SP/Brasil,Cartao de Debito,Entregue
TRX0007333,PED003886,2026-05-27,CLI00480,Hub USB-C,Acessorios,132.88,1,Porto Alegre/RS/Brasil,Cartao de Credito,Entregue
TRX0007334,PED003886,2026-05-27,CLI00480,Livro Historia do Brasil,Livros,67.30,2,Porto Alegre/RS/Brasil,Cartao de Credito,Entregue
TRX0007335,PED003887,24-05-2026,CLI00532,Teclado Mecanico,Acessorios,"370,75",2,Campinas/SP/Brasil,Cartao de Credito,Entregue
TRX0007336,PED003888,2026-05-24,CLI00122,Halteres 10kg,Esporte,182.04,3,Brasilia/DF/Brasil,Boleto,Entregue
TRX0007337,PED003888,2026-05-24,CLI00122,Headset Gamer,Acessorios,"260,23",1,Brasilia/DF/Brasil,Boleto,Entregue
TRX0007338,PED003889,2026-05-20,CLI00043,Tapete de Yoga,Esporte,"148,38",1,Rio de Janeiro/RJ/Brasil,Cartao de Credito,Entregue
TRX0007339,PED003890,2026-05-07,CLI00062,Cafeteira Eletrica,Casa,"R$ 305,57",1,Curitiba/PR/Brasil,Pix,Entregue
TRX0007340,PED003891,2026-05-30,CLI00625,Tapete de Yoga,Esporte,158.66,2,Rio de Janeiro/RJ/Brasil,Cartao de Credito,Processando
TRX0007341,PED003891,2026-05-30,CLI00625,Halteres 10kg,Esporte,197.06,1,Rio de Janeiro/RJ/Brasil,Cartao de Credito,Processando
TRX0007342,PED003891,30/05/2026,CLI00625,Carregador Turbo,Acessorios,"R$ 96,66",1,Rio de Janeiro/RJ/Brasil,Cartao de Credito,Processando
TRX0007343,PED003892,04-05-2026,CLI00652,Tablet 10,Eletronicos,"R$ 1.236,69",1,Fortaleza/CE/Brasil,Cartao de Credito,Cancelado
TRX0007344,PED003893,2026-05-25,CLI00492,Vestido Midi,moda,209.04,1,Rio de Janeiro/RJ/Brasil,Cartao de Credito,Devolvido
TRX0007345,PED003893,,CLI00492,Liquidificador Potente,Casa,"R$ 208,43",1,Rio de Janeiro/RJ/Brasil,Cartao de Credito,Devolvido
TRX0007346,PED003894,2026-05-01,CLI00480,Carregador Turbo,Acessorios,"R$ 100,08",1,Porto Alegre/RS/Brasil,Pix,Entregue
TRX0007347,PED003895,2026-05-03,CLI00643,Carregador Turbo,Acessorios,94.91,1,Sao Paulo/SP/Brasil,Cartao de Credito,Processando
TRX0007348,PED003895,2026-05-03,CLI00643,Smartphone X200,Eletronicos,2289.88,1,Sao Paulo/SP/Brasil,Cartao de Credito,Processando
TRX0007349,PED003896,2026-05-14,CLI00278,Liquidificador Potente,Casa,209.12,4,Rio de Janeiro/RJ/Brasil,Boleto,Entregue
TRX0007350,PED003896,14-05-2026,CLI00278,Notebook Ultrafino,Eletronicos,"R$ 3.346,06",1,Rio de Janeiro/RJ/Brasil,Boleto,Entregue
TRX0007351,PED003897,2026-05-12,CLI00314,Tapete de Yoga,Esporte,"157,09",2,Sao Paulo/SP/Brasil,Cartao de Credito,Entregue
TRX0007352,PED003897,2026-05-12,CLI00314,Monitor 27,Eletronicos,1141.80,1,Sao Paulo/SP/Brasil,Cartao de Credito,Entregue
TRX0007353,PED003897,31/02/2025,CLI00314,Vestido Midi,Moda,208.39,1,Sao Paulo/SP/Brasil,Cartao de Credito,Entregue
TRX0007354,PED003897,2026-05-12,CLI00314,Garrafa Termica,Esporte,116.08,1,Sao Paulo/SP/Brasil,Cartao de Credito,Entregue
TRX0007355,PED003898,2026-05-26,CLI00305,Notebook Gamer,Eletronicos,"R$ 5.093,99",1,Campinas/SP/Brasil,Cartao de Credito,Entregue
TRX0007356,PED003899,2026-05-15,CLI00547,Liquidificador Potente,Casa,217.77,1,Sao Paulo/SP/Brasil,Cartao de Debito,Entregue
TRX0007357,PED003900,2026-05-18,CLI00652,Jogo de Panelas,Casa,387.00,1,Fortaleza/CE/Brasil,Pix,Entregue
TRX0007358,PED003900,18/05/2026,CLI00652,Garrafa Termica,Esporte,"117,11",1,Fortaleza/CE/Brasil,Pix,Entregue
TRX0007359,PED003901,2026-05-29,CLI00647,Livro Historia do Brasil,Livros,73.38,1,Recife/PE/Brasil,Cartao de Credito,Entregue
TRX0007360,PED003901,29/05/2026,CLI00647,Mouse Sem Fio,Acessorios,"R$ 94,55",1,Recife/PE/Brasil,Cartao de Credito,Entregue
TRX0007804,PED004124,2026-06-18,CLI00160,Notebook Ultrafino,Eletronicos,"R$ 3.713,08",1,Brasilia/DF/Brasil,Boleto,Entregue
TRX0007361,PED003902,2026-05-18,CLI00350,Smart TV 50,ELETRONICOS,2615.77,4,Porto Alegre/RS/Brasil,Cartao de Debito,Entregue
TRX0007362,PED003902,18-05-2026,CLI00350,Notebook Gamer,Eletronicos,"R$ 4.915,19",2,Porto Alegre/RS/Brasil,Cartao de Debito,Entregue
TRX0006548,PED003461,2026-02-02,CLI00191,Livro Dados em Acao,Livros,"90,46",1,Sao Paulo/SP/Brasil,Boleto,Processando
TRX0007363,PED003903,2026-05-10,CLI00465,Smartphone X200,Eletronicos,"R$ 2.216,45",1,Brasilia/DF/Brasil,Pix,Entregue
TRX0007364,PED003903,2026-05-10,CLI00465,Capa para Smartphone,Acessorios,"R$ 48,56",2,Brasilia/DF/Brasil,Pix,Entregue
TRX0007365,PED003904,31/05/2026,CLI00278,Tapete de Yoga,Esporte,"R$ 153,04",4,Rio de Janeiro/RJ/Brasil,Cartao de Credito,Entregue
TRX0007366,PED003904,31/05/2026,CLI00278,Camiseta Dry Fit,Esporte,85.96,1,Rio de Janeiro/RJ/Brasil,Cartao de Credito,Entregue
TRX0007367,PED003905,2026-05-22,CLI00014,Luminaria de Mesa,Casa,135.41,1,Curitiba/PR/Brasil,Pix,Devolvido
TRX0007368,PED003906,06-05-2026,CLI00605,Garrafa Termica,Esporte,117.08,1,Belo Horizonte/MG/Brasil,Pix,Entregue
TRX0007369,PED003907,04-05-2026,CLI00049,Tapete de Yoga,Esporte,"145,77",1,Campinas/SP/Brasil,Cartao de Credito,Processando
TRX0007370,PED003907,2026-05-04,CLI00049,Livro Dados em Acao,Livros,95.99,1,Campinas/SP/Brasil,Cartao de Credito,PROCESSANDO
TRX0007371,PED003907,04-05-2026,CLI00049,Camisa Social Slim,Moda,"153,93",1,Campinas/SP/Brasil,Cartao de Credito,Processando
TRX0007372,PED003907,04-05-2026,CLI00049,Calca Jeans Reta,Moda,"195,43",2,Campinas/SP/Brasil,Cartao de Credito,Processando
TRX0007373,PED003907,2026-05-04,CLI00049,Monitor 27,Eletronicos,1226.20,3,Campinas/SP/Brasil,Cartao de Credito,Processando
TRX0007374,PED003908,2026-05-21,CLI00122,Camisa Social Slim,Moda,"161,38",1,Brasilia/DF/Brasil,Boleto,ENTREGUE
TRX0007375,PED003908,2026-05-21,CLI00122,Luminaria de Mesa,Casa,137.43,2,Brasilia/DF/Brasil,Boleto,Entregue
TRX0007376,PED003908,21/05/2026,CLI00122,Tablet 10,Eletronicos,"R$ 1.230,88",4,Brasilia/DF/Brasil,Boleto,Entregue
TRX0005635,PED002982,2025-12-05,CLI00221,Garrafa Termica,Esporte,128.31,1,Curitiba/PR/Brasil,Cartao de Credito,Entregue
TRX0007377,PED003909,2026-05-22,CLI00354,Smartphone X200,Eletronicos,2341.31,1,Sao Paulo/SP/Brasil,Boleto,Entregue
TRX0007378,PED003910,11/05/2026,CLI00327,Jaqueta Corta Vento,Moda,272.77,1,Sao Paulo/SP/Brasil,Cartao de Credito,Entregue
TRX0007379,PED003910,2026-05-11,CLI00327,Monitor 27,Eletronicos,"1.216,72",1,Sao Paulo/SP/Brasil,Cartao de Credito,Entregue
TRX0007380,PED003911,2026-05-21,CLI00510,Camisa Social Slim,moda,"155,61",1,Curitiba/PR/Brasil,Cartao de Credito,Enviado
TRX0007381,PED003912,12/05/2026,CLI00305,Calca Jeans Reta,Moda,195.99,1,Campinas/SP/Brasil,Cartao de Credito,Entregue
TRX0007382,PED003912,12-05-2026,CLI00305,Liquidificador Potente,Casa,"216,40",1,Campinas/SP/Brasil,Cartao de Credito,Entregue
TRX0007383,PED003913,03/05/2026,CLI00236,Tenis Corrida Leve,Esporte,320.59,1,Sao Paulo/SP/Brasil,Cartao de Credito,Entregue
TRX0007384,PED003914,21-05-2026,CLI00652,Livro SQL Essencial,Livros,"81,01",1,Fortaleza/CE/Brasil,Pix,Devolvido
TRX0007385,PED003914,21/05/2026,CLI00652,Tenis Corrida Leve,Esporte,"R$ 339,22",2,Fortaleza/CE/Brasil,Pix,Devolvido
TRX0007386,PED003914,2026-05-21,CLI00652,Vestido Midi,MODA,220.08,0,Fortaleza/CE/Brasil,Pix,Devolvido
TRX0007387,PED003915,2026-05-25,CLI00305,Tenis Corrida Leve,Esporte,"R$ 318,36",1,Campinas/SP/Brasil,Cartao de Debito,Entregue
TRX0007388,PED003915,25/05/2026,CLI00305,Camiseta Dry Fit,Esporte,"85,61",1,Campinas/SP/Brasil,Cartao de Debito,Entregue
TRX0007389,PED003916,15/05/2026,CLI00632,Halteres 10kg,Esporte,"192,30",1,Brasilia/DF/Brasil,Cartao de Credito,Entregue
TRX0007390,PED003916,2026-05-15,CLI00632,Notebook Ultrafino,Eletronicos,3464.55,4,Brasilia/DF/Brasil,Cartao de Credito,Entregue
TRX0007391,PED003917,2026-05-05,CLI00315,Liquidificador Potente,Casa,"235,96",1,Campinas/SP/Brasil,Pix,Entregue
TRX0007392,PED003918,08-05-2026,CLI00647,Livro SQL Essencial,Livros,76.98,1,Recife/PE/Brasil,Pix,Cancelado
TRX0007393,PED003918,08-05-2026,CLI00647,Mochila para Notebook,Acessorios,"188,50",2,Recife/PE/Brasil,Pix,Cancelado
TRX0007394,PED003918,08/05/2026,CLI00647,Teclado Mecanico,Acessorios,"R$ 349,08",2,Recife/PE/Brasil,Pix,Cancelado
TRX0007395,PED003919,2026-05-21,CLI00222,Mochila para Notebook,Acessorios,"R$ 178,22",1,Belo Horizonte/MG/Brasil,Pix,Entregue
TRX0007396,PED003919,2026-05-21,CLI00222,Mouse Sem Fio,Acessorios,"92,20",1,Belo Horizonte/MG/Brasil,Pix,Entregue
TRX0007397,PED003919,2026-05-21,CLI00222,Headset Gamer,Acessorios,"275,18",1,Belo Horizonte/MG/Brasil,Pix,Entregue
TRX0007398,PED003919,21-05-2026,CLI00222,Jogo de Panelas,Casa,379.90,1,Belo Horizonte/MG/Brasil,Pix,Entregue
TRX0007399,PED003920,04-05-2026,CLI00579,Jogo de Panelas,Casa,"R$ 407,04",2,Fortaleza/CE/Brasil,Boleto,Entregue
TRX0007400,PED003921,23/05/2026,CLI00480,Livro Historia do Brasil,Livros,"R$ 69,23",1,Porto Alegre/RS/Brasil,Cartao de Credito,Entregue
TRX0007401,PED003921,2026-05-23,CLI00480,Notebook Ultrafino,Eletronicos,"3.514,32",1,Porto Alegre/RS/Brasil,Cartao de Credito,Entregue
TRX0007402,PED003921,2026-05-23,CLI00480,Teclado Mecanico,Acessorios,"R$ 365,42",1,Porto Alegre/RS/Brasil,Cartao de Credito,Entregue
TRX0007403,PED003921,2026-05-23,CLI00480,Headset Gamer,Acessorios,"R$ 256,50",1,Porto Alegre/RS/Brasil,Cartao de Credito,Entregue
TRX0007404,PED003921,23/05/2026,CLI00480,Capa para Smartphone,Acessorios,"R$ 49,50",1,Porto Alegre/RS/Brasil,Cartao de Credito,Entregue
TRX0007405,PED003922,29/05/2026,CLI00069,Jogo de Panelas,Casa,420.50,1,Santos/SP/Brasil,Pix,Entregue
TRX0007406,PED003922,2026-05-29,CLI00069,Livro SQL Essencial,LIVROS,"83,21",2,Santos/SP/Brasil,Pix,Entregue
TRX0007407,PED003923,21-05-2026,CLI00300,Cafeteira Eletrica,Casa,"R$ 276,11",1,Brasilia/DF/Brasil,Cartao de Credito,Entregue
TRX0007408,PED003923,21/05/2026,CLI00300,Liquidificador Potente,Casa,"R$ 211,92",1,Brasilia/DF/Brasil,Cartao de Credito,Entregue
TRX0007409,PED003923,2026-05-21,CLI00300,Vestido Midi,Moda,"209,51",2,Brasilia/DF/Brasil,Cartao de Credito,Entregue
TRX0007410,PED003924,29-05-2026,CLI00387,Mochila para Notebook,Acessorios,"182,10",1,Goiania/GO/Brasil,Pix,Cancelado
TRX0007411,PED003924,29/05/2026,CLI00387,Luminaria de Mesa,Casa,138.12,2,Goiania/GO/Brasil,Pix,Cancelado
TRX0007412,PED003925,24/05/2026,CLI00683,Halteres 10kg,Esporte,194.93,1,Salvador/BA/Brasil,Cartao de Credito,entregue
TRX0007413,PED003926,2026-05-04,CLI00385,Notebook Ultrafino,Eletronicos,"3.632,66",1,Belo Horizonte/MG/Brasil,Cartao de Credito,Entregue
TRX0007414,PED003927,2026-05-06,CLI00084,Teclado Mecanico,Acessorios,"374,29",1,Goiania/GO/Brasil,Cartao de Credito,Entregue
TRX0007415,PED003928,11-05-2026,CLI00375,Garrafa Termica,Esporte,"R$ 113,62",1,Belo Horizonte/MG/Brasil,Cartao de Debito,Entregue
TRX0000975,PED000521,20/10/2024,CLI00022,Vestido Midi,Moda,222.89,1,Fortaleza/CE/Brasil,Pix,Entregue
TRX0007416,PED003929,2026-05-03,CLI00503,Notebook Ultrafino,Eletronicos,"R$ 3.657,33",1,Sao Paulo/SP/Brasil,Cartao de Credito,Entregue
TRX0007417,PED003929,2026-05-03,CLI00503,Mouse Sem Fio,Acessorios,92.40,1,Sao Paulo/SP/Brasil,Cartao de Credito,Entregue
TRX0007418,PED003929,2026-05-03,CLI00503,Camisa Social Slim,Moda,"R$ 158,03",1,Sao Paulo/SP/Brasil,Cartao de Credito,Entregue
TRX0007419,PED003929,2026-05-03,CLI00503,Teclado Mecanico,Acessorios,332.64,0,Sao Paulo/SP/Brasil,Cartao de Credito,Entregue
TRX0007420,PED003930,31-05-2026,CLI00647,Hub USB-C,Acessorios,124.64,2,Recife/PE/Brasil,Pix,Entregue
TRX0007421,PED003931,2026-05-01,CLI00698,Calca Jeans Reta,MODA,184.77,1,Recife/PE/Brasil,Cartao de Debito,Entregue
TRX0007422,PED003931,01/05/2026,CLI00698,Smartphone X200,Eletronicos,2199.50,3,Recife/PE/Brasil,Cartao de Debito,Entregue
TRX0007423,PED003932,09-05-2026,CLI00547,Luminaria de Mesa,Casa,145.38,1,Sao Paulo/SP/Brasil,Boleto,Processando
TRX0007424,PED003932,09/05/2026,CLI00547,Camisa Social Slim,moda,"R$ 151,24",2,Sao Paulo/SP/Brasil,Boleto,Processando
TRX0007425,PED003932,09-05-2026,CLI00547,Carregador Turbo,Acessorios,"R$ 97,54",1,Sao Paulo/SP/Brasil,Boleto,Processando
TRX0007426,PED003933,07-05-2026,CLI00301,Hub USB-C,Acessorios,"R$ 139,32",3,Sao Paulo/SP/Brasil,Cartao de Credito,Entregue
TRX0007427,PED003934,2026-05-27,CLI00301,Camiseta Dry Fit,Esporte,78.25,1,Sao Paulo/SP/Brasil,Pix,Entregue
TRX0007428,PED003934,2026-05-27,CLI00301,Mouse Sem Fio,Acessorios,"R$ 87,54",1,Sao Paulo/SP/Brasil,Pix,Entregue
TRX0007429,PED003935,2026-05-02,CLI00533,Calca Jeans Reta,Moda,"R$ 183,71",1,Campinas/SP/Brasil,Pix,Entregue
TRX0002063,PED001080,08/01/2025,CLI00448,Smartphone X200,Eletronicos,2158.06,2,Florianopolis/SC/Brasil,Cartao de Debito,Entregue
TRX0007430,PED003935,2026-05-02,CLI00533,Garrafa Termica,Esporte,117.12,2,Campinas/SP/Brasil,Pix,Entregue
TRX0007431,PED003935,02-05-2026,CLI00533,Livro Historia do Brasil,Livros,67.95,2,Campinas/SP/Brasil,Pix,Extraviado
TRX0007432,PED003936,2026-05-08,CLI00191,Aspirador Robo,Casa,"R$ 1.649,74",1,Sao Paulo/SP/Brasil,Pix,Cancelado
TRX0007433,PED003936,2026-05-08,CLI00191,Notebook Ultrafino,Eletronicos,23086.90,1,Sao Paulo/SP/Brasil,Pix,CANCELADO
TRX0007434,PED003936,2026-05-08,CLI00191,Mouse Sem Fio,Acessorios,94.59,1,Sao Paulo/SP/Brasil,Pix,Cancelado
TRX0007435,PED003936,2026-05-08,CLI00191,Mochila para Notebook,Acessorios,"R$ 189,02",1,Sao Paulo/SP/Brasil,Pix,Cancelado
TRX0007436,PED003937,2026-05-06,CLI00408,Luminaria de Mesa,CASA,143.87,1,Sao Paulo/SP/Brasil,Boleto,Entregue
TRX0007437,PED003938,2026-05-31,CLI00406,Teclado Mecanico,Acessorios,344.89,1,Rio de Janeiro/RJ/Brasil,Cartao de Credito,Devolvido
TRX0007438,PED003938,31-05-2026,CLI00406,Mochila para Notebook,Acessorios,178.03,2,Rio de Janeiro/RJ/Brasil,Cartao de Credito,Devolvido
TRX0007439,PED003939,10/05/2026,CLI00547,Mochila para Notebook,Acessorios,"177,94",1,Sao Paulo/SP/Brasil,Cartao de Credito,Entregue
TRX0007440,PED003940,2026-05-22,CLI00382,,eletronicos,"2.754,33",1,Curitiba/PR/Brasil,Pix,Entregue
TRX0007441,PED003941,2026-05-19,CLI00010,Vestido Midi,moda,227.34,1,Recife/PE/Brasil,Pix,Entregue
TRX0007442,PED003941,19/05/2026,CLI00010,Garrafa Termica,Esporte,"R$ 125,82",2,Recife/PE/Brasil,Pix,Entregue
TRX0007443,PED003942,2026-05-23,CLI00342,Livro Historia do Brasil,Livros,"R$ 70,06",2,Recife/PE/Brasil,Pix,Cancelado
TRX0007444,PED003942,2026-05-23,CLI00342,Notebook Gamer,Eletronicos,"R$ 4.815,87",1,Recife/PE/Brasil,Pix,Cancelado
TRX0007445,PED003942,2026-05-23,CLI00342,Headset Gamer,Acessorios,"R$ 265,24",1,Recife/PE/Brasil,Pix,Cancelado
TRX0007446,PED003942,2026-05-23,CLI00342,Camiseta Dry Fit,Esporte,"R$ 83,82",1,Recife/PE/Brasil,Pix,Cancelado
TRX0007447,PED003943,23/05/2026,CLI00305,Aspirador Robo,Casa,1699.30,1,Campinas/SP/Brasil,Pix,Enviado
TRX0007448,PED003944,12/05/2026,CLI00429,Notebook Gamer,Eletronicos,"R$ 4.835,53",1,Rio de Janeiro/RJ/Brasil,Pix,Entregue
TRX0007449,PED003945,22-05-2026,CLI00192,Mouse Sem Fio,Acessorios,86.69,1,Campinas/SP/Brasil,Cartao de Credito,Entregue
TRX0007450,PED003945,2026-05-22,CLI00192,Vestido Midi,Moda,"R$ 219,87",1,Campinas/SP/Brasil,Cartao de Credito,entregue
TRX0001685,PED000893,2024-12-23,CLI00374,Camisa Social Slim,Moda,"R$ 163,23",1,Rio de Janeiro/RJ/Brasil,Boleto,Enviado
TRX0007451,PED003946,2026-05-12,CLI00049,Tapete de Yoga,Esporte,"154,29",1,Campinas/SP/Brasil,Cartao de Credito,Devolvido
TRX0007452,PED003946,12-05-2026,CLI00049,Aspirador Robo,Casa,1712.59,2,Campinas/SP/Brasil,Cartao de Credito,Devolvido
TRX0007453,PED003946,2026-05-12,CLI00049,Livro Dados em Acao,LIVROS,"87,32",1,Campinas/SP/Brasil,Cartao de Credito,Devolvido
TRX0007454,PED003947,2026-05-13,CLI00228,Capa para Smartphone,Acessorios,"R$ 53,26",1,Rio de Janeiro/RJ/Brasil,Cartao de Credito,Entregue
TRX0007455,PED003948,27/05/2026,CLI00043,Livro Historia do Brasil,Livros,72.23,1,Rio de Janeiro/RJ/Brasil,Pix,Entregue
TRX0007456,PED003949,2026-05-15,CLI00534,Camisa Social Slim,Moda,161.57,2,Fortaleza/CE/Brasil,Cartao de Credito,Enviado
TRX0007457,PED003949,2026-05-15,CLI00534,Garrafa Termica,Esporte,"R$ 119,05",1,Fortaleza/CE/Brasil,Cartao de Credito,Enviado
TRX0007458,PED003949,15-05-2026,CLI00534,Livro Historia do Brasil,Livros,"73,36",3,Fortaleza/CE/Brasil,Cartao de Credito,Enviado
TRX0007459,PED003950,09-05-2026,CLI00164,Camisa Social Slim,Moda,"R$ 163,55",2,Curitiba/PR/Brasil,Boleto,Entregue
TRX0007460,PED003950,09-05-2026,CLI00164,Notebook Gamer,Eletronicos,"4.687,28",1,Curitiba/PR/Brasil,Boleto,Entregue
TRX0007461,PED003950,2026-05-09,CLI00164,Carregador Turbo,Acessórios,"R$ 105,57",1,Curitiba/PR/Brasil,Boleto,Entregue
TRX0007462,PED003950,09-05-2026,CLI00164,Jogo de Panelas,Casa,413.27,1,Curitiba/PR/Brasil,Boleto,ENTREGUE
TRX0007463,PED003950,2026-05-09,CLI00164,Smartphone X200,Eletronicos,"2.311,33",1,Curitiba/PR/Brasil,Boleto,Entregue
TRX0007464,PED003951,2026-05-21,CLI00347,Capa para Smartphone,Acessorios,"48,01",3,Curitiba/PR/Brasil,Cartao de Credito,devolvido
TRX0007465,PED003951,2026-05-21,CLI00347,Smartphone X200,Eletronicos,"R$ 2.104,66",1,Curitiba/PR/Brasil,Cartao de Credito,Devolvido
TRX0007466,PED003951,2026-05-21,CLI00347,Halteres 10kg,Esporte,"191,72",1,Curitiba/PR/Brasil,Cartao de Credito,Devolvido
TRX0007467,PED003952,2026-05-15,CLI00647,Carregador Turbo,Acessorios,"R$ 96,29",4,Recife/PE/Brasil,Cartao de Credito,Entregue
TRX0007468,PED003952,2026-05-15,CLI00647,Garrafa Termica,Esporte,"126,66",1,Recife/PE/Brasil,Cartao de Credito,Entregue
TRX0007469,PED003952,15-05-2026,CLI00647,Livro SQL Essencial,Livros,76.22,2,Recife/PE/Brasil,Cartao de Credito,entregue
TRX0007470,PED003952,2026-05-15,CLI00647,Liquidificador Potente,Casa,223.00,1,Recife/PE/Brasil,Cartao de Credito,ENTREGUE
TRX0007471,PED003952,15/05/2026,CLI00647,Monitor 27,Eletronicos,"1.126,99",1,Recife/PE/Brasil,Cartao de Credito,Entregue
TRX0007472,PED003953,20-05-2026,CLI00030,Teclado Mecanico,Acessorios,"R$ 356,12",3,Sao Paulo/SP/Brasil,Pix,Cancelado
TRX0007473,PED003954,24-05-2026,CLI00043,Livro SQL Essencial,Livros,"80,36",1,Rio de Janeiro/RJ/Brasil,Pix,Entregue
TRX0007474,PED003955,28-05-2026,CLI00632,Jaqueta Corta Vento,moda,286.53,1,Brasilia/DF/Brasil,Pix,Entregue
TRX0007475,PED003956,2026-05-24,CLI00191,Camisa Social Slim,Moda,"R$ 171,61",2,Sao Paulo/SP/Brasil,Cartao de Credito,Entregue
TRX0007476,PED003957,05/05/2026,CLI00030,Capa para Smartphone,Acessorios,51.99,1,Sao Paulo/SP/Brasil,Cartao de Debito,Entregue
TRX0007477,PED003957,05/05/2026,CLI00030,Livro Dados em Acao,livros,"R$ 95,51",2,Sao Paulo/SP/Brasil,Cartao de Debito,Entregue
TRX0007478,PED003958,2026-05-03,CLI00667,Capa para Smartphone,Acessorios,"50,93",1,Belo Horizonte/MG/Brasil,Cartao de Credito,Entregue
TRX0007479,PED003958,03-05-2026,CLI00667,Carregador Turbo,Acessorios,"R$ 96,38",-2,Belo Horizonte/MG/Brasil,Cartao de Credito,Entregue
TRX0007480,PED003959,2026-05-27,CLI00628,Notebook Gamer,Eletronicos,"R$ 4.788,85",1,Sao Paulo/SP/Brasil,Boleto,Enviado
TRX0007481,PED003960,11/05/2026,CLI00408,Smart TV 50,Eletronicos,2497.36,1,Sao Paulo/SP/Brasil,Cartao de Debito,Entregue
TRX0007482,PED003961,2026-05-05,CLI00541,Tenis Corrida Leve,Esporte,"316,13",2,Sao Paulo/SP/Brasil,Boleto,Entregue
TRX0007483,PED003961,2026-05-05,CLI00541,Camiseta Dry Fit,Esporte,"R$ 79,35",1,Sao Paulo/SP/Brasil,Boleto,Entregue
TRX0007484,PED003962,2026-05-23,CLI00541,Vestido Midi,Moda,"218,35",2,Sao Paulo/SP/Brasil,Boleto,entregue
TRX0007485,PED003963,29/05/2026,CLI00542,Headset Gamer,Acessorios,"R$ 267,51",4,Curitiba/PR/Brasil,Boleto,Entregue
TRX0007486,PED003964,13/05/2026,CLI00222,Mouse Sem Fio,Acessorios,"93,40",1,Belo Horizonte/MG/Brasil,Cartao de Debito,processando
TRX0007487,PED003965,2026-05-12,CLI00652,Livro SQL Essencial,Livros,"R$ 78,78",2,Fortaleza/CE/Brasil,Cartao de Credito,Entregue
TRX0007488,PED003965,12/05/2026,CLI00652,Mouse Sem Fio,Acessorios,"R$ 92,86",1,Fortaleza/CE/Brasil,Cartao de Credito,Entregue
TRX0007489,PED003965,12/05/2026,CLI00652,Livro Dados em Acao,Livros,88.01,1,Fortaleza/CE/Brasil,Cartao de Credito,Entregue
TRX0007490,PED003965,12/05/2026,CLI00652,Livro Historia do Brasil,livros,"69,29",1,Fortaleza/CE/Brasil,Cartao de Credito,Entregue
TRX0007491,PED003965,12-05-2026,CLI00652,Cafeteira Eletrica,CASA,305.74,2,Fortaleza/CE/Brasil,Cartao de Credito,Entregue
TRX0007492,PED003966,2026-05-18,CLI00480,Livro Dados em Acao,Livros,"84,73",1,Porto Alegre/RS/Brasil,Pix,Entregue
TRX0007493,PED003967,2026-05-09,CLI00148,Smart TV 50,Eletronicos,"2.524,64",1,Fortaleza/CE/Brasil,Cartao de Credito,Entregue
TRX0007494,PED003967,2026-05-09,CLI00148,Camisa Social Slim,Moda,"R$ 169,44",3,Fortaleza/CE/Brasil,Cartao de Credito,Entregue
TRX0007495,PED003967,2026-05-09,CLI00148,Mochila para Notebook,Acessorios,174.02,4,Fortaleza/CE/Brasil,Cartao de Credito,Entregue
TRX0007496,PED003968,2026-05-22,CLI00420,Tapete de Yoga,Esporte,"R$ 146,86",1,Salvador/BA/Brasil,Pix,entregue
TRX0007497,PED003969,12/05/2026,CLI00160,Livro SQL Essencial,LIVROS,77.87,2,Brasilia/DF/Brasil,Cartao de Credito,Devolvido
TRX0007498,PED003969,2026-05-12,CLI00160,Cafeteira Eletrica,Casa,"R$ 289,67",1,Brasilia/DF/Brasil,Cartao de Credito,Devolvido
TRX0007499,PED003970,2026-05-17,CLI00461,Mochila para Notebook,Acessorios,183.24,1,Porto Alegre/RS/Brasil,Cartao de Credito,Entregue
TRX0007500,PED003971,2026-05-26,CLI00361,Tapete de Yoga,Esporte,144.87,1,Santos/SP/Brasil,Cartao de Debito,Entregue
TRX0007501,PED003972,2026-05-06,CLI00191,Tenis Corrida Leve,Esporte,"351,33",2,Sao Paulo/SP/Brasil,Cartao de Credito,Entregue
TRX0007502,PED003973,2026-05-05,CLI00091,Hub USB-C,Acessorios,"R$ 134,64",3,Sao Paulo/SP/Brasil,Pix,Entregue
TRX0007503,PED003974,2026-05-31,CLI00451,Cafeteira Eletrica,Casa,"R$ 285,11",1,Curitiba/PR/Brasil,Cartao de Debito,Entregue
TRX0007504,PED003975,2026-05-16,CLI00547,Carregador Turbo,ACESSORIOS,"R$ 99,64",1,Sao Paulo/SP/Brasil,Cartao de Debito,Entregue
TRX0007505,PED003975,2026-05-16,CLI00547,Calca Jeans Reta,Moda,"R$ 179,63",2,Sao Paulo/SP/Brasil,Cartao de Debito,Entregue
TRX0007506,PED003976,2026-05-12,CLI00110,Livro Dados em Acao,Livros,"R$ 90,35",1,Uberlandia/MG/Brasil,Cartao de Credito,Cancelado
TRX0007507,PED003977,06-05-2026,CLI00207,Liquidificador Potente,CASA,"R$ 217,08",1,Recife/PE/Brasil,Cartao de Credito,Entregue
TRX0007508,PED003978,23-05-2026,CLI00547,Teclado Mecanico,Acessorios,356.43,1,Sao Paulo/SP/Brasil,Cartao de Credito,Entregue
TRX0007509,PED003978,2026-05-23,CLI00547,Smartphone X200,Eletronicos,2244.65,3,Sao Paulo/SP/Brasil,Cartao de Credito,Entregue
TRX0007510,PED003978,2026-05-23,CLI00547,Mouse Sem Fio,Acessorios,"95,20",1,Sao Paulo/SP/Brasil,Cartao de Credito,Entregue
TRX0007511,PED003979,26-05-2026,CLI00192,Smart TV 50,Eletronicos,"R$ 2.509,85",2,Campinas/SP/Brasil,Pix,Entregue
TRX0007512,PED003979,2026-05-26,CLI00192,Tenis Corrida Leve,esporte,353.71,1,Campinas/SP/Brasil,Pix,Entregue
TRX0007513,PED003980,30-05-2026,CLI00177,Mochila para Notebook,Acessorios,"184,70",1,Florianopolis/SC/Brasil,Boleto,Devolvido
TRX0007514,PED003981,02/05/2026,CLI00537,Liquidificador Potente,Casa,"R$ 235,80",2,Uberlandia/MG/Brasil,Cartao de Credito,Entregue
TRX0007515,PED003982,08/05/2026,CLI00014,Halteres 10kg,ESPORTE,"R$ 189,23",1,Curitiba/PR/Brasil,Cartao de Debito,Entregue
TRX0007516,PED003982,2026-05-08,CLI00014,Monitor 27,Eletrônicos,"R$ 1.103,15",2,Curitiba/PR/Brasil,Cartao de Debito,Entregue
TRX0007517,PED003982,08-05-2026,CLI00014,Garrafa Termica,Esporte,"126,14",1,Curitiba/PR/Brasil,Cartao de Debito,entregue
TRX0007518,PED003982,2026-05-08,CLI00014,Notebook Ultrafino,Eletronicos,"R$ 3.305,15",1,Curitiba/PR/Brasil,Cartao de Debito,Entregue
TRX0007519,PED003983,14/05/2026,CLI00239,Capa para Smartphone,Acessorios,49.64,1,Campinas/SP/Brasil,Pix,Entregue
TRX0007520,PED003983,2026-05-14,CLI00239,Vestido Midi,Moda,215.42,1,Campinas/SP/Brasil,Pix,Entregue
TRX0007521,PED003984,30/05/2026,CLI00069,Notebook Ultrafino,Eletronicos,3374.38,2,Santos/SP/Brasil,Cartao de Credito,Processando
TRX0007522,PED003985,25/05/2026,CLI00305,Camiseta Dry Fit,ESPORTE,"R$ 85,36",1,Campinas/SP/Brasil,Pix,Entregue
TRX0007523,PED003986,2026-05-07,CLI00385,Garrafa Termica,Esporte,119.26,1,Belo Horizonte/MG/Brasil,Pix,Entregue
TRX0007524,PED003986,2026-05-07,CLI00385,Capa para Smartphone,Acessorios,"50,79",3,Belo Horizonte/MG/Brasil,Pix,Entregue
TRX0007845,PED004147,13/06/2026,CLI00492,Tenis Corrida Leve,Esporte,"R$ 312,91",2,Rio de Janeiro/RJ/Brasil,Cartao de Credito,Cancelado
TRX0007525,PED003987,2026-05-28,CLI00191,Headset Gamer,Acessorios,"R$ 263,43",1,Sao Paulo/SP/Brasil,Cartao de Credito,Entregue
TRX0007526,PED003987,2026-05-28,CLI00191,Livro SQL Essencial,Livros,"84,92",1,Sao Paulo/SP/Brasil,Cartao de Credito,Entregue
TRX0001173,PED000625,08/11/2024,CLI00002,Calca Jeans Reta,Moda,"191,46",1,Florianopolis/SC/Brasil,Cartao de Credito,Entregue
TRX0007527,PED003987,28/05/2026,CLI00191,Calca Jeans Reta,Moda,"R$ 194,60",1,Sao Paulo/SP/Brasil,Cartao de Credito,Entregue
TRX0007528,PED003988,28/05/2026,CLI00440,Camiseta Dry Fit,Esporte,79.79,2,Sao Paulo/SP/Brasil,Cartao de Debito,Enviado
TRX0007529,PED003988,28/05/2026,CLI00440,Jaqueta Corta Vento,Moda,286.33,1,Sao Paulo/SP/Brasil,Cartao de Debito,Enviado
TRX0007530,PED003988,2026-05-28,CLI00440,Notebook Ultrafino,Eletronicos,"R$ 3.333,98",1,Sao Paulo/SP/Brasil,Cartao de Debito,Enviado
TRX0007531,PED003989,2026-05-28,CLI00305,Calca Jeans Reta,Moda,"R$ 200,61",2,Campinas/SP/Brasil,Pix,Devolvido
TRX0007532,PED003990,13-05-2026,CLI00219,Vestido Midi,Moda,"219,30",2,Sao Paulo/SP/Brasil,Boleto,Entregue
TRX0007533,PED003991,07-05-2026,CLI00600,Aspirador Robo,Casa,"1.617,03",1,Fortaleza/CE/Brasil,Pix,Entregue
TRX0007534,PED003992,2026-05-03,CLI00542,Liquidificador Potente,Casa,236.35,2,Curitiba/PR/Brasil,Cartao de Credito,Cancelado
TRX0007535,PED003992,03/05/2026,CLI00542,Tablet 10,Eletronicos,1335.03,1,Curitiba/PR/Brasil,Cartao de Credito,CANCELADO
TRX0007536,PED003993,2026-05-24,CLI00632,Notebook Ultrafino,Eletronicos,"3.497,56",2,Brasilia/DF/Brasil,Pix,Cancelado
TRX0007537,PED003994,04-05-2026,CLI00347,Halteres 10kg,Esporte,"R$ 187,96",1,Curitiba/PR/Brasil,Boleto,entregue
TRX0007538,PED003994,2026-05-04,CLI00347,Monitor 27,Eletronicos,"R$ 1.148,93",4,Curitiba/PR/Brasil,Boleto,Entregue
TRX0007539,PED003994,04/05/2026,CLI00347,Carregador Turbo,Acessorios,"R$ 102,45",2,Curitiba/PR/Brasil,Boleto,Entregue
TRX0007540,PED003994,2026-05-04,CLI00347,Livro Dados em Acao,LIVROS,"R$ 88,87",2,Curitiba/PR/Brasil,Boleto,Entregue
TRX0007541,PED003994,2026-05-04,CLI00347,Smartphone X200,eletronicos,"R$ 2.241,92",1,Curitiba/PR/Brasil,Boleto,Entregue
TRX0007542,PED003995,20-05-2026,CLI00305,Carregador Turbo,Acessorios,"R$ 105,16",1,Campinas/SP/Brasil,Boleto,Cancelado
TRX0007543,PED003995,2026-05-20,CLI00305,Camisa Social Slim,Moda,167.30,2,Campinas/SP/Brasil,Boleto,Cancelado
TRX0007544,PED003995,20/05/2026,CLI00305,Jogo de Panelas,Casa,"380,20",2,Campinas/SP/Brasil,Boleto,CANCELADO
TRX0007545,PED003995,2026-05-20,CLI00305,Tablet 10,eletronicos,"R$ 1.270,37",1,Campinas/SP/Brasil,Boleto,Cancelado
TRX0007546,PED003996,2026-05-11,CLI00060,Carregador Turbo,Acessorios,"R$ 104,65",2,Sao Paulo/SP/Brasil,Cartao de Debito,entregue
TRX0002993,PED001588,2025-04-26,CLI00038,Carregador Turbo,Acessorios,"105,09",1,Campinas/SP/Brasil,Cartao de Credito,Entregue
TRX0007547,PED003996,11-05-2026,CLI00060,Livro Historia do Brasil,Livros,"69,13",2,Sao Paulo/SP/Brasil,Cartao de Debito,Entregue
TRX0007548,PED003996,11/05/2026,CLI00060,Cafeteira Eletrica,Casa,308.79,1,Sao Paulo/SP/Brasil,Cartao de Debito,Entregue
TRX0007549,PED003996,11/05/2026,CLI00060,Tapete de Yoga,Esporte,"R$ 153,79",2,Sao Paulo/SP/Brasil,Cartao de Debito,Entregue
TRX0007550,PED003997,22/05/2026,CLI00480,Tenis Corrida Leve,Esporte,319.95,1,Porto Alegre/RS/Brasil,Pix,Entregue
TRX0007551,PED003997,2026-05-22,CLI00480,Camiseta Dry Fit,Esporte,"R$ 76,42",2,Porto Alegre/RS/Brasil,Pix,Entregue
TRX0007552,PED003998,2026-05-04,CLI00652,Mochila para Notebook,ACESSORIOS,"R$ 173,96",1,Fortaleza/CE/Brasil,Cartao de Credito,Entregue
TRX0007553,PED003999,29-05-2026,CLI00417,Garrafa Termica,Esporte,"122,56",1,Sao Paulo/SP/Brasil,Cartao de Credito,Devolvido
TRX0007554,PED004000,2026-05-21,CLI00014,Jaqueta Corta Vento,Moda,"274,70",1,Curitiba/PR/Brasil,Cartao de Credito,Entregue
TRX0007555,PED004001,2026-05-14,CLI00148,Livro Historia do Brasil,Livros,"73,74",1,Fortaleza/CE/Brasil,Cartao de Credito,Entregue
TRX0007556,PED004002,2026-05-30,CLI00342,Carregador Turbo,Acessorios,"103,79",2,Recife/PE/Brasil,Cartao de Credito,Entregue
TRX0007557,PED004002,30-05-2026,CLI00342,Vestido Midi,MODA,216.05,2,Recife/PE/Brasil,Cartao de Credito,Entregue
TRX0007558,PED004002,30/05/2026,CLI00342,Camiseta Dry Fit,Esporte,"R$ 85,77",1,Recife/PE/Brasil,Cartao de Credito,Entregue
TRX0007559,PED004003,2026-05-23,CLI00652,Jaqueta Corta Vento,Moda,"R$ 272,81",1,Fortaleza/CE/Brasil,Pix,Entregue
TRX0007560,PED004003,2026-05-23,CLI00652,Notebook Ultrafino,Eletronicos,3684.25,1,Fortaleza/CE/Brasil,Pix,Entregue
TRX0007561,PED004003,2026-05-23,CLI00652,Livro SQL Essencial,Livros,82.93,1,Fortaleza/CE/Brasil,Pix,Entregue
TRX0007562,PED004004,2026-05-16,CLI00467,Liquidificador Potente,casa,221.57,4,Campinas/SP/Brasil,Cartao de Debito,Entregue
TRX0007563,PED004004,2026-05-16,CLI00467,Calca Jeans Reta,Moda,"197,51",1,Campinas/SP/Brasil,Cartao de Debito,Entregue
TRX0007564,PED004004,2026-05-16,CLI00467,Tablet 10,Eletronicos,"R$ 1.326,36",2,Campinas/SP/Brasil,Cartao de Debito,Entregue
TRX0007565,PED004005,2026-05-24,CLI00366,Camiseta Dry Fit,Esporte,86.24,2,Porto Alegre/RS/Brasil,Pix,Entregue
TRX0007566,PED004005,24-05-2026,CLI00366,Liquidificador Potente,Casa,"R$ 233,30",1,Porto Alegre/RS/Brasil,Pix,Entregue
TRX0007567,PED004005,2026-05-24,CLI00366,Garrafa Termica,Esporte,"R$ 123,67",1,Porto Alegre/RS/Brasil,Pix,Entregue
TRX0007568,PED004005,2026-05-24,CLI00366,Aspirador Robo,Casa,1629.45,1,Porto Alegre/RS/Brasil,Pix,Entregue
TRX0007569,PED004006,2026-05-21,CLI00662,Livro Dados em Acao,livros,"85,23",2,Recife/PE/Brasil,Pix,Entregue
TRX0007570,PED004007,25-05-2026,CLI00480,Vestido Midi,moda,"225,33",4,Porto Alegre/RS/Brasil,Pix,Entregue
TRX0007571,PED004007,25/05/2026,CLI00480,Capa para Smartphone,Acessorios,"R$ 47,42",2,Porto Alegre/RS/Brasil,Pix,Entregue
TRX0007572,PED004008,2026-05-01,CLI00143,Monitor 27,Eletronicos,"R$ 1.186,27",1,Porto Alegre/RS/Brasil,Cartao de Credito,Entregue
TRX0007573,PED004009,2026-05-05,CLI00460,Livro Dados em Acao,Livros,93.17,1,Sao Paulo/SP/Brasil,Pix,Entregue
TRX0007574,PED004009,05/05/2026,CLI00460,Mochila para Notebook,Acessorios,"R$ 191,73",1,Sao Paulo/SP/Brasil,Pix,ENTREGUE
TRX0007575,PED004009,05-05-2026,CLI00460,Notebook Gamer,Eletronicos,4805.60,2,Sao Paulo/SP/Brasil,Pix,ENTREGUE
TRX0007576,PED004010,2026-05-22,CLI00236,Capa para Smartphone,Acessorios,"51,87",1,Sao Paulo/SP/Brasil,Cartao de Credito,Processando
TRX0007577,PED004010,22-05-2026,CLI00236,Liquidificador Potente,Casa,"R$ 227,24",2,Sao Paulo/SP/Brasil,Cartao de Credito,Processando
TRX0007578,PED004010,22/05/2026,CLI00236,Headset Gamer,Acessorios,1846.80,1,Sao Paulo/SP/Brasil,Cartao de Credito,Processando
TRX0007579,PED004010,2026-05-22,CLI00236,Smart TV 50,Eletronicos,2559.39,1,Sao Paulo/SP/Brasil,Cartao de Credito,Processando
TRX0007580,PED004011,27-05-2026,CLI00007,Headset Gamer,acessorios,274.06,1,Sao Paulo/SP/Brasil,Cartao de Credito,Enviado
TRX0005211,PED002767,2025-11-28,CLI00563,Notebook Gamer,Eletronicos,5107.02,1,Porto Alegre/RS/Brasil,Cartao de Credito,Enviado
TRX0007581,PED004011,2026-05-27,CLI00007,Aspirador Robo,Casa,"1.573,02",1,Sao Paulo/SP/Brasil,Cartao de Credito,Enviado
TRX0007582,PED004012,2026-05-19,CLI00222,Mochila para Notebook,Acessorios,"186,81",1,Belo Horizonte/MG/Brasil,Cartao de Credito,Entregue
TRX0007583,PED004012,19/05/2026,CLI00222,Halteres 10kg,Esporte,"R$ 199,44",2,Belo Horizonte/MG/Brasil,Cartao de Credito,Entregue
TRX0007584,PED004013,2026-05-30,CLI00647,Luminaria de Mesa,Casa,"132,59",3,Recife/PE/Brasil,Cartao de Debito,Entregue
TRX0007585,PED004014,30-05-2026,CLI00361,Carregador Turbo,Acessorios,102.32,1,Santos/SP/Brasil,Pix,Entregue
TRX0007586,PED004014,2026-05-30,CLI00361,Luminaria de Mesa,Casa,145.68,1,Santos/SP/Brasil,Pix,Entregue
TRX0007587,PED004014,30/05/2026,CLI00361,Notebook Ultrafino,Eletronicos,3394.25,1,Santos/SP/Brasil,Pix,Entregue
TRX0007588,PED004015,2026-05-02,CLI00335,Teclado Mecanico,Acessorios,"339,41",1,Recife/PE/Brasil,Boleto,processando
TRX0007589,PED004015,2026-05-02,CLI00335,Liquidificador Potente,Casa,"233,81",2,Recife/PE/Brasil,Boleto,Processando
TRX0007590,PED004016,2026-05-26,CLI00062,Vestido Midi,Moda,208.65,2,Curitiba/PR/Brasil,Pix,Entregue
TRX0007591,PED004017,11-05-2026,CLI00507,Luminaria de Mesa,Casa,141.86,1,Niteroi/RJ/Brasil,Pix,Entregue
TRX0007592,PED004017,2026-05-11,CLI00507,Capa para Smartphone,Acessorios,292.36,1,Niteroi/RJ/Brasil,Pix,Entregue
TRX0007593,PED004017,11-05-2026,CLI00507,Teclado Mecanico,Acessorios,372.89,1,Niteroi/RJ/Brasil,Pix,Entregue
TRX0007594,PED004018,2026-05-15,CLI00686,Hub USB-C,Acessorios,123.86,1,Santos/SP/Brasil,Boleto,Cancelado
TRX0007595,PED004018,2026-05-15,CLI00686,Garrafa Termica,Esporte,119.46,1,Santos/SP/Brasil,Boleto,Cancelado
TRX0007596,PED004018,2026-05-15,CLI00686,Halteres 10kg,Esporte,"180,05",1,Santos/SP/Brasil,Boleto,Cancelado
TRX0007597,PED004018,15/05/2026,CLI00686,Mouse Sem Fio,Acessorios,93.14,1,Santos/SP/Brasil,Boleto,Cancelado
TRX0007598,PED004018,2026-05-15,CLI00686,Vestido Midi,Moda,214.16,1,Santos/SP/Brasil,Boleto,Cancelado
TRX0007599,PED004019,2026-05-05,CLI00014,Notebook Ultrafino,Eletronicos,3331.10,1,Curitiba/PR/Brasil,Pix,Entregue
TRX0007600,PED004020,2026-05-09,CLI00048,Jaqueta Corta Vento,Moda,"R$ 284,97",1,Salvador/BA/Brasil,Pix,Cancelado
TRX0007601,PED004021,2026-05-02,CLI00075,Jogo de Panelas,Casa,"R$ 384,72",3,Campinas/SP/Brasil,Cartao de Credito,Entregue
,PED004022,2026-05-01,CLI00568,Cafeteira Eletrica,Casa,278.96,1,Sao Paulo/SP/Brasil,Boleto,Entregue
TRX0007603,PED004023,09-05-2026,CLI00062,Mochila para Notebook,Acessorios,182.71,1,Curitiba/PR/Brasil,Pix,Entregue
TRX0007604,PED004024,2026-05-04,CLI00541,Hub USB-C,Acessorios,"R$ 125,37",1,Sao Paulo/SP/Brasil,Boleto,Cancelado
TRX0007605,PED004024,04-05-2026,CLI00541,Livro SQL Essencial,Livros,"R$ 79,48",1,Sao Paulo/SP/Brasil,Boleto,Cancelado
TRX0007606,PED004025,2026-05-06,CLI00069,Headset Gamer,Acessorios,"R$ 252,19",1,Santos/SP/Brasil,Boleto,Entregue
TRX0007607,PED004025,2026-05-06,CLI00069,Halteres 10kg,Esporte,"R$ 199,93",2,Santos/SP/Brasil,Boleto,entregue
TRX0007608,PED004026,04/05/2026,CLI00482,Camiseta Dry Fit,ESPORTE,"R$ 82,55",1,Fortaleza/CE/Brasil,Cartao de Credito,Enviado
TRX0007609,PED004026,04-05-2026,CLI00482,Smartphone X200,Eletronicos,"R$ 2.108,99",2,Fortaleza/CE/Brasil,Cartao de Credito,Enviado
TRX0007610,PED004026,04-05-2026,CLI00482,Carregador Turbo,Acessorios,104.45,2,Fortaleza/CE/Brasil,Cartao de Credito,Enviado
TRX0007611,PED004027,2026-05-28,CLI00451,Tapete de Yoga,Esporte,152.40,2,Curitiba/PR/Brasil,Cartao de Credito,Entregue
TRX0007612,PED004027,2026-05-28,CLI00451,Halteres 10kg,Esporte,194.21,1,Curitiba/PR/Brasil,Cartao de Credito,Entregue
TRX0007613,PED004027,28/05/2026,CLI00451,Aspirador Robo,Casa,"R$ 1.643,96",3,Curitiba/PR/Brasil,Cartao de Credito,Entregue
TRX0007614,PED004028,2026-05-21,CLI00534,Tapete de Yoga,Esporte,157.32,1,Fortaleza/CE/Brasil,Pix,Processando
TRX0007615,PED004028,2026-05-21,CLI00534,Halteres 10kg,ESPORTE,"R$ 200,07",1,Fortaleza/CE/Brasil,Pix,PROCESSANDO
TRX0007616,PED004028,21/05/2026,CLI00534,,Eletrônicos,2696.19,1,Fortaleza/CE/Brasil,Pix,Processando
TRX0007617,PED004029,2026-05-10,CLI00408,Livro Dados em Acao,Livros,89.26,1,Sao Paulo/SP/Brasil,Pix,Entregue
TRX0007618,PED004030,2026-05-27,CLI00343,Smart TV 50,Eletronicos,"2.519,09",1,Salvador/BA/Brasil,Boleto,Entregue
TRX0007619,PED004031,2026-05-14,CLI00014,Liquidificador Potente,Casa,229.53,1,Curitiba/PR/Brasil,Cartao de Credito,Processando
TRX0007620,PED004031,2026-05-14,CLI00014,Hub USB-C,Acessorios,135.37,1,Curitiba/PR/Brasil,Cartao de Credito,Processando
TRX0007621,PED004032,28/05/2026,CLI00236,Capa para Smartphone,acessorios,51.61,1,Sao Paulo/SP/Brasil,Cartao de Credito,CANCELADO
TRX0007622,PED004033,05-05-2026,CLI00226,Mochila para Notebook,Acessorios,187.26,1,Salvador/BA/Brasil,Cartao de Debito,Processando
TRX0007623,PED004034,2026-05-18,CLI00265,Notebook Gamer,Eletronicos,"5.016,07",1,Campinas/SP/Brasil,Cartao de Debito,Entregue
TRX0007624,PED004035,2026-05-12,CLI00313,Monitor 27,Eletronicos,1107.79,1,Rio de Janeiro/RJ/Brasil,Pix,Entregue
TRX0007625,PED004036,2026-05-14,CLI00628,Vestido Midi,Moda,"R$ 210,13",3,Sao Paulo/SP/Brasil,Cartao de Credito,Cancelado
TRX0007626,PED004036,14-05-2026,CLI00628,Capa para Smartphone,Acessorios,51.84,1,Sao Paulo/SP/Brasil,Cartao de Credito,Cancelado
TRX0007627,PED004036,14-05-2026,CLI00628,Smart TV 50,Eletronicos,"R$ 2.523,11",2,Sao Paulo/SP/Brasil,Cartao de Credito,Cancelado
TRX0007628,PED004036,2026-05-14,CLI00628,Halteres 10kg,Esporte,"R$ 193,86",1,Sao Paulo/SP/Brasil,Cartao de Credito,Cancelado
TRX0007629,PED004037,29/05/2026,CLI00191,Hub USB-C,Acessorios,"139,02",1,Sao Paulo/SP/Brasil,Pix,Entregue
TRX0007630,PED004038,2026-05-31,CLI00643,Luminaria de Mesa,Casa,"133,26",1,Sao Paulo/SP/Brasil,Pix,Entregue
TRX0007631,PED004038,2026-05-31,CLI00643,Camisa Social Slim,Moda,162.46,1,Sao Paulo/SP/Brasil,Pix,Entregue
TRX0007632,PED004039,2026-05-10,CLI00265,Headset Gamer,Acessorios,"R$ 276,37",4,Campinas/SP/Brasil,Pix,Entregue
TRX0007633,PED004039,2026-05-10,CLI00265,Tablet 10,eletronicos,"R$ 1.252,31",1,Campinas/SP/Brasil,Pix,Entregue
TRX0007634,PED004040,2026-05-23,CLI00530,Liquidificador Potente,Casa,"229,65",1,Belo Horizonte/MG/Brasil,Cartao de Credito,Cancelado
TRX0007635,PED004040,2026-05-23,CLI00530,,Acessorios,255.25,1,Belo Horizonte/MG/Brasil,Cartao de Credito,Cancelado
TRX0007636,PED004041,2026-05-10,CLI00093,Livro Historia do Brasil,Livros,74.45,1,Santos/SP/Brasil,Pix,Entregue
TRX0007637,PED004041,2026-05-10,CLI00093,Teclado Mecanico,Acessorios,"R$ 376,78",1,Santos/SP/Brasil,Pix,Entregue
TRX0006137,PED003244,2026-01-25,CLI00417,Calca Jeans Reta,Moda,"196,55",2,Sao Paulo/SP/Brasil,Pix,Entregue
TRX0007638,PED004041,10/05/2026,CLI00093,Garrafa Termica,Esporte,"R$ 119,23",1,Santos/SP/Brasil,Pix,Entregue
TRX0007639,PED004041,2026-05-10,CLI00093,Livro SQL Essencial,Livros,84.27,1,Santos/SP/Brasil,Pix,Entregue
TRX0007640,PED004042,11-05-2026,CLI00033,Headset Gamer,Acessorios,"R$ 279,09",1,Fortaleza/CE/Brasil,Cartao de Credito,Entregue
TRX0007641,PED004042,2026-05-11,CLI00033,Vestido Midi,Moda,"R$ 231,51",1,Fortaleza/CE/Brasil,Cartao de Credito,Entregue
TRX0007642,PED004042,2026-05-11,CLI00033,Camisa Social Slim,Moda,"159,97",1,Fortaleza/CE/Brasil,Cartao de Credito,Entregue
TRX0007643,PED004042,2026-05-11,CLI00033,Hub USB-C,ACESSORIOS,"138,10",1,Fortaleza/CE/Brasil,Cartao de Credito,Entregue
TRX0007644,PED004042,2026-05-11,CLI00033,Jaqueta Corta Vento,Moda,"274,34",1,Fortaleza/CE/Brasil,Cartao de Credito,Entregue
TRX0007645,PED004043,31/05/2026,CLI00191,Headset Gamer,Acessorios,"R$ 258,67",1,Sao Paulo/SP/Brasil,Pix,Entregue
TRX0003221,PED001700,2025-05-29,CLI00480,Calca Jeans Reta,Moda,"193,91",1,Porto Alegre/RS/Brasil,Cartao de Credito,Processando
TRX0007646,PED004043,31-05-2026,CLI00191,Cafeteira Eletrica,Casa,"R$ 281,38",1,Sao Paulo/SP/Brasil,Pix,Entregue
TRX0007647,PED004044,2026-05-24,CLI00508,Camiseta Dry Fit,Esporte,"80,29",1,Sao Paulo/SP/Brasil,Cartao de Credito,Enviado
TRX0007648,PED004044,2026-05-24,CLI00508,Livro SQL Essencial,livros,75.48,1,Sao Paulo/SP/Brasil,Cartao de Credito,Enviado
TRX0007649,PED004044,24-05-2026,CLI00508,Notebook Gamer,Eletronicos,"5.196,50",1,Sao Paulo/SP/Brasil,Cartao de Credito,Enviado
TRX0007650,PED004045,2026-05-08,CLI00361,Hub USB-C,Acessorios,"R$ 136,90",4,Santos/SP/Brasil,Cartao de Credito,Entregue
TRX0007651,PED004046,29-05-2026,CLI00568,Tablet 10,Eletronicos,1386.50,1,Sao Paulo/SP/Brasil,Cartao de Credito,Entregue
TRX0007652,PED004046,2026-05-29,CLI00568,Mouse Sem Fio,Acessorios,"R$ 92,68",1,Sao Paulo/SP/Brasil,Cartao de Credito,Entregue
TRX0007653,PED004047,13-05-2026,CLI00116,Jogo de Panelas,Casa,"391,02",3,Belo Horizonte/MG/Brasil,Cartao de Credito,entregue
TRX0007654,PED004048,27/05/2026,CLI00382,Halteres 10kg,Esporte,"R$ 203,96",4,Curitiba/PR/Brasil,Cartao de Credito,Cancelado
TRX0007655,PED004048,27-05-2026,CLI00382,Tablet 10,Eletronicos,1385.86,2,Curitiba/PR/Brasil,Cartao de Credito,Cancelado
TRX0007656,PED004049,27/05/2026,CLI00026,Camisa Social Slim,Moda,"R$ 159,81",3,Brasilia/DF/Brasil,Pix,Entregue
TRX0007657,PED004049,27/05/2026,CLI00026,Mochila para Notebook,Acessorios,"184,51",2,Brasilia/DF/Brasil,Pix,Entregue
TRX0007658,PED004049,2026-05-27,CLI00026,Smartphone X200,Eletronicos,"R$ 2.102,15",1,Brasilia/DF/Brasil,Pix,Entregue
TRX0007659,PED004050,2026-05-24,CLI00576,Jaqueta Corta Vento,Moda,263.67,1,Curitiba/PR/Brasil,Pix,Entregue
TRX0007660,PED004050,2026-05-24,CLI00576,Mochila para Notebook,Acessorios,"R$ 186,72",1,Curitiba/PR/Brasil,Pix,Entregue
TRX0007661,PED004051,26/05/2026,CLI00118,Tenis Corrida Leve,Esporte,"R$ 326,62",1,Curitiba/PR/Brasil,Boleto,Entregue
TRX0007662,PED004052,11/05/2026,CLI00600,Camiseta Dry Fit,Esporte,"80,89",1,Fortaleza/CE/Brasil,Boleto,Entregue
TRX0007663,PED004053,2026-05-02,CLI00482,Aspirador Robo,Casa,"R$ 1.615,68",1,Fortaleza/CE/Brasil,Pix,Cancelado
TRX0007664,PED004054,01-05-2026,CLI00582,Livro Dados em Acao,Livros,"R$ 89,25",1,Belo Horizonte/MG/Brasil,Boleto,Entregue
TRX0007665,PED004054,2026-05-01,CLI00582,Livro SQL Essencial,Livros,"R$ 77,74",1,Belo Horizonte/MG/Brasil,Boleto,Entregue
TRX0007666,PED004055,29/05/2026,CLI00069,Camiseta Dry Fit,Esporte,"85,46",1,Santos/SP/Brasil,Cartao de Credito,Cancelado
TRX0007667,PED004055,2026-05-29,CLI00069,Mouse Sem Fio,Acessorios,87.33,1,Santos/SP/Brasil,Cartao de Credito,Cancelado
TRX0007668,PED004056,19-05-2026,CLI00462,Halteres 10kg,Esporte,187.91,3,Goiania/GO/Brasil,Pix,Processando
TRX0007669,PED004056,2026-05-19,CLI00462,Jaqueta Corta Vento,Moda,262.49,3,Goiania/GO/Brasil,Pix,Processando
TRX0007670,PED004056,19/05/2026,CLI00462,Garrafa Termica,Esporte,123.85,1,Goiania/GO/Brasil,Pix,Processando
TRX0007671,PED004057,2026-05-11,CLI00347,Camisa Social Slim,Moda,"R$ 163,18",1,Curitiba/PR/Brasil,Boleto,Entregue
TRX0007672,PED004057,2026-05-11,CLI00347,Capa para Smartphone,Acessorios,"49,81",2,Curitiba/PR/Brasil,Boleto,Entregue
TRX0007673,PED004057,2026-05-11,CLI00347,Camiseta Dry Fit,Esporte,"82,11",1,Curitiba/PR/Brasil,Boleto,Entregue
TRX0007674,PED004057,11/05/2026,CLI00347,Cafeteira Eletrica,Casa,"288,91",2,Curitiba/PR/Brasil,Boleto,Entregue
TRX0007675,PED004058,12-05-2026,CLI00342,Carregador Turbo,Acessorios,"R$ 101,07",1,Recife/PE/Brasil,Pix,Entregue
TRX0007676,PED004058,2026-05-12,CLI00342,Aspirador Robo,Casa,"R$ 1.612,61",1,Recife/PE/Brasil,Pix,Entregue
TRX0007677,PED004059,25/05/2026,CLI00130,Jogo de Panelas,Casa,"396,76",2,Sao Paulo/SP/Brasil,Cartao de Credito,Entregue
TRX0007678,PED004059,2026-05-25,CLI00130,Tenis Corrida Leve,Esporte,"R$ 321,49",1,Sao Paulo/SP/Brasil,Cartao de Credito,entregue
TRX0007679,PED004060,15/05/2026,CLI00331,Monitor 27,eletronicos,1168.40,2,Uberlandia/MG/Brasil,Boleto,Entregue
TRX0007680,PED004060,2026-05-15,CLI00331,Halteres 10kg,esporte,"200,90",4,Uberlandia/MG/Brasil,Boleto,Entregue
TRX0007681,PED004061,2026-05-01,CLI00384,Teclado Mecanico,Acessorios,"R$ 345,42",1,Niteroi/RJ/Brasil,Cartao de Credito,Entregue
TRX0007682,PED004061,2026-05-01,CLI00384,Notebook Gamer,Eletronicos,"R$ 5.037,50",1,Niteroi/RJ/Brasil,Cartao de Credito,Entregue
TRX0007683,PED004062,06/05/2026,CLI00385,Smart TV 50,Eletronicos,"2.733,68",1,Belo Horizonte/MG/Brasil,Boleto,Entregue
TRX0007684,PED004062,06/05/2026,CLI00385,Mochila para Notebook,Acessorios,"170,48",2,Belo Horizonte/MG/Brasil,Boleto,Entregue
TRX0007685,PED004062,06/05/2026,CLI00385,Teclado Mecanico,Acessorios,338.79,1,Belo Horizonte/MG/Brasil,Boleto,Entregue
TRX0001727,PED000912,07/12/2024,CLI00329,Notebook Ultrafino,Eletronicos,3430.38,1,Recife/PE/Brasil,Cartao de Debito,ENTREGUE
TRX0007686,PED004062,2026-05-06,CLI00385,Cafeteira Eletrica,Casa,"R$ 295,69",1,Belo Horizonte/MG/Brasil,Boleto,Entregue
TRX0007687,PED004062,2026-05-06,CLI00385,Livro Dados em Acao,Livros,89.32,1,Belo Horizonte/MG/Brasil,Boleto,Entregue
TRX0007688,PED004063,2026-05-08,CLI00652,Carregador Turbo,Acessorios,"R$ 103,18",4,Fortaleza/CE/Brasil,Boleto,Entregue
TRX0007689,PED004064,21/05/2026,CLI00548,Camiseta Dry Fit,esporte,"R$ 85,77",3,Florianopolis/SC/Brasil,Cartao de Credito,Entregue
TRX0007690,PED004065,2026-05-16,CLI00406,Hub USB-C,Acessorios,"134,08",1,Rio de Janeiro/RJ/Brasil,Pix,Entregue
TRX0007691,PED004065,16-05-2026,CLI00406,Capa para Smartphone,Acessorios,"50,92",1,Rio de Janeiro/RJ/Brasil,Pix,Entregue
TRX0005360,PED002842,2025-11-16,CLI00222,Livro Dados em Acao,Livros,"R$ 85,02",2,Belo Horizonte/MG/Brasil,Cartao de Credito,Entregue
TRX0007692,PED004065,16-05-2026,CLI00406,Calca Jeans Reta,Moda,"R$ 182,84",1,Rio de Janeiro/RJ/Brasil,Pix,Entregue
TRX0007693,PED004066,20/05/2026,CLI00301,Jaqueta Corta Vento,Moda,288.95,1,Sao Paulo/SP/Brasil,Pix,Entregue
TRX0007694,PED004067,08-05-2026,CLI00014,Vestido Midi,MODA,"R$ 219,12",2,Curitiba/PR/Brasil,Pix,Entregue
TRX0007695,PED004068,30-05-2026,CLI00293,Camiseta Dry Fit,Esporte,83.65,1,Florianopolis/SC/Brasil,Cartao de Credito,Entregue
TRX0007696,PED004069,2026-05-10,CLI00537,Aspirador Robo,CASA,"1.655,75",1,Uberlandia/MG/Brasil,Pix,Entregue
TRX0007697,PED004070,2026-05-12,CLI00116,Garrafa Termica,Esporte,,2,Belo Horizonte/MG/Brasil,Cartao de Credito,Entregue
TRX0007698,PED004070,12-05-2026,CLI00116,Hub USB-C,Acessorios,"R$ 132,80",1,Belo Horizonte/MG/Brasil,Cartao de Credito,Entregue
TRX0007699,PED004071,2026-05-24,CLI00257,Capa para Smartphone,Acessorios,"R$ 50,52",2,Belo Horizonte/MG/Brasil,Boleto,Entregue
TRX0007700,PED004071,24/05/2026,CLI00257,Hub USB-C,Acessorios,"R$ 134,27",1,Belo Horizonte/MG/Brasil,Boleto,Entregue
TRX0007701,PED004072,01/05/2026,CLI00406,Tenis Corrida Leve,Esporte,"R$ 331,23",1,Rio de Janeiro/RJ/Brasil,Cartao de Credito,Entregue
TRX0007702,PED004072,2026-05-01,CLI00406,Camiseta Dry Fit,Esporte,82.43,1,Rio de Janeiro/RJ/Brasil,Cartao de Credito,Entregue
TRX0007703,PED004073,2026-06-30,CLI00534,Camisa Social Slim,Moda,"R$ 170,32",1,Fortaleza/CE/Brasil,Pix,Entregue
TRX0007704,PED004073,30/06/2026,CLI00534,Halteres 10kg,esporte,202.27,2,Fortaleza/CE/Brasil,Pix,Entregue
TRX0007705,PED004074,27-06-2026,CLI00510,Camisa Social Slim,Moda,"158,45",0,Curitiba/PR/Brasil,Pix,Entregue
TRX0007706,PED004074,2026-06-27,CLI00510,Livro Dados em Acao,Livros,94.84,2,Curitiba/PR/Brasil,Pix,Entregue
TRX0007707,PED004074,27/06/2026,CLI00510,Jogo de Panelas,Casa,385.88,4,Curitiba/PR/Brasil,Pix,Entregue
TRX0007708,PED004075,2026-06-09,CLI00498,Tenis Corrida Leve,Esporte,"R$ 349,47",1,Campinas/SP/Brasil,Pix,Devolvido
TRX0007709,PED004075,09-06-2026,CLI00498,Camiseta Dry Fit,Esporte,"R$ 78,67",1,Campinas/SP/Brasil,Pix,devolvido
TRX0007710,PED004075,2026-06-09,CLI00498,Jaqueta Corta Vento,Moda,273.22,1,Campinas/SP/Brasil,Pix,devolvido
TRX0007711,PED004076,12-06-2026,CLI00481,Notebook Ultrafino,Eletronicos,"R$ 3.711,43",2,Curitiba/PR/Brasil,Cartao de Debito,Entregue
TRX0007712,PED004076,12/06/2026,CLI00481,Mouse Sem Fio,Acessorios,93.13,2,Curitiba/PR/Brasil,Cartao de Debito,Entregue
TRX0007713,PED004076,12-06-2026,CLI00481,Monitor 27,Eletronicos,"R$ 1.205,48",1,Curitiba/PR/Brasil,Cartao de Debito,Entregue
TRX0007714,PED004077,2026-06-27,CLI00172,Carregador Turbo,Acessórios,"94,90",1,Fortaleza/CE/Brasil,Pix,Entregue
TRX0007715,PED004077,27/06/2026,CLI00172,Hub USB-C,Acessorios,135.64,1,Fortaleza/CE/Brasil,Pix,Entregue
TRX0007716,PED004078,2026-06-26,CLI00619,Jogo de Panelas,Casa,417.13,1,Brasilia/DF/Brasil,Boleto,Processando
TRX0007717,PED004079,2026-06-30,CLI00313,Mochila para Notebook,Acessorios,189.66,2,Rio de Janeiro/RJ/Brasil,Boleto,Entregue
TRX0007718,PED004080,2026-06-06,CLI00519,Jogo de Panelas,Casa,"R$ 384,31",1,Brasilia/DF/Brasil,Cartao de Credito,Entregue
TRX0007719,PED004081,2026-06-22,CLI00600,Garrafa Termica,Esporte,127.88,1,Fortaleza/CE/Brasil,Cartao de Credito,Entregue
TRX0007720,PED004081,2026-06-22,CLI00600,Camiseta Dry Fit,esporte,"R$ 78,25",1,Fortaleza/CE/Brasil,Cartao de Credito,Entregue
TRX0007721,PED004082,07-06-2026,CLI00313,Aspirador Robo,Casa,"R$ 1.636,24",1,Rio de Janeiro/RJ/Brasil,Pix,Entregue
TRX0007722,PED004083,2026-06-06,CLI00460,Teclado Mecanico,Acessorios,"R$ 364,95",1,Sao Paulo/SP/Brasil,Cartao de Credito,Entregue
TRX0007723,PED004083,2026-06-06,CLI00460,Jogo de Panelas,Casa,R$ ???,1,Sao Paulo/SP/Brasil,Cartao de Credito,Entregue
TRX0007724,PED004083,2026-06-06,CLI00460,,Eletronicos,"R$ 2.529,48",2,Sao Paulo/SP/Brasil,Cartao de Credito,Entregue
TRX0007725,PED004084,2026-06-28,CLI00608,Calca Jeans Reta,Moda,"R$ 179,76",1,Recife/PE/Brasil,Pix,Entregue
TRX0007726,PED004085,20/06/2026,CLI00278,Livro Historia do Brasil,Livros,67.91,0,Rio de Janeiro/RJ/Brasil,Pix,Devolvido
TRX0005044,PED002680,2025-11-04,CLI00144,Teclado Mecanico,Acessorios,350.63,1,Curitiba/PR/Brasil,Cartao de Credito,Cancelado
TRX0007727,PED004085,2026-06-20,CLI00278,Tenis Corrida Leve,Esporte,2241.59,1,Rio de Janeiro/RJ/Brasil,Pix,Devolvido
TRX0007728,PED004086,2026-06-01,CLI00453,Jogo de Panelas,CASA,"R$ 418,92",1,Recife/PE/Brasil,Cartao de Credito,Entregue
TRX0007729,PED004086,01/06/2026,CLI00453,Carregador Turbo,acessorios,"105,69",1,Recife/PE/Brasil,Cartao de Credito,entregue
TRX0007730,PED004086,2026-06-01,CLI00453,Monitor 27,Eletronicos,1114.30,1,Recife/PE/Brasil,Cartao de Credito,Entregue
TRX0007731,PED004087,2026-06-18,CLI00684,Hub USB-C,Acessorios,"R$ 135,93",1,Sao Paulo/SP/Brasil,Pix,Entregue
TRX0007732,PED004088,2026-06-11,CLI00610,Teclado Mecanico,Acessorios,"R$ 374,61",1,Campinas/SP/Brasil,Pix,Entregue
TRX0007733,PED004089,2026-06-30,CLI00534,Camisa Social Slim,moda,152.77,1,Fortaleza/CE/Brasil,Cartao de Debito,Devolvido
TRX0007734,PED004089,2026-06-30,CLI00534,Liquidificador Potente,Casa,"229,11",2,Fortaleza/CE/Brasil,Cartao de Debito,Extraviado
TRX0007735,PED004090,16/06/2026,CLI00385,Tablet 10,Eletronicos,"1.302,15",1,Belo Horizonte/MG/Brasil,Cartao de Credito,ENTREGUE
TRX0007736,PED004090,2026-06-16,CLI00385,Mochila para Notebook,Acessórios,1830.12,1,Belo Horizonte/MG/Brasil,Cartao de Credito,Entregue
TRX0007737,PED004090,16/06/2026,CLI00385,Livro SQL Essencial,Livros,"78,80",1,Belo Horizonte/MG/Brasil,Cartao de Credito,Entregue
TRX0007738,PED004091,14/06/2026,CLI00164,Tapete de Yoga,esporte,141.70,2,Curitiba/PR/Brasil,Pix,Entregue
TRX0007739,PED004092,2026-06-14,CLI00468,Jogo de Panelas,casa,"412,17",1,Sao Paulo/SP/Brasil,Cartao de Credito,Entregue
TRX0007740,PED004093,2026-06-05,CLI00619,Teclado Mecanico,Acessorios,"R$ 349,52",1,Brasilia/DF/Brasil,Boleto,Entregue
TRX0007741,PED004093,2026-06-05,CLI00619,Livro SQL Essencial,Livros,"77,95",1,Brasilia/DF/Brasil,Boleto,Entregue
TRX0007742,PED004094,05/06/2026,CLI00343,Halteres 10kg,Esporte,200.55,1,Salvador/BA/Brasil,Cartao de Credito,Entregue
TRX0007743,PED004095,2026-06-04,CLI00278,Livro SQL Essencial,Livros,79.27,1,Rio de Janeiro/RJ/Brasil,Boleto,Devolvido
TRX0007744,PED004095,2026-06-04,CLI00278,Liquidificador Potente,Casa,"217,62",2,Rio de Janeiro/RJ/Brasil,Boleto,Devolvido
TRX0007745,PED004096,2026-06-02,CLI00645,Capa para Smartphone,Acessorios,53.74,1,Sao Paulo/SP/Brasil,Pix,Enviado
TRX0007746,PED004097,2026-06-30,CLI00069,Jaqueta Corta Vento,Moda,"R$ 262,91",1,Santos/SP/Brasil,Cartao de Credito,Cancelado
TRX0007747,PED004097,30-06-2026,CLI00069,Tenis Corrida Leve,Esporte,R$ ???,4,Santos/SP/Brasil,Cartao de Credito,Cancelado
TRX0007748,PED004097,2026-06-30,CLI00069,Notebook Gamer,Eletronicos,"4.811,41",1,Santos/SP/Brasil,Cartao de Credito,Cancelado
TRX0007749,PED004098,05/06/2026,CLI00636,Tablet 10,Eletronicos,1348.93,1,Sao Paulo/SP/Brasil,Boleto,Entregue
TRX0007750,PED004098,2026-06-05,CLI00636,Vestido Midi,Moda,"R$ 208,07",1,Sao Paulo/SP/Brasil,Boleto,Entregue
TRX0007751,PED004098,2026-06-05,CLI00636,Garrafa Termica,Esporte,"R$ 125,59",3,Sao Paulo/SP/Brasil,Boleto,Entregue
TRX0007752,PED004099,2026-06-21,CLI00062,Cafeteira Eletrica,Casa,"R$ 282,16",1,Curitiba/PR/Brasil,Pix,Entregue
TRX0007753,PED004099,2026-06-21,CLI00062,Liquidificador Potente,Casa,208.18,1,Curitiba/PR/Brasil,Pix,Entregue
TRX0002179,PED001144,2025-01-14,CLI00421,Mouse Sem Fio,Acessorios,"R$ 94,01",1,Porto Alegre/RS/Brasil,Cartao de Debito,Entregue
TRX0007754,PED004100,15/06/2026,CLI00649,Mochila para Notebook,Acessorios,"R$ 171,68",3,Curitiba/PR/Brasil,Cartao de Credito,Entregue
TRX0007755,PED004100,2026-06-15,CLI00649,Cafeteira Eletrica,CASA,306.20,1,Curitiba/PR/Brasil,Cartao de Credito,Entregue
TRX0007756,PED004101,2026-06-27,CLI00429,Capa para Smartphone,Acessorios,48.71,1,Rio de Janeiro/RJ/Brasil,Cartao de Debito,Entregue
TRX0007757,PED004101,2026-06-27,CLI00429,Halteres 10kg,Esporte,"181,39",1,Rio de Janeiro/RJ/Brasil,Cartao de Debito,entregue
TRX0007758,PED004101,27/06/2026,CLI00429,Monitor 27,Eletronicos,"R$ 1.159,51",1,Rio de Janeiro/RJ/Brasil,Cartao de Debito,Entregue
TRX0007759,PED004102,30-06-2026,CLI00188,Tapete de Yoga,esporte,147.32,1,Curitiba/PR/Brasil,Pix,Entregue
TRX0007760,PED004102,2026-06-30,CLI00188,Notebook Ultrafino,Eletronicos,"R$ 3.691,85",1,Curitiba/PR/Brasil,Pix,Entregue
TRX0007761,PED004103,27/06/2026,CLI00700,Mochila para Notebook,Acessorios,"179,83",1,Belo Horizonte/MG/Brasil,Pix,Entregue
TRX0007762,PED004103,2026-06-27,CLI00700,Jaqueta Corta Vento,MODA,263.38,1,Belo Horizonte/MG/Brasil,Pix,Entregue
TRX0007763,PED004104,2026-06-12,CLI00315,Mochila para Notebook,Acessorios,"R$ 179,36",1,Campinas/SP/Brasil,Cartao de Credito,Entregue
TRX0007764,PED004105,2026-06-25,CLI00407,Vestido Midi,Moda,"225,46",3,Uberlandia/MG/Brasil,Cartao de Credito,entregue
TRX0007765,PED004105,2026-06-25,CLI00407,Smartphone X200,Eletronicos,"2.202,35",1,Uberlandia/MG/Brasil,Cartao de Credito,Entregue
TRX0007766,PED004105,2026-06-25,CLI00407,Tapete de Yoga,ESPORTE,156.57,2,Uberlandia/MG/Brasil,Cartao de Credito,Entregue
TRX0007767,PED004106,2026-06-04,CLI00519,Teclado Mecanico,Acessorios,"370,21",3,Brasilia/DF/Brasil,Cartao de Credito,Entregue
TRX0007768,PED004107,2026-06-20,CLI00541,Camisa Social Slim,Moda,"166,98",1,Sao Paulo/SP/Brasil,Boleto,Devolvido
TRX0007769,PED004108,03/06/2026,CLI00593,Mochila para Notebook,Acessorios,192.66,2,Rio de Janeiro/RJ/Brasil,Cartao de Credito,Entregue
TRX0000844,PED000460,2024-10-25,CLI00179,Teclado Mecanico,Acessorios,"R$ 338,43",1,Sao Paulo/SP/Brasil,Cartao de Credito,Entregue
TRX0007770,PED004109,2026-06-04,CLI00619,Smart TV 50,Eletronicos,2582.39,1,Brasilia/DF/Brasil,Pix,ENTREGUE
TRX0007771,PED004109,2026-06-04,CLI00619,Capa para Smartphone,Acessorios,"48,52",2,Brasilia/DF/Brasil,Pix,Entregue
TRX0007772,PED004109,04/06/2026,,Liquidificador Potente,Casa,220.46,3,Brasilia/DF/Brasil,Pix,Entregue
TRX0007773,PED004110,2026-06-22,CLI00613,Mouse Sem Fio,Acessorios,"86,55",1,Florianopolis/SC/Brasil,Pix,Entregue
TRX0007774,PED004110,2026-06-22,CLI00613,Headset Gamer,Acessorios,269.53,2,Florianopolis/SC/Brasil,Pix,Entregue
TRX0007775,PED004110,2026-06-22,CLI00613,Camisa Social Slim,Moda,"152,54",1,Florianopolis/SC/Brasil,Pix,Entregue
TRX0007776,PED004111,2026-06-24,CLI00639,Luminaria de Mesa,Casa,147.94,1,Uberlandia/MG/Brasil,Cartao de Debito,Processando
TRX0007777,PED004111,2026-06-24,CLI00639,Tenis Corrida Leve,ESPORTE,351.09,3,Uberlandia/MG/Brasil,Cartao de Debito,Processando
TRX0007778,PED004112,2026-06-07,CLI00048,Monitor 27,Eletronicos,"R$ 1.113,49",2,Salvador/BA/Brasil,Pix,Entregue
TRX0007779,PED004112,07/06/2026,CLI00048,Hub USB-C,Acessorios,"127,26",3,Salvador/BA/Brasil,Pix,Entregue
TRX0007780,PED004113,2026-06-22,CLI00354,Halteres 10kg,Esporte,"R$ 183,34",3,Sao Paulo/SP/Brasil,Cartao de Credito,Enviado
TRX0007781,PED004114,2026-06-16,CLI00160,Mouse Sem Fio,Acessorios,"91,77",1,Brasilia/DF/Brasil,Cartao de Credito,Entregue
TRX0007782,PED004115,2026-06-13,CLI00337,Mouse Sem Fio,Acessorios,90.63,1,Rio de Janeiro/RJ/Brasil,Cartao de Credito,Entregue
TRX0007783,PED004115,13-06-2026,CLI00337,Aspirador Robo,casa,"R$ 1.550,55",1,Rio de Janeiro/RJ/Brasil,Cartao de Credito,Entregue
TRX0007784,PED004116,2026-06-14,CLI00541,Halteres 10kg,Esporte,181.88,2,Sao Paulo/SP/Brasil,Cartao de Debito,Entregue
TRX0007785,PED004116,2026-06-14,CLI00541,Tablet 10,Eletronicos,"1.370,26",1,Sao Paulo/SP/Brasil,Cartao de Debito,ENTREGUE
TRX0007786,PED004116,14-06-2026,CLI00541,Livro SQL Essencial,Livros,"82,59",1,Sao Paulo/SP/Brasil,Cartao de Debito,Entregue
TRX0007787,PED004117,09-06-2026,CLI00562,Tapete de Yoga,Esporte,"R$ 151,42",2,Florianopolis/SC/Brasil,Cartao de Debito,Entregue
TRX0007788,PED004117,2026-06-09,CLI00562,Halteres 10kg,Esporte,194.86,4,Florianopolis/SC/Brasil,Cartao de Debito,Entregue
TRX0007789,PED004118,2026-06-23,CLI00507,Mouse Sem Fio,Acessorios,"96,09",1,Niteroi/RJ/Brasil,Pix,Cancelado
TRX0007790,PED004118,23/06/2026,CLI00507,Capa para Smartphone,Acessorios,"R$ 50,50",1,Niteroi/RJ/Brasil,Pix,Cancelado
TRX0007791,PED004118,2026-06-23,CLI00507,Smart TV 50,Eletronicos,2697.17,2,Niteroi/RJ/Brasil,Pix,Cancelado
TRX0007792,PED004119,2026-06-12,CLI00118,Luminaria de Mesa,Casa,141.73,1,Curitiba/PR/Brasil,Cartao de Credito,Entregue
TRX0007793,PED004119,12/06/2026,CLI00118,Halteres 10kg,Esporte,"R$ 185,67",1,Curitiba/PR/Brasil,Cartao de Credito,Entregue
TRX0007794,PED004120,2026-06-11,CLI00148,Capa para Smartphone,Acessorios,"R$ 53,49",1,Fortaleza/CE/Brasil,Cartao de Credito,Entregue
TRX0007795,PED004120,2026-06-11,CLI00148,Hub USB-C,Acessorios,135.62,1,Fortaleza/CE/Brasil,Cartao de Credito,Entregue
TRX0007796,PED004120,2026-06-11,CLI00148,Mochila para Notebook,Acessorios,"191,57",2,Fortaleza/CE/Brasil,Cartao de Credito,Entregue
TRX0007797,PED004121,2026-06-21,CLI00562,Teclado Mecanico,Acessorios,"376,13",1,Florianopolis/SC/Brasil,Cartao de Credito,Processando
TRX0007798,PED004122,2026-06-19,CLI00224,Mouse Sem Fio,Acessorios,"88,07",1,Porto Alegre/RS/Brasil,Cartao de Credito,Cancelado
TRX0007799,PED004122,19/06/2026,CLI00224,Jogo de Panelas,Casa,418.07,2,Porto Alegre/RS/Brasil,Cartao de Credito,Cancelado
TRX0007800,PED004122,2026-06-19,CLI00224,Headset Gamer,Acessórios,251.93,-2,Porto Alegre/RS/Brasil,Cartao de Credito,CANCELADO
TRX0007801,PED004122,2026-06-19,CLI00224,Monitor 27,Eletronicos,"R$ 1.210,43",1,Porto Alegre/RS/Brasil,Cartao de Credito,Cancelado
TRX0007802,PED004123,11/06/2026,CLI00069,Monitor 27,Eletrônicos,"1.208,72",1,Santos/SP/Brasil,Cartao de Debito,Entregue
TRX0007803,PED004123,2026-06-11,CLI00069,Livro Historia do Brasil,Livros,67.55,1,Santos/SP/Brasil,Cartao de Debito,Entregue
TRX0007804,PED004124,2026-06-18,CLI00160,Notebook Ultrafino,Eletronicos,"R$ 3.713,08",1,Brasilia/DF/Brasil,Boleto,Entregue
TRX0007805,PED004124,18/06/2026,CLI00160,Smartphone X200,Eletronicos,"2.128,54",1,Brasilia/DF/Brasil,Boleto,Entregue
TRX0007806,PED004125,02-06-2026,CLI00482,Aspirador Robo,Casa,1575.06,-2,Fortaleza/CE/Brasil,Pix,Entregue
TRX0007807,PED004125,2026-06-02,CLI00482,Jogo de Panelas,Casa,"415,13",1,Fortaleza/CE/Brasil,Pix,Entregue
TRX0007808,PED004126,2026-06-17,CLI00343,Liquidificador Potente,Casa,"R$ 209,10",2,Salvador/BA/Brasil,Pix,Entregue
TRX0007809,PED004127,2026-06-09,CLI00177,Cafeteira Eletrica,Casa,"R$ 306,20",1,Florianopolis/SC/Brasil,Boleto,Entregue
TRX0007810,PED004128,sem data,CLI00385,Jaqueta Corta Vento,moda,286.54,2,Belo Horizonte/MG/Brasil,Pix,Entregue
TRX0007811,PED004129,2026-06-28,CLI00327,Camiseta Dry Fit,Esporte,82.43,1,Sao Paulo/SP/Brasil,Cartao de Debito,Entregue
TRX0007812,PED004129,28/06/2026,CLI00327,Luminaria de Mesa,Casa,149.44,1,Sao Paulo/SP/Brasil,Cartao de Debito,Entregue
TRX0007813,PED004130,2026-06-19,CLI00403,Mochila para Notebook,Acessorios,180.89,2,Rio de Janeiro/RJ/Brasil,Cartao de Debito,Entregue
TRX0007814,PED004130,19/06/2026,CLI00403,Vestido Midi,Moda,220.59,2,Rio de Janeiro/RJ/Brasil,Cartao de Debito,Entregue
TRX0007815,PED004130,2026-06-19,CLI00403,Livro SQL Essencial,livros,"R$ 77,81",1,Rio de Janeiro/RJ/Brasil,Cartao de Debito,Entregue
TRX0007816,PED004130,19/06/2026,CLI00403,Livro Historia do Brasil,Livros,66.82,2,Rio de Janeiro/RJ/Brasil,Cartao de Debito,Entregue
TRX0007817,PED004130,2026-06-19,CLI00403,Calca Jeans Reta,Moda,184.74,2,Rio de Janeiro/RJ/Brasil,Cartao de Debito,Entregue
TRX0007818,PED004131,2026-06-19,CLI00475,Carregador Turbo,Acessorios,106.43,2,Florianopolis/SC/Brasil,Pix,Entregue
TRX0007819,PED004132,2026-06-07,CLI00684,Camisa Social Slim,Moda,"R$ 166,88",0,Sao Paulo/SP/Brasil,Boleto,Entregue
TRX0007820,PED004132,07/06/2026,CLI00684,Notebook Ultrafino,Eletronicos,"R$ 3.607,00",1,Sao Paulo/SP/Brasil,Boleto,Entregue
TRX0007821,PED004133,2026-06-06,CLI00600,Camiseta Dry Fit,Esporte,"77,61",3,Fortaleza/CE/Brasil,Cartao de Credito,Entregue
TRX0007822,PED004134,2026-06-21,CLI00602,Jogo de Panelas,Casa,"R$ 390,18",1,Campinas/SP/Brasil,Pix,Devolvido
TRX0007823,PED004135,2026-06-11,CLI00571,Notebook Ultrafino,Eletronicos,"3.696,89",1,Sao Paulo/SP/Brasil,Pix,Entregue
TRX0007824,PED004136,2026-06-02,CLI00555,Notebook Gamer,Eletronicos,,1,Porto Alegre/RS/Brasil,Cartao de Credito,Entregue
TRX0008054,PED004251,25/06/2026,CLI00582,Livro SQL Essencial,Livros,"76,54",3,Belo Horizonte/MG/Brasil,Pix,Enviado
TRX0007825,PED004136,02/06/2026,CLI00555,Headset Gamer,Acessorios,274.77,3,Porto Alegre/RS/Brasil,Cartao de Credito,Entregue
TRX0007826,PED004136,2026-06-02,CLI00555,Mochila para Notebook,Acessorios,190.09,1,Porto Alegre/RS/Brasil,Cartao de Credito,Entregue
TRX0007827,PED004137,2026-06-12,CLI00480,Hub USB-C,Acessorios,"R$ 124,45",1,Porto Alegre/RS/Brasil,Pix,Entregue
TRX0007828,PED004138,2026-06-25,CLI00571,Mouse Sem Fio,Acessorios,91.74,1,Sao Paulo/SP/Brasil,Cartao de Credito,Cancelado
TRX0007829,PED004138,25-06-2026,CLI00571,Tenis Corrida Leve,Esporte,"R$ 352,70",1,Sao Paulo/SP/Brasil,Cartao de Credito,Cancelado
TRX0007830,PED004139,07-06-2026,CLI00188,Headset Gamer,Acessorios,"R$ 262,32",1,Curitiba/PR/Brasil,Pix,Entregue
TRX0007831,PED004139,2026-06-07,CLI00188,Teclado Mecanico,Acessorios,"338,37",1,Curitiba/PR/Brasil,Pix,Entregue
TRX0007832,PED004139,2026-06-07,CLI00188,Tapete de Yoga,esporte,"148,36",3,Curitiba/PR/Brasil,Pix,Entregue
TRX0007833,PED004139,2026-06-07,CLI00188,Livro Historia do Brasil,Livros,"R$ 71,04",1,Curitiba/PR/Brasil,Pix,Entregue
TRX0007834,PED004140,22-06-2026,CLI00548,Liquidificador Potente,CASA,"235,06",2,Florianopolis/SC/Brasil,Pix,Entregue
TRX0007835,PED004140,2026-06-22,CLI00548,Tenis Corrida Leve,Esporte,"R$ 316,15",1,Florianopolis/SC/Brasil,Pix,Entregue
TRX0007836,PED004141,24-06-2026,CLI00636,Cafeteira Eletrica,Casa,"R$ 306,20",1,Sao Paulo/SP/Brasil,Cartao de Credito,ENTREGUE
TRX0007837,PED004142,16/06/2026,CLI00292,Vestido Midi,Moda,"210,13",1,Uberlandia/MG/Brasil,Cartao de Credito,Entregue
TRX0007838,PED004142,2026-06-16,CLI00292,Camiseta Dry Fit,Esporte,"R$ 82,89",2,Uberlandia/MG/Brasil,Cartao de Credito,Entregue
TRX0007839,PED004142,16/06/2026,CLI00292,Jogo de Panelas,CASA,"R$ 408,63",2,Uberlandia/MG/Brasil,Cartao de Credito,Entregue
TRX0007840,PED004143,30-06-2026,CLI00385,Mouse Sem Fio,Acessorios,"R$ 90,06",1,Belo Horizonte/MG/Brasil,Cartao de Credito,ENTREGUE
TRX0007841,PED004144,07/06/2026,CLI00043,Notebook Gamer,Eletronicos,"R$ 5.258,81",1,Rio de Janeiro/RJ/Brasil,Cartao de Credito,Entregue
TRX0007842,PED004144,2026-06-07,CLI00043,Headset Gamer,Acessorios,"262,04",1,Rio de Janeiro/RJ/Brasil,Cartao de Credito,Entregue
TRX0007843,PED004145,01-06-2026,CLI00265,Jogo de Panelas,CASA,"R$ 381,03",1,Campinas/SP/Brasil,Pix,Entregue
TRX0007844,PED004146,2026-06-17,CLI00406,Calca Jeans Reta,Moda,"198,94",1,Rio de Janeiro/RJ/Brasil,Pix,Cancelado
TRX0007845,PED004147,13/06/2026,CLI00492,Tenis Corrida Leve,Esporte,"R$ 312,91",2,Rio de Janeiro/RJ/Brasil,Cartao de Credito,Cancelado
TRX0007846,PED004147,13-06-2026,CLI00492,Garrafa Termica,Esporte,,1,Rio de Janeiro/RJ/Brasil,Cartao de Credito,Cancelado
TRX0007847,PED004148,2026-06-28,CLI00105,Notebook Ultrafino,eletronicos,3387.46,1,Recife/PE/Brasil,Cartao de Debito,Entregue
TRX0007848,PED004148,2026-06-28,CLI00105,Teclado Mecanico,Acessorios,"348,10",1,Recife/PE/Brasil,Cartao de Debito,Entregue
TRX0007849,PED004149,2026-06-08,CLI00062,Carregador Turbo,Acessorios,"100,92",1,Curitiba/PR/Brasil,Cartao de Credito,Entregue
TRX0007850,PED004149,08/06/2026,CLI00062,Headset Gamer,Acessorios,266.38,1,Curitiba/PR/Brasil,Cartao de Credito,entregue
TRX0007851,PED004150,2026-06-18,CLI00610,Carregador Turbo,acessorios,95.78,2,Campinas/SP/Brasil,Cartao de Credito,Entregue
TRX0007852,PED004151,06/06/2026,CLI00605,Teclado Mecanico,Acessorios,"342,01",1,Belo Horizonte/MG/Brasil,Pix,Entregue
TRX0007853,PED004151,06-06-2026,CLI00605,Mochila para Notebook,ACESSORIOS,"181,81",1,Belo Horizonte/MG/Brasil,Pix,Entregue
TRX0007854,PED004152,19-06-2026,CLI00191,Livro Dados em Acao,Livros,"R$ 88,51",1,Sao Paulo/SP/Brasil,Cartao de Credito,Entregue
TRX0007855,PED004152,2026-06-19,CLI00191,Luminaria de Mesa,Casa,"R$ 143,89",1,Sao Paulo/SP/Brasil,Cartao de Credito,ENTREGUE
TRX0007856,PED004153,,CLI00048,Camisa Social Slim,Moda,"157,86",1,Salvador/BA/Brasil,Cartao de Debito,Entregue
TRX0007857,PED004153,2026-06-29,CLI00048,Notebook Gamer,Eletronicos,"5.072,54",1,Salvador/BA/Brasil,Cartao de Debito,Entregue
TRX0007858,PED004154,2026-06-16,CLI00568,Jaqueta Corta Vento,Moda,"284,54",1,Sao Paulo/SP/Brasil,Pix,Entregue
TRX0007859,PED004154,16-06-2026,CLI00568,Monitor 27,ELETRONICOS,"R$ 1.174,79",1,Sao Paulo/SP/Brasil,Pix,Entregue
TRX0007860,PED004154,16-06-2026,CLI00568,Notebook Ultrafino,eletronicos,3307.02,2,Sao Paulo/SP/Brasil,Pix,Entregue
TRX0007861,PED004155,20/06/2026,CLI00700,Monitor 27,Eletronicos,"1.165,96",1,Belo Horizonte/MG/Brasil,Cartao de Credito,Entregue
TRX0007862,PED004155,2026-06-20,CLI00700,Mochila para Notebook,Acessorios,"R$ 177,48",1,Belo Horizonte/MG/Brasil,Cartao de Credito,Entregue
TRX0005408,PED002872,24/11/2025,CLI00542,Teclado Mecanico,Acessorios,"R$ 376,10",1,Curitiba/PR/Brasil,Pix,Entregue
TRX0007863,PED004155,20/06/2026,CLI00700,Livro Dados em Acao,Livros,95.76,1,Belo Horizonte/MG/Brasil,Cartao de Credito,ENTREGUE
TRX0007864,PED004156,01/06/2026,CLI00508,Headset Gamer,acessorios,"271,94",2,Sao Paulo/SP/Brasil,Cartao de Credito,Entregue
TRX0007865,PED004156,01-06-2026,CLI00508,Capa para Smartphone,Acessorios,"R$ 50,87",1,Sao Paulo/SP/Brasil,Cartao de Credito,Entregue
TRX0007866,PED004156,2026-06-01,CLI00508,Liquidificador Potente,casa,235.73,3,Sao Paulo/SP/Brasil,Cartao de Credito,Entregue
TRX0007867,PED004156,2026-06-01,CLI00508,Jaqueta Corta Vento,Moda,287.31,2,Sao Paulo/SP/Brasil,Cartao de Credito,Entregue
TRX0007868,PED004157,24-06-2026,CLI00007,Vestido Midi,Moda,"234,39",2,Sao Paulo/SP/Brasil,Boleto,Entregue
TRX0007869,PED004158,09-06-2026,CLI00562,Smartphone X200,Eletronicos,2365.95,3,Florianopolis/SC/Brasil,Cartao de Debito,ENTREGUE
TRX0007870,PED004159,20-06-2026,CLI00477,Monitor 27,Eletronicos,"R$ 1.186,26",1,Belo Horizonte/MG/Brasil,Cartao de Credito,Entregue
TRX0007871,PED004159,2026-06-20,CLI00477,Cafeteira Eletrica,Casa,"R$ 280,26",1,Belo Horizonte/MG/Brasil,Cartao de Credito,Entregue
TRX0007872,PED004159,20-06-2026,CLI00477,Camisa Social Slim,Moda,157.79,2,Belo Horizonte/MG/Brasil,Cartao de Credito,Entregue
TRX0007873,PED004160,2026-06-26,CLI00093,Tenis Corrida Leve,ESPORTE,351.04,1,Santos/SP/Brasil,Cartao de Credito,Entregue
TRX0007874,PED004161,2026-06-15,CLI00579,Monitor 27,Eletronicos,"R$ 1.183,48",2,Fortaleza/CE/Brasil,Cartao de Debito,entregue
TRX0007875,PED004161,2026-06-15,CLI00579,Hub USB-C,Acessorios,"R$ 135,92",1,Fortaleza/CE/Brasil,Cartao de Debito,Entregue
TRX0007876,PED004162,2026-06-06,CLI00406,Teclado Mecanico,Acessorios,"R$ 348,84",1,Rio de Janeiro/RJ/Brasil,Cartao de Credito,Entregue
TRX0007877,PED004163,2026-06-13,CLI00652,Monitor 27,Eletronicos,1211.34,2,Fortaleza/CE/Brasil,Cartao de Credito,Enviado
TRX0007878,PED004163,2026-06-13,CLI00652,Smartphone X200,eletronicos,"2.296,69",1,Fortaleza/CE/Brasil,Cartao de Credito,enviado
TRX0007879,PED004163,2026-06-13,CLI00652,Camiseta Dry Fit,Esporte,"R$ 83,07",2,Fortaleza/CE/Brasil,Cartao de Credito,Enviado
TRX0006692,PED003540,2026-03-13,CLI00252,Smartphone X200,Eletronicos,"R$ 2.287,04",1,Sao Paulo/SP/Brasil,Boleto,Entregue
TRX0007880,PED004163,2026-06-13,CLI00652,Headset Gamer,Acessorios,"R$ 263,42",3,Fortaleza/CE/Brasil,Cartao de Credito,Enviado
TRX0007881,PED004164,2026-06-26,CLI00408,Notebook Gamer,Eletrônicos,"R$ 5.089,19",1,Sao Paulo/SP/Brasil,Boleto,entregue
TRX0007882,PED004164,26/06/2026,CLI00408,Teclado Mecanico,Acessorios,370.80,1,Sao Paulo/SP/Brasil,Boleto,Entregue
TRX0007883,PED004165,09-06-2026,CLI00069,Notebook Gamer,Eletronicos,"R$ 4.891,80",1,Santos/SP/Brasil,Pix,Entregue
TRX0007884,PED004166,2026-06-17,CLI00519,Camiseta Dry Fit,Esporte,78.03,3,Brasilia/DF/Brasil,Cartao de Credito,Processando
TRX0007885,PED004167,02/06/2026,CLI00542,Aspirador Robo,Casa,"1.676,84",3,Curitiba/PR/Brasil,Boleto,Entregue
TRX0007886,PED004167,2026-06-02,CLI00542,Livro SQL Essencial,Livros,"R$ 83,66",1,Curitiba/PR/Brasil,Boleto,Entregue
TRX0007887,PED004168,12-06-2026,CLI00649,Liquidificador Potente,Casa,"R$ 214,26",1,Curitiba/PR/Brasil,Cartao de Credito,Entregue
TRX0007888,PED004168,2026-06-12,CLI00649,Mochila para Notebook,Acessorios,180.09,1,Curitiba/PR/Brasil,Cartao de Credito,Entregue
TRX0007889,PED004168,2026-06-12,CLI00649,Vestido Midi,Moda,210.16,1,Curitiba/PR/Brasil,Cartao de Credito,Entregue
TRX0007890,PED004168,2026-06-12,CLI00649,Livro Dados em Acao,Livros,"86,91",1,Curitiba/PR/Brasil,Cartao de Credito,Entregue
TRX0007891,PED004168,2026-06-12,CLI00649,Camisa Social Slim,Moda,"R$ 166,17",2,Curitiba/PR/Brasil,Cartao de Credito,Entregue
TRX0007892,PED004169,2026-06-04,CLI00380,Mochila para Notebook,Acessorios,170.48,1,Sao Paulo/SP/Brasil,Cartao de Credito,Entregue
TRX0007893,PED004170,09-06-2026,CLI00542,Carregador Turbo,Acessorios,95.41,1,Curitiba/PR/Brasil,Pix,Entregue
TRX0007894,PED004170,2025-13-07,CLI00542,Tenis Corrida Leve,Esporte,"R$ 343,15",2,Curitiba/PR/Brasil,Pix,Entregue
TRX0007895,PED004171,26/06/2026,CLI00466,Tapete de Yoga,Esporte,"158,32",4,Recife/PE/Brasil,Cartao de Credito,Entregue
TRX0007896,PED004172,2026-06-07,CLI00674,Liquidificador Potente,Casa,"222,23",1,Salvador/BA/Brasil,Cartao de Credito,Entregue
TRX0007897,PED004173,2026-06-23,CLI00632,Jogo de Panelas,Casa,420.64,-2,Brasilia/DF/Brasil,Cartao de Debito,Entregue
TRX0007898,PED004173,23-06-2026,CLI00632,Vestido Midi,Moda,"228,46",1,Brasilia/DF/Brasil,Cartao de Debito,Entregue
TRX0007899,PED004173,2026-06-23,CLI00632,Jaqueta Corta Vento,Moda,"R$ 265,83",1,Brasilia/DF/Brasil,Cartao de Debito,Entregue
TRX0007900,PED004173,23/06/2026,CLI00632,Camiseta Dry Fit,Esporte,"R$ 81,32",1,Brasilia/DF/Brasil,Cartao de Debito,Entregue
TRX0007901,PED004174,2026-06-26,CLI00461,Notebook Ultrafino,eletronicos,"3.321,96",1,Porto Alegre/RS/Brasil,Cartao de Debito,Entregue
TRX0007902,PED004175,2026-06-01,CLI00300,Vestido Midi,Moda,"R$ 214,12",2,Brasilia/DF/Brasil,Cartao de Credito,Entregue
TRX0007903,PED004176,2026-06-21,CLI00652,Cafeteira Eletrica,Casa,"308,17",1,Fortaleza/CE/Brasil,Cartao de Credito,Entregue
TRX0007904,PED004177,23/06/2026,CLI00571,Liquidificador Potente,Casa,"R$ 227,23",1,Sao Paulo/SP/Brasil,Cartao de Credito,Entregue
TRX0007905,PED004178,2026-06-09,CLI00145,Luminaria de Mesa,Casa,"143,24",1,Santos/SP/Brasil,Cartao de Credito,Entregue
TRX0007906,PED004179,10/06/2026,CLI00084,Notebook Gamer,Eletronicos,"R$ 5.163,01",1,Goiania/GO/Brasil,Cartao de Credito,Entregue
TRX0007907,PED004179,2026-06-10,,Mochila para Notebook,ACESSORIOS,"R$ 182,85",2,Goiania/GO/Brasil,Cartao de Credito,Entregue
TRX0007908,PED004179,2026-06-10,CLI00084,Mouse Sem Fio,Acessorios,85.84,1,Goiania/GO/Brasil,Cartao de Credito,Entregue
TRX0007909,PED004179,2026-06-10,CLI00084,Headset Gamer,Acessorios,262.56,1,Goiania/GO/Brasil,Cartao de Credito,Entregue
TRX0007910,PED004180,2026-06-03,CLI00099,Mouse Sem Fio,Acessorios,"R$ 92,98",2,Recife/PE/Brasil,Cartao de Credito,entregue
TRX0007911,PED004180,2026-06-03,CLI00099,Smart TV 50,Eletronicos,2481.32,3,Recife/PE/Brasil,Cartao de Credito,Entregue
TRX0007912,PED004181,2026-06-07,CLI00307,Tenis Corrida Leve,Esporte,"354,99",1,Goiania/GO/Brasil,Cartao de Credito,Entregue
TRX0007913,PED004182,28-06-2026,CLI00571,Cafeteira Eletrica,Casa,"R$ 295,56",3,Sao Paulo/SP/Brasil,Boleto,Cancelado
TRX0007914,PED004182,28/06/2026,CLI00571,Liquidificador Potente,Casa,226.45,2,Sao Paulo/SP/Brasil,Boleto,Cancelado
TRX0007915,PED004183,19/06/2026,CLI00177,Vestido Midi,Moda,"218,78",1,Florianopolis/SC/Brasil,Cartao de Credito,Entregue
TRX0007916,PED004183,19-06-2026,CLI00177,Livro Dados em Acao,Livros,85.71,1,Florianopolis/SC/Brasil,Cartao de Credito,Entregue
TRX0007917,PED004184,2026-06-26,CLI00362,Tenis Corrida Leve,Esporte,"R$ 319,65",1,Campinas/SP/Brasil,Pix,Entregue
TRX0007918,PED004184,26/06/2026,CLI00362,Hub USB-C,Acessorios,125.00,1,Campinas/SP/Brasil,Pix,Entregue
TRX0007919,PED004185,2026-06-20,CLI00684,Liquidificador Potente,Casa,"209,84",1,Sao Paulo/SP/Brasil,Cartao de Credito,Entregue
TRX0007920,PED004185,20/06/2026,CLI00684,Smart TV 50,Eletronicos,"2.607,47",1,Sao Paulo/SP/Brasil,Cartao de Credito,Entregue
TRX0007921,PED004186,2026-06-09,CLI00542,Mochila para Notebook,Acessorios,"R$ 177,28",2,Curitiba/PR/Brasil,Cartao de Credito,Entregue
TRX0007922,PED004186,2026-06-09,CLI00542,Tapete de Yoga,Esporte,156.01,1,Curitiba/PR/Brasil,Cartao de Credito,Entregue
TRX0007923,PED004187,19/06/2026,CLI00643,Tablet 10,Eletronicos,1239.04,3,Sao Paulo/SP/Brasil,Cartao de Credito,Entregue
TRX0007924,PED004187,2026-06-19,CLI00643,Jaqueta Corta Vento,Moda,265.06,1,Sao Paulo/SP/Brasil,Cartao de Credito,Entregue
TRX0007925,PED004188,2026-06-21,CLI00130,Jogo de Panelas,casa,420.43,1,Sao Paulo/SP/Brasil,Cartao de Debito,Entregue
TRX0007926,PED004188,21-06-2026,CLI00130,Monitor 27,Eletronicos,"R$ 1.118,02",1,Sao Paulo/SP/Brasil,Cartao de Debito,Entregue
TRX0007927,PED004189,28/06/2026,CLI00236,Tenis Corrida Leve,Esporte,"323,47",1,Sao Paulo/SP/Brasil,Boleto,Entregue
TRX0007928,PED004189,2026-06-28,CLI00236,Camiseta Dry Fit,Esporte,76.37,1,Sao Paulo/SP/Brasil,Boleto,Entregue
TRX0007929,PED004190,2026-06-09,CLI00255,Vestido Midi,Moda,"212,74",1,Curitiba/PR/Brasil,Pix,Entregue
TRX0007930,PED004190,09/06/2026,CLI00255,Jogo de Panelas,Casa,"R$ 421,95",1,Curitiba/PR/Brasil,Pix,Entregue
TRX0007931,PED004191,29/06/2026,CLI00548,Livro Historia do Brasil,Livros,"72,02",1,Florianopolis/SC/Brasil,Pix,Entregue
TRX0007932,PED004191,2026-06-29,CLI00548,Aspirador Robo,casa,"1.657,47",3,Florianopolis/SC/Brasil,Pix,Entregue
TRX0007933,PED004192,2026-06-19,CLI00060,Smartphone X200,ELETRONICOS,2158.93,1,Sao Paulo/SP/Brasil,Pix,Enviado
TRX0007934,PED004193,06/06/2026,CLI00361,Camisa Social Slim,moda,"R$ 157,35",2,Santos/SP/Brasil,Cartao de Credito,Entregue
TRX0007935,PED004193,2026-06-06,CLI00361,Jaqueta Corta Vento,Moda,"265,47",2,Santos/SP/Brasil,Cartao de Credito,entregue
TRX0007936,PED004194,2026-06-08,CLI00027,Garrafa Termica,Esporte,"R$ 121,95",2,Curitiba/PR/Brasil,Boleto,Entregue
TRX0007937,PED004194,2026-06-08,CLI00027,Luminaria de Mesa,Casa,"145,53",1,Curitiba/PR/Brasil,Boleto,Entregue
TRX0007938,PED004194,08/06/2026,CLI00027,Jaqueta Corta Vento,Moda,"268,37",1,Curitiba/PR/Brasil,Boleto,Entregue
TRX0007939,PED004194,08-06-2026,CLI00027,Camisa Social Slim,Moda,"R$ 151,51",1,Curitiba/PR/Brasil,Boleto,Entregue
TRX0007940,PED004195,2026-06-07,CLI00593,Notebook Ultrafino,Eletronicos,"R$ 3.690,12",1,Rio de Janeiro/RJ/Brasil,Pix,Entregue
TRX0007941,PED004196,22/06/2026,CLI00519,Jaqueta Corta Vento,Moda,261.84,2,Brasilia/DF/Brasil,Cartao de Debito,Entregue
TRX0007942,PED004197,01-06-2026,CLI00562,Aspirador Robo,Casa,"R$ 1.550,14",-1,Florianopolis/SC/Brasil,Cartao de Credito,Entregue
TRX0007943,PED004197,01/06/2026,CLI00562,Jaqueta Corta Vento,MODA,278.67,1,Florianopolis/SC/Brasil,Cartao de Credito,Entregue
TRX0007944,PED004197,2026-06-01,CLI00562,Liquidificador Potente,Casa,"R$ 224,57",1,Florianopolis/SC/Brasil,Cartao de Credito,Entregue
TRX0007945,PED004198,08-06-2026,CLI00253,Livro SQL Essencial,Livros,"77,33",1,Brasilia/DF/Brasil,Pix,Entregue
TRX0007946,PED004199,2026-06-23,CLI00519,Tenis Corrida Leve,Esporte,317.60,1,Brasilia/DF/Brasil,Pix,Entregue
TRX0007947,PED004200,03-06-2026,CLI00548,Aspirador Robo,Casa,"1.657,83",1,Florianopolis/SC/Brasil,Pix,ENTREGUE
TRX0006317,PED003337,2026-01-23,CLI00277,Luminaria de Mesa,Casa,"R$ 136,59",1,Brasilia/DF/Brasil,Pix,Cancelado
TRX0007948,PED004201,2026-06-09,CLI00172,Jogo de Panelas,Casa,"R$ 401,85",3,Fortaleza/CE/Brasil,Cartao de Credito,Cancelado
TRX0007949,PED004202,2026-06-02,CLI00315,Garrafa Termica,Esporte,115.35,1,Campinas/SP/Brasil,Cartao de Debito,Enviado
TRX0007950,PED004203,2026-06-22,CLI00462,Carregador Turbo,Acessorios,96.33,1,Goiania/GO/Brasil,Pix,ENTREGUE
TRX0004913,PED002616,2025-10-31,CLI00093,Tenis Corrida Leve,Esporte,"R$ 345,68",3,Santos/SP/Brasil,Cartao de Credito,Devolvido
TRX0007951,PED004203,00/00/0000,CLI00462,Aspirador Robo,Casa,1599.77,1,Goiania/GO/Brasil,Pix,Entregue
TRX0007952,PED004203,22-06-2026,CLI00462,Livro SQL Essencial,Livros,"R$ 84,76",1,Goiania/GO/Brasil,Pix,ENTREGUE
TRX0007953,PED004204,2026-06-28,CLI00276,Monitor 27,Eletronicos,"1.240,49",1,Sao Paulo/SP/Brasil,Cartao de Credito,ENTREGUE
TRX0007954,PED004205,2026-06-15,CLI00652,Livro Dados em Acao,Livros,"R$ 91,06",1,Fortaleza/CE/Brasil,Pix,Processando
TRX0007955,PED004206,2026-06-02,CLI00582,Tapete de Yoga,Esporte,"149,89",1,Belo Horizonte/MG/Brasil,Cartao de Credito,Entregue
TRX0007956,PED004206,2026-06-02,CLI00582,Capa para Smartphone,Acessorios,"R$ 50,44",1,Belo Horizonte/MG/Brasil,Cartao de Credito,Entregue
TRX0007957,PED004207,2026-06-14,CLI00106,Tenis Corrida Leve,Esporte,"329,20",3,Uberlandia/MG/Brasil,Cartao de Debito,Entregue
TRX0007958,PED004207,2026-06-14,CLI00106,Garrafa Termica,Esporte,"117,20",1,Uberlandia/MG/Brasil,Cartao de Debito,Entregue
TRX0007959,PED004208,2026-06-28,CLI00647,Luminaria de Mesa,casa,"R$ 143,91",1,Recife/PE/Brasil,Cartao de Credito,Entregue
TRX0007960,PED004208,2026-06-28,CLI00647,Carregador Turbo,Acessorios,"106,24",1,Recife/PE/Brasil,Cartao de Credito,Entregue
TRX0007961,PED004208,28-06-2026,CLI00647,Hub USB-C,Acessorios,"R$ 132,47",1,Recife/PE/Brasil,Cartao de Credito,Entregue
TRX0007962,PED004209,02/06/2026,,Monitor 27,Eletronicos,"1.131,29",1,Florianopolis/SC/Brasil,Cartao de Credito,Entregue
TRX0007963,PED004210,05/06/2026,CLI00582,Mochila para Notebook,acessorios,"R$ 172,28",1,Belo Horizonte/MG/Brasil,Cartao de Debito,Entregue
TRX0007964,PED004210,2026-06-05,CLI00582,Aspirador Robo,Casa,1588.12,1,Belo Horizonte/MG/Brasil,Cartao de Debito,Entregue
TRX0007965,PED004211,2026-06-10,CLI00027,Cafeteira Eletrica,Casa,"R$ 305,71",1,Curitiba/PR/Brasil,Boleto,Entregue
TRX0007966,PED004211,2026-06-10,CLI00027,Livro Dados em Acao,Livros,93.37,1,Curitiba/PR/Brasil,Boleto,Entregue
TRX0007967,PED004212,2026-06-23,CLI00227,Jogo de Panelas,Casa,387.44,1,Recife/PE/Brasil,Pix,Entregue
TRX0007968,PED004212,2026-06-23,CLI00227,Smart TV 50,Eletronicos,"2.700,16",1,Recife/PE/Brasil,Pix,Entregue
TRX0007969,PED004212,2026-06-23,CLI00227,Livro SQL Essencial,livros,81.43,1,Recife/PE/Brasil,Pix,Entregue
TRX0007970,PED004212,23-06-2026,CLI00227,Luminaria de Mesa,Casa,"142,91",2,Recife/PE/Brasil,Pix,Entregue
TRX0007971,PED004212,2026-06-23,CLI00227,Liquidificador Potente,Casa,"R$ 234,59",1,Recife/PE/Brasil,Pix,Entregue
TRX0007972,PED004213,03/06/2026,CLI00588,Mochila para Notebook,Acessorios,171.27,1,Uberlandia/MG/Brasil,Cartao de Credito,Entregue
TRX0007973,PED004213,03/06/2026,CLI00588,Hub USB-C,Acessorios,"R$ 133,97",1,Uberlandia/MG/Brasil,Cartao de Credito,Entregue
TRX0007974,PED004214,2026-06-10,CLI00652,Liquidificador Potente,Casa,234.49,1,Fortaleza/CE/Brasil,Cartao de Credito,Entregue
TRX0007975,PED004214,2026-06-10,,Livro Historia do Brasil,Livros,71.63,2,Fortaleza/CE/Brasil,Cartao de Credito,Entregue
TRX0007976,PED004214,2026-06-10,CLI00652,Cafeteira Eletrica,Casa,301.96,1,Fortaleza/CE/Brasil,Cartao de Credito,Entregue
TRX0007977,PED004215,15/06/2026,CLI00014,Tablet 10,Eletronicos,1281.28,1,Curitiba/PR/Brasil,Pix,Entregue
TRX0007978,PED004216,24/06/2026,CLI00331,Cafeteira Eletrica,Casa,"R$ 302,64",1,Uberlandia/MG/Brasil,Cartao de Credito,Entregue
TRX0007979,PED004216,2026-06-24,CLI00331,Liquidificador Potente,CASA,212.33,1,Uberlandia/MG/Brasil,Cartao de Credito,Entregue
TRX0007980,PED004217,2026-06-09,CLI00698,Halteres 10kg,Esporte,"R$ 189,27",1,Recife/PE/Brasil,Boleto,Entregue
TRX0007981,PED004218,2026-06-02,CLI00555,Livro Dados em Acao,Livros,"R$ 85,99",1,Porto Alegre/RS/Brasil,Cartao de Credito,Entregue
TRX0007982,PED004218,2026-06-02,CLI00555,Hub USB-C,Acessórios,"R$ 136,61",4,Porto Alegre/RS/Brasil,Cartao de Credito,Entregue
TRX0007983,PED004218,02-06-2026,,Liquidificador Potente,CASA,235.98,1,Porto Alegre/RS/Brasil,Cartao de Credito,Entregue
TRX0007984,PED004218,2026-06-02,CLI00555,Headset Gamer,Acessórios,"275,32",1,Porto Alegre/RS/Brasil,Cartao de Credito,Entregue
TRX0007985,PED004218,2026-06-02,CLI00555,Smart TV 50,eletronicos,"R$ 2.609,74",1,Porto Alegre/RS/Brasil,Cartao de Credito,Entregue
TRX0007986,PED004219,2026-06-07,CLI00547,Tenis Corrida Leve,Esporte,"318,83",1,Sao Paulo/SP/Brasil,Boleto,Entregue
TRX0007987,PED004220,10/06/2026,CLI00462,Calca Jeans Reta,Moda,181.12,2,Goiania/GO/Brasil,Cartao de Debito,Entregue
TRX0007988,PED004220,2026-06-10,CLI00462,Capa para Smartphone,Acessorios,"R$ 49,01",1,Goiania/GO/Brasil,Cartao de Debito,Entregue
TRX0007989,PED004221,12-06-2026,CLI00674,Calca Jeans Reta,Moda,"R$ 192,52",1,Salvador/BA/Brasil,Cartao de Debito,Entregue
TRX0007990,PED004221,2026-06-12,CLI00674,Luminaria de Mesa,Casa,"132,08",1,Salvador/BA/Brasil,Cartao de Debito,Entregue
TRX0007991,PED004221,2026-06-12,CLI00674,Tablet 10,Eletronicos,"R$ 1.239,53",1,Salvador/BA/Brasil,Cartao de Debito,Entregue
TRX0007992,PED004221,2026-06-12,CLI00674,Camisa Social Slim,Moda,"R$ 155,10",1,Salvador/BA/Brasil,Cartao de Debito,Entregue
TRX0007993,PED004222,2026-06-26,CLI00305,Halteres 10kg,Esporte,"R$ 194,50",1,Campinas/SP/Brasil,Boleto,Entregue
TRX0007994,PED004222,26/06/2026,CLI00305,Smart TV 50,Eletronicos,2481.66,1,Campinas/SP/Brasil,Boleto,Entregue
TRX0007995,PED004223,04/06/2026,CLI00562,Liquidificador Potente,CASA,"215,84",1,Florianopolis/SC/Brasil,Cartao de Credito,Entregue
TRX0007996,PED004223,2026-06-04,CLI00562,Tenis Corrida Leve,Esporte,"R$ 315,66",4,Florianopolis/SC/Brasil,Cartao de Credito,Entregue
TRX0004333,PED002314,2025-09-19,CLI00016,Notebook Gamer,Eletrônicos,5092.26,3,Salvador/BA/Brasil,Cartao de Credito,Entregue
TRX0007997,PED004224,2026-06-29,CLI00360,Camiseta Dry Fit,esporte,"R$ 85,90",2,Belo Horizonte/MG/Brasil,Pix,Entregue
TRX0007998,PED004224,29/06/2026,CLI00360,Tablet 10,Eletronicos,"R$ 1.268,49",1,Belo Horizonte/MG/Brasil,Pix,ENTREGUE
TRX0007999,PED004225,19/06/2026,CLI00643,Teclado Mecanico,Acessorios,336.94,1,Sao Paulo/SP/Brasil,Cartao de Credito,Entregue
,PED004225,2026-06-19,CLI00643,Tablet 10,eletronicos,"1.357,78",1,Sao Paulo/SP/Brasil,Cartao de Credito,Entregue
TRX0008001,PED004225,19/06/2026,CLI00643,Jogo de Panelas,Casa,"391,38",1,Sao Paulo/SP/Brasil,Cartao de Credito,Entregue
TRX0008002,PED004226,2026-06-14,CLI00605,Monitor 27,Eletronicos,1145.61,1,Belo Horizonte/MG/Brasil,Pix,Entregue
TRX0008003,PED004227,17/06/2026,CLI00347,Aspirador Robo,casa,1681.47,1,Curitiba/PR/Brasil,Cartao de Credito,Enviado
TRX0008004,PED004227,17/06/2026,CLI00347,Livro SQL Essencial,Livros,"79,85",1,Curitiba/PR/Brasil,Cartao de Credito,Enviado
TRX0008005,PED004227,17/06/2026,CLI00347,Luminaria de Mesa,Casa,"R$ 140,80",1,Curitiba/PR/Brasil,Cartao de Credito,Enviado
TRX0001828,PED000959,2024-12-11,CLI00173,Aspirador Robo,Casa,1579.70,1,Sao Paulo/SP/Brasil,Cartao de Credito,Entregue
TRX0008006,PED004228,02/06/2026,CLI00305,Camiseta Dry Fit,Esporte,83.26,1,Campinas/SP/Brasil,Pix,Entregue
TRX0008007,PED004228,2026-06-02,CLI00305,Jaqueta Corta Vento,Moda,"285,65",1,Campinas/SP/Brasil,Pix,Entregue
TRX0008008,PED004229,25/06/2026,CLI00060,Camisa Social Slim,Moda,,2,Sao Paulo/SP/Brasil,Cartao de Debito,Entregue
TRX0008009,PED004229,25-06-2026,CLI00060,Calca Jeans Reta,moda,200.87,1,Sao Paulo/SP/Brasil,Cartao de Debito,Entregue
TRX0008010,PED004229,2026-06-25,CLI00060,Jaqueta Corta Vento,Moda,"R$ 264,21",2,Sao Paulo/SP/Brasil,Cartao de Debito,Entregue
TRX0008011,PED004229,25/06/2026,CLI00060,Hub USB-C,Acessorios,"128,82",1,Sao Paulo/SP/Brasil,Cartao de Debito,Entregue
TRX0008012,PED004230,2026-06-24,CLI00547,Headset Gamer,Acessorios,"262,88",1,Sao Paulo/SP/Brasil,Pix,Entregue
TRX0008013,PED004231,2026-06-20,CLI00685,Livro Dados em Acao,Livros,85.11,3,Curitiba/PR/Brasil,Pix,Cancelado
TRX0008014,PED004232,14/06/2026,CLI00043,Aspirador Robo,Casa,"R$ 1.548,18",1,Rio de Janeiro/RJ/Brasil,Pix,Entregue
TRX0008015,PED004232,2026-06-14,CLI00043,Hub USB-C,ACESSORIOS,"R$ 132,93",1,Rio de Janeiro/RJ/Brasil,Pix,Entregue
TRX0008016,PED004232,2026-06-14,CLI00043,Smartphone X200,Eletrônicos,"R$ 2.106,85",1,Rio de Janeiro/RJ/Brasil,Pix,Entregue
TRX0008017,PED004232,2026-06-14,CLI00043,Jaqueta Corta Vento,Moda,260.73,1,Rio de Janeiro/RJ/Brasil,Pix,Entregue
TRX0008018,PED004232,14/06/2026,CLI00043,Luminaria de Mesa,Casa,132.53,1,Rio de Janeiro/RJ/Brasil,Pix,Entregue
TRX0008019,PED004233,2026-06-10,CLI00043,Liquidificador Potente,Casa,"R$ 222,86",1,Rio de Janeiro/RJ/Brasil,Cartao de Credito,Enviado
TRX0008020,PED004234,28-06-2026,CLI00151,Halteres 10kg,Esporte,"R$ 180,70",1,Sao Paulo/SP/Brasil,Cartao de Debito,Enviado
TRX0008021,PED004234,2026-06-28,CLI00151,Aspirador Robo,Casa,"1.565,22",1,Sao Paulo/SP/Brasil,Cartao de Debito,Enviado
TRX0008022,PED004235,02-06-2026,CLI00298,Hub USB-C,ACESSORIOS,"129,23",1,Campinas/SP/Brasil,Cartao de Debito,Entregue
TRX0008023,PED004235,02/06/2026,CLI00298,Livro Historia do Brasil,Livros,"74,16",1,Campinas/SP/Brasil,Cartao de Debito,Entregue
TRX0008024,PED004235,02/06/2026,CLI00298,Notebook Gamer,Eletronicos,"5.047,63",1,Campinas/SP/Brasil,Cartao de Debito,Entregue
TRX0008025,PED004235,2026-06-02,CLI00298,Smartphone X200,Eletronicos,2256.41,1,Campinas/SP/Brasil,Cartao de Debito,Entregue
TRX0008026,PED004235,2026-06-02,CLI00298,Vestido Midi,Moda,"220,52",2,Campinas/SP/Brasil,Cartao de Debito,Entregue
TRX0008027,PED004236,2026-06-21,CLI00519,Livro SQL Essencial,Livros,"R$ 76,06",1,Brasilia/DF/Brasil,Boleto,Em analise
TRX0008028,PED004237,09/06/2026,CLI00451,Camisa Social Slim,Moda,"R$ 162,30",1,Curitiba/PR/Brasil,Cartao de Credito,Processando
TRX0008029,PED004237,09/06/2026,CLI00451,Carregador Turbo,acessorios,100.77,1,Curitiba/PR/Brasil,Cartao de Credito,Processando
TRX0008030,PED004238,2026-06-09,CLI00278,Jogo de Panelas,Casa,414.04,1,Rio de Janeiro/RJ/Brasil,Pix,Entregue
TRX0008031,PED004238,2026-06-09,CLI00278,Mouse Sem Fio,Acessorios,"R$ 94,41",3,Rio de Janeiro/RJ/Brasil,Pix,Entregue
TRX0008032,PED004238,2026-06-09,CLI00278,Tapete de Yoga,Esporte,"R$ 159,61",3,Rio de Janeiro/RJ/Brasil,Pix,Entregue
TRX0008033,PED004239,30/06/2026,CLI00209,Luminaria de Mesa,Casa,"R$ 136,00",1,Belo Horizonte/MG/Brasil,Pix,Entregue
TRX0008034,PED004239,2026-06-30,CLI00209,Garrafa Termica,Esporte,121.00,3,Belo Horizonte/MG/Brasil,Pix,Entregue
TRX0008035,PED004240,,CLI00619,Tenis Corrida Leve,Esporte,"R$ 350,96",2,Brasilia/DF/Brasil,Pix,Entregue
TRX0008036,PED004241,22/06/2026,CLI00130,Liquidificador Potente,Casa,"R$ 231,63",1,Sao Paulo/SP/Brasil,Pix,Entregue
TRX0008037,PED004241,2026-06-22,CLI00130,Calca Jeans Reta,Moda,197.31,1,Sao Paulo/SP/Brasil,Pix,Entregue
TRX0008038,PED004242,03-06-2026,CLI00674,Capa para Smartphone,Acessorios,50.37,1,Salvador/BA/Brasil,Cartao de Credito,Entregue
TRX0008039,PED004242,2026-06-03,CLI00674,Livro SQL Essencial,Livros,"84,58",1,Salvador/BA/Brasil,Cartao de Credito,Entregue
TRX0008040,PED004243,20/06/2026,CLI00429,Notebook Ultrafino,Eletronicos,"3.711,32",2,Rio de Janeiro/RJ/Brasil,Cartao de Credito,Entregue
TRX0008041,PED004244,17-06-2026,CLI00252,Teclado Mecanico,Acessorios,374.19,1,Sao Paulo/SP/Brasil,Cartao de Credito,Entregue
TRX0008042,PED004244,2026-06-17,CLI00252,Notebook Ultrafino,Eletronicos,3488.39,1,Sao Paulo/SP/Brasil,Cartao de Credito,Entregue
TRX0008043,PED004245,2026-06-08,CLI00551,Livro SQL Essencial,livros,77.91,3,Belo Horizonte/MG/Brasil,Cartao de Credito,Entregue
TRX0008044,PED004246,30/06/2026,CLI00160,Calca Jeans Reta,Moda,203.32,1,Brasilia/DF/Brasil,Pix,Cancelado
TRX0008045,PED004247,09/06/2026,CLI00682,Halteres 10kg,Esporte,"186,35",1,Santos/SP/Brasil,Cartao de Credito,Entregue
TRX0008046,PED004247,09/06/2026,CLI00682,Notebook Gamer,Eletronicos,"R$ 5.223,19",1,Santos/SP/Brasil,Cartao de Credito,Entregue
TRX0008047,PED004247,09-06-2026,CLI00682,Notebook Ultrafino,Eletronicos,"3.461,00",3,Santos/SP/Brasil,Cartao de Credito,Entregue
TRX0008048,PED004248,01/06/2026,CLI00090,Mochila para Notebook,Acessorios,"191,77",1,Rio de Janeiro/RJ/Brasil,Pix,Entregue
TRX0008049,PED004249,28/06/2026,CLI00160,Smart TV 50,Eletronicos,2562.01,2,Brasilia/DF/Brasil,Cartao de Credito,Entregue
TRX0008050,PED004249,2026-06-28,CLI00160,Livro SQL Essencial,Livros,"84,17",1,Brasilia/DF/Brasil,Cartao de Credito,Entregue
TRX0008051,PED004249,2026-06-28,CLI00160,Cafeteira Eletrica,Casa,"289,61",2,Brasilia/DF/Brasil,Cartao de Credito,Entregue
TRX0008052,PED004250,11-06-2026,CLI00684,Teclado Mecanico,Acessorios,"R$ 359,96",1,Sao Paulo/SP/Brasil,Boleto,Entregue
TRX0008053,PED004250,11/06/2026,CLI00684,Notebook Gamer,Eletronicos,4969.37,1,Sao Paulo/SP/Brasil,Boleto,Entregue
TRX0008054,PED004251,25/06/2026,CLI00582,Livro SQL Essencial,Livros,"76,54",3,Belo Horizonte/MG/Brasil,Pix,Enviado
TRX0008055,PED004252,2026-06-28,CLI00219,Livro SQL Essencial,Livros,"R$ 81,49",1,Sao Paulo/SP/Brasil,Pix,Entregue
TRX0008056,PED004252,2026-06-28,CLI00219,Jaqueta Corta Vento,Moda,"R$ 276,64",1,Sao Paulo/SP/Brasil,Pix,Entregue
TRX0008057,PED004252,28-06-2026,CLI00219,Liquidificador Potente,Casa,"R$ 221,31",1,Sao Paulo/SP/Brasil,Pix,Entregue
TRX0008058,PED004253,11/06/2026,CLI00253,Vestido Midi,Moda,"R$ 211,87",1,Brasilia/DF/Brasil,Cartao de Credito,Entregue
TRX0008059,PED004253,11/06/2026,CLI00253,Aspirador Robo,Casa,"R$ 1.705,36",3,Brasilia/DF/Brasil,Cartao de Credito,Entregue
TRX0008060,PED004254,2026-06-17,CLI00472,Camisa Social Slim,Moda,"R$ 153,94",2,Recife/PE/Brasil,Boleto,Entregue
TRX0003605,PED001916,07-06-2025,CLI00126,Cafeteira Eletrica,Casa,"R$ 306,60",1,Curitiba/PR/Brasil,Cartao de Debito,Entregue
TRX0008061,PED004254,17-06-2026,CLI00472,Mochila para Notebook,Acessorios,182.14,1,Recife/PE/Brasil,Boleto,Entregue
TRX0008062,PED004254,17/06/2026,CLI00472,Mouse Sem Fio,Acessorios,91.14,2,Recife/PE/Brasil,Boleto,Entregue
TRX0008063,PED004254,17/06/2026,CLI00472,Tablet 10,eletronicos,"1.236,42",1,Recife/PE/Brasil,Boleto,Entregue
TRX0008064,PED004255,2026-06-08,CLI00030,Livro SQL Essencial,Livros,75.23,1,Sao Paulo/SP/Brasil,Cartao de Debito,Entregue
TRX0008065,PED004255,2026-06-08,CLI00030,Smartphone X200,Eletronicos,"2.135,97",2,Sao Paulo/SP/Brasil,Cartao de Debito,Entregue
TRX0008066,PED004256,2026-06-19,CLI00537,Camisa Social Slim,Moda,"159,49",1,Uberlandia/MG/Brasil,Cartao de Credito,ENTREGUE
TRX0008067,PED004257,2026-06-05,CLI00253,Tablet 10,Eletronicos,"R$ 1.316,40",3,Brasilia/DF/Brasil,Boleto,Cancelado
TRX0008068,PED004258,2026-06-01,CLI00636,Livro SQL Essencial,Livros,"75,06",1,Sao Paulo/SP/Brasil,Boleto,Entregue
TRX0008069,PED004259,03-06-2026,CLI00385,Camisa Social Slim,Moda,"R$ 151,89",1,Belo Horizonte/MG/Brasil,Cartao de Credito,Entregue
TRX0008070,PED004259,03/06/2026,CLI00385,Notebook Ultrafino,Eletrônicos,"R$ 3.636,84",1,Belo Horizonte/MG/Brasil,Cartao de Credito,Entregue
TRX0008071,PED004259,2026-06-03,CLI00385,Jogo de Panelas,casa,"R$ 391,47",1,Belo Horizonte/MG/Brasil,Cartao de Credito,Entregue
TRX0001616,PED000856,2024-12-30,CLI00133,Mochila para Notebook,Acessorios,"188,26",1,Sao Paulo/SP/Brasil,Pix,Entregue
TRX0008072,PED004260,2026-06-14,CLI00265,Jaqueta Corta Vento,Moda,262.04,1,Campinas/SP/Brasil,Boleto,Entregue
TRX0008073,PED004260,2026-06-14,CLI00265,Headset Gamer,Acessorios,278.85,2,Campinas/SP/Brasil,Boleto,Entregue
TRX0008074,PED004260,2026-06-14,CLI00265,Aspirador Robo,Casa,1606.85,1,Campinas/SP/Brasil,Boleto,Entregue
TRX0008075,PED004261,05/06/2026,CLI00562,Camiseta Dry Fit,Esporte,81.81,1,Florianopolis/SC/Brasil,Cartao de Credito,Entregue
TRX0008076,PED004262,2026-06-14,CLI00106,Capa para Smartphone,acessorios,53.27,1,Uberlandia/MG/Brasil,Pix,Entregue
TRX0008077,PED004262,2026-06-14,CLI00106,Garrafa Termica,Esporte,116.23,1,Uberlandia/MG/Brasil,Pix,Entregue
TRX0008078,PED004263,30/06/2026,CLI00550,Liquidificador Potente,Casa,"233,12",2,Campinas/SP/Brasil,Pix,Entregue
TRX0008079,PED004264,2026-06-19,CLI00482,Mochila para Notebook,acessorios,187.79,1,Fortaleza/CE/Brasil,Boleto,Entregue
TRX0008080,PED004265,2025-13-07,CLI00305,Headset Gamer,Acessorios,250.01,3,Campinas/SP/Brasil,Cartao de Credito,Entregue
TRX0008081,PED004265,08-06-2026,CLI00305,Monitor 27,Eletronicos,"R$ 1.106,19",1,Campinas/SP/Brasil,Cartao de Credito,Entregue
TRX0008082,PED004266,2026-06-30,CLI00054,Carregador Turbo,Acessorios,"R$ 99,69",1,Belo Horizonte/MG/Brasil,Pix,Entregue
TRX0008083,PED004266,2026-06-30,CLI00054,Hub USB-C,Acessorios,134.26,1,Belo Horizonte/MG/Brasil,Pix,Entregue
TRX0008084,PED004266,2026-06-30,CLI00054,Luminaria de Mesa,Casa,"135,19",1,Belo Horizonte/MG/Brasil,Pix,Entregue
TRX0008085,PED004267,2026-06-16,CLI00030,Teclado Mecanico,Acessorios,352.45,2,Sao Paulo/SP/Brasil,Boleto,Enviado
TRX0008086,PED004267,16/06/2026,CLI00030,Notebook Ultrafino,Eletronicos,"3.325,53",1,Sao Paulo/SP/Brasil,Boleto,Enviado
TRX0008087,PED004267,16/06/2026,CLI00030,Cafeteira Eletrica,Casa,"R$ 295,96",1,Sao Paulo/SP/Brasil,Boleto,Enviado
TRX0008088,PED004268,23/06/2026,CLI00537,Luminaria de Mesa,CASA,"139,90",1,Uberlandia/MG/Brasil,Pix,ENTREGUE
